dish_id,restaurant_id,restaurant_name,dish_name,cuisine,price,spice_level,dietary,rating,city,delivery_time_min,description
1,1,Royal Bites #1,Grilled French Fries,Fast Food,299,medium,non-veg,4.4,Delhi,52,"Grilled French Fries - a medium fast food dish, non-veg, priced at Rs.299. Served at Royal Bites #1 in Delhi, rated 4.4 stars."
2,1,Royal Bites #1,Tangy Curd Rice,South Indian,349,mild,jain,4.4,Delhi,52,"Tangy Curd Rice - a mild south indian dish, jain, priced at Rs.349. Served at Royal Bites #1 in Delhi, rated 4.4 stars."
3,1,Royal Bites #1,Fiery Paneer Tikka,North Indian,199,very spicy,non-veg,4.4,Delhi,52,"Fiery Paneer Tikka - a very spicy north indian dish, non-veg, priced at Rs.199. Served at Royal Bites #1 in Delhi, rated 4.4 stars."
4,1,Royal Bites #1,Loaded French Fries,Fast Food,349,medium,vegan,4.4,Delhi,52,"Loaded French Fries - a medium fast food dish, vegan, priced at Rs.349. Served at Royal Bites #1 in Delhi, rated 4.4 stars."
5,2,The Bites #2,Loaded Pav Bhaji,Street Food,299,very spicy,non-veg,4.0,Delhi,50,"Loaded Pav Bhaji - a very spicy street food dish, non-veg, priced at Rs.299. Served at The Bites #2 in Delhi, rated 4.0 stars."
6,2,The Bites #2,Tangy Rogan Josh,North Indian,199,mild,jain,4.0,Delhi,50,"Tangy Rogan Josh - a mild north indian dish, jain, priced at Rs.199. Served at The Bites #2 in Delhi, rated 4.0 stars."
7,2,The Bites #2,Creamy Kathi Roll,Street Food,399,mild,vegan,4.0,Delhi,50,"Creamy Kathi Roll - a mild street food dish, vegan, priced at Rs.399. Served at The Bites #2 in Delhi, rated 4.0 stars."
8,2,The Bites #2,Loaded Paneer Tikka,North Indian,349,medium,jain,4.0,Delhi,50,"Loaded Paneer Tikka - a medium north indian dish, jain, priced at Rs.349. Served at The Bites #2 in Delhi, rated 4.0 stars."
9,3,Grand Table #3,Fiery Grilled Tofu Bowl,Healthy Food,249,mild,jain,3.8,Pune,52,"Fiery Grilled Tofu Bowl - a mild healthy food dish, jain, priced at Rs.249. Served at Grand Table #3 in Pune, rated 3.8 stars."
10,3,Grand Table #3,Cheesy Oats Bowl,Healthy Food,249,medium,jain,3.8,Pune,52,"Cheesy Oats Bowl - a medium healthy food dish, jain, priced at Rs.249. Served at Grand Table #3 in Pune, rated 3.8 stars."
11,3,Grand Table #3,Crispy Sprout Salad,Healthy Food,99,spicy,veg,3.8,Pune,52,"Crispy Sprout Salad - a spicy healthy food dish, veg, priced at Rs.99. Served at Grand Table #3 in Pune, rated 3.8 stars."
12,3,Grand Table #3,Tangy Grilled Tofu Bowl,Healthy Food,99,spicy,jain,3.8,Pune,52,"Tangy Grilled Tofu Bowl - a spicy healthy food dish, jain, priced at Rs.99. Served at Grand Table #3 in Pune, rated 3.8 stars."
13,4,Royal Table #4,Fiery Pav Bhaji,Street Food,99,mild,veg,3.6,Hyderabad,28,"Fiery Pav Bhaji - a mild street food dish, veg, priced at Rs.99. Served at Royal Table #4 in Hyderabad, rated 3.6 stars."
14,4,Royal Table #4,Tangy Paneer Tikka,North Indian,399,very spicy,veg,3.6,Hyderabad,28,"Tangy Paneer Tikka - a very spicy north indian dish, veg, priced at Rs.399. Served at Royal Table #4 in Hyderabad, rated 3.6 stars."
15,4,Royal Table #4,Loaded Paneer Tikka,North Indian,129,mild,non-veg,3.6,Hyderabad,28,"Loaded Paneer Tikka - a mild north indian dish, non-veg, priced at Rs.129. Served at Royal Table #4 in Hyderabad, rated 3.6 stars."
16,4,Royal Table #4,Fiery Rogan Josh,North Indian,129,mild,jain,3.6,Hyderabad,28,"Fiery Rogan Josh - a mild north indian dish, jain, priced at Rs.129. Served at Royal Table #4 in Hyderabad, rated 3.6 stars."
17,5,Urban Kitchen #5,Grilled Curd Rice,South Indian,179,medium,vegan,4.6,Bangalore,17,"Grilled Curd Rice - a medium south indian dish, vegan, priced at Rs.179. Served at Urban Kitchen #5 in Bangalore, rated 4.6 stars."
18,5,Urban Kitchen #5,Grilled Pani Puri,Street Food,249,medium,jain,4.6,Bangalore,17,"Grilled Pani Puri - a medium street food dish, jain, priced at Rs.249. Served at Urban Kitchen #5 in Bangalore, rated 4.6 stars."
19,5,Urban Kitchen #5,Cheesy Masala Dosa,South Indian,249,mild,veg,4.6,Bangalore,17,"Cheesy Masala Dosa - a mild south indian dish, veg, priced at Rs.249. Served at Urban Kitchen #5 in Bangalore, rated 4.6 stars."
20,5,Urban Kitchen #5,Spicy Pav Bhaji,Street Food,299,spicy,vegan,4.6,Bangalore,17,"Spicy Pav Bhaji - a spicy street food dish, vegan, priced at Rs.299. Served at Urban Kitchen #5 in Bangalore, rated 4.6 stars."
21,6,Urban Kitchen #6,Classic Masala Dosa,South Indian,129,spicy,non-veg,3.6,Pune,51,"Classic Masala Dosa - a spicy south indian dish, non-veg, priced at Rs.129. Served at Urban Kitchen #6 in Pune, rated 3.6 stars."
22,6,Urban Kitchen #6,Grilled Masala Dosa,South Indian,249,medium,veg,3.6,Pune,51,"Grilled Masala Dosa - a medium south indian dish, veg, priced at Rs.249. Served at Urban Kitchen #6 in Pune, rated 3.6 stars."
23,6,Urban Kitchen #6,Classic Soup,Continental,149,very spicy,jain,3.6,Pune,51,"Classic Soup - a very spicy continental dish, jain, priced at Rs.149. Served at Urban Kitchen #6 in Pune, rated 3.6 stars."
24,6,Urban Kitchen #6,Tangy Idli Sambar,South Indian,129,very spicy,veg,3.6,Pune,51,"Tangy Idli Sambar - a very spicy south indian dish, veg, priced at Rs.129. Served at Urban Kitchen #6 in Pune, rated 3.6 stars."
25,7,The Kitchen #7,Spicy Grilled Tofu Bowl,Healthy Food,179,mild,vegan,3.4,Jamshedpur,20,"Spicy Grilled Tofu Bowl - a mild healthy food dish, vegan, priced at Rs.179. Served at The Kitchen #7 in Jamshedpur, rated 3.4 stars."
26,7,The Kitchen #7,Homestyle Smoothie Bowl,Healthy Food,399,very spicy,vegan,3.4,Jamshedpur,20,"Homestyle Smoothie Bowl - a very spicy healthy food dish, vegan, priced at Rs.399. Served at The Kitchen #7 in Jamshedpur, rated 3.4 stars."
27,7,The Kitchen #7,Loaded Grilled Tofu Bowl,Healthy Food,249,mild,vegan,3.4,Jamshedpur,20,"Loaded Grilled Tofu Bowl - a mild healthy food dish, vegan, priced at Rs.249. Served at The Kitchen #7 in Jamshedpur, rated 3.4 stars."
28,7,The Kitchen #7,Classic Quinoa Salad,Healthy Food,299,very spicy,jain,3.4,Jamshedpur,20,"Classic Quinoa Salad - a very spicy healthy food dish, jain, priced at Rs.299. Served at The Kitchen #7 in Jamshedpur, rated 3.4 stars."
29,8,Urban House #8,Tangy Uttapam,South Indian,349,very spicy,vegan,4.2,Hyderabad,25,"Tangy Uttapam - a very spicy south indian dish, vegan, priced at Rs.349. Served at Urban House #8 in Hyderabad, rated 4.2 stars."
30,8,Urban House #8,Roasted Masala Dosa,South Indian,299,mild,jain,4.2,Hyderabad,25,"Roasted Masala Dosa - a mild south indian dish, jain, priced at Rs.299. Served at Urban House #8 in Hyderabad, rated 4.2 stars."
31,8,Urban House #8,Loaded Curd Rice,South Indian,249,mild,veg,4.2,Hyderabad,25,"Loaded Curd Rice - a mild south indian dish, veg, priced at Rs.249. Served at Urban House #8 in Hyderabad, rated 4.2 stars."
32,8,Urban House #8,Loaded Uttapam,South Indian,349,very spicy,non-veg,4.2,Hyderabad,25,"Loaded Uttapam - a very spicy south indian dish, non-veg, priced at Rs.349. Served at Urban House #8 in Hyderabad, rated 4.2 stars."
33,9,Grand House #9,Fiery Lasagna,Italian,99,spicy,jain,4.8,Jamshedpur,53,"Fiery Lasagna - a spicy italian dish, jain, priced at Rs.99. Served at Grand House #9 in Jamshedpur, rated 4.8 stars."
34,9,Grand House #9,Creamy Margherita Pizza,Italian,299,spicy,non-veg,4.8,Jamshedpur,53,"Creamy Margherita Pizza - a spicy italian dish, non-veg, priced at Rs.299. Served at Grand House #9 in Jamshedpur, rated 4.8 stars."
35,9,Grand House #9,Grilled Mutton Biryani,Biryani,349,mild,non-veg,4.8,Jamshedpur,53,"Grilled Mutton Biryani - a mild biryani dish, non-veg, priced at Rs.349. Served at Grand House #9 in Jamshedpur, rated 4.8 stars."
36,9,Grand House #9,Steamed Mutton Biryani,Biryani,249,spicy,jain,4.8,Jamshedpur,53,"Steamed Mutton Biryani - a spicy biryani dish, jain, priced at Rs.249. Served at Grand House #9 in Jamshedpur, rated 4.8 stars."
37,10,Royal Corner #10,Grilled Margherita Pizza,Italian,149,very spicy,vegan,3.5,Hyderabad,35,"Grilled Margherita Pizza - a very spicy italian dish, vegan, priced at Rs.149. Served at Royal Corner #10 in Hyderabad, rated 3.5 stars."
38,10,Royal Corner #10,Creamy Sandwich,Continental,149,spicy,jain,3.5,Hyderabad,35,"Creamy Sandwich - a spicy continental dish, jain, priced at Rs.149. Served at Royal Corner #10 in Hyderabad, rated 3.5 stars."
39,10,Royal Corner #10,Crispy Steak,Continental,129,mild,non-veg,3.5,Hyderabad,35,"Crispy Steak - a mild continental dish, non-veg, priced at Rs.129. Served at Royal Corner #10 in Hyderabad, rated 3.5 stars."
40,10,Royal Corner #10,Homestyle Soup,Continental,399,mild,vegan,3.5,Hyderabad,35,"Homestyle Soup - a mild continental dish, vegan, priced at Rs.399. Served at Royal Corner #10 in Hyderabad, rated 3.5 stars."
41,11,The House #11,Crispy Garlic Bread,Italian,199,very spicy,non-veg,3.5,Hyderabad,51,"Crispy Garlic Bread - a very spicy italian dish, non-veg, priced at Rs.199. Served at The House #11 in Hyderabad, rated 3.5 stars."
42,11,The House #11,Creamy Pasta Alfredo,Italian,349,medium,jain,3.5,Hyderabad,51,"Creamy Pasta Alfredo - a medium italian dish, jain, priced at Rs.349. Served at The House #11 in Hyderabad, rated 3.5 stars."
43,11,The House #11,Steamed Lasagna,Italian,249,mild,vegan,3.5,Hyderabad,51,"Steamed Lasagna - a mild italian dish, vegan, priced at Rs.249. Served at The House #11 in Hyderabad, rated 3.5 stars."
44,11,The House #11,Roasted Pasta Alfredo,Italian,149,spicy,non-veg,3.5,Hyderabad,51,"Roasted Pasta Alfredo - a spicy italian dish, non-veg, priced at Rs.149. Served at The House #11 in Hyderabad, rated 3.5 stars."
45,12,Urban Corner #12,Tangy Mutton Biryani,Biryani,179,very spicy,veg,3.9,Jamshedpur,23,"Tangy Mutton Biryani - a very spicy biryani dish, veg, priced at Rs.179. Served at Urban Corner #12 in Jamshedpur, rated 3.9 stars."
46,12,Urban Corner #12,Grilled Risotto,Italian,249,very spicy,non-veg,3.9,Jamshedpur,23,"Grilled Risotto - a very spicy italian dish, non-veg, priced at Rs.249. Served at Urban Corner #12 in Jamshedpur, rated 3.9 stars."
47,12,Urban Corner #12,Creamy Croissant,Bakery,199,very spicy,jain,3.9,Jamshedpur,23,"Creamy Croissant - a very spicy bakery dish, jain, priced at Rs.199. Served at Urban Corner #12 in Jamshedpur, rated 3.9 stars."
48,12,Urban Corner #12,Homestyle Bagel,Bakery,129,medium,vegan,3.9,Jamshedpur,23,"Homestyle Bagel - a medium bakery dish, vegan, priced at Rs.129. Served at Urban Corner #12 in Jamshedpur, rated 3.9 stars."
49,13,Cafe Junction #13,Fiery Oats Bowl,Healthy Food,399,spicy,non-veg,4.4,Bangalore,52,"Fiery Oats Bowl - a spicy healthy food dish, non-veg, priced at Rs.399. Served at Cafe Junction #13 in Bangalore, rated 4.4 stars."
50,13,Cafe Junction #13,Homestyle Grilled Tofu Bowl,Healthy Food,399,mild,veg,4.4,Bangalore,52,"Homestyle Grilled Tofu Bowl - a mild healthy food dish, veg, priced at Rs.399. Served at Cafe Junction #13 in Bangalore, rated 4.4 stars."
51,13,Cafe Junction #13,Tangy Sprout Salad,Healthy Food,149,spicy,non-veg,4.4,Bangalore,52,"Tangy Sprout Salad - a spicy healthy food dish, non-veg, priced at Rs.149. Served at Cafe Junction #13 in Bangalore, rated 4.4 stars."
52,13,Cafe Junction #13,Loaded Smoothie Bowl,Healthy Food,129,spicy,non-veg,4.4,Bangalore,52,"Loaded Smoothie Bowl - a spicy healthy food dish, non-veg, priced at Rs.129. Served at Cafe Junction #13 in Bangalore, rated 4.4 stars."
53,14,Royal Junction #14,Steamed Pasta Alfredo,Italian,199,mild,non-veg,3.2,Hyderabad,22,"Steamed Pasta Alfredo - a mild italian dish, non-veg, priced at Rs.199. Served at Royal Junction #14 in Hyderabad, rated 3.2 stars."
54,14,Royal Junction #14,Steamed Mutton Biryani,Biryani,249,mild,veg,3.2,Hyderabad,22,"Steamed Mutton Biryani - a mild biryani dish, veg, priced at Rs.249. Served at Royal Junction #14 in Hyderabad, rated 3.2 stars."
55,14,Royal Junction #14,Steamed Chicken Biryani,Biryani,199,medium,jain,3.2,Hyderabad,22,"Steamed Chicken Biryani - a medium biryani dish, jain, priced at Rs.199. Served at Royal Junction #14 in Hyderabad, rated 3.2 stars."
56,14,Royal Junction #14,Steamed Egg Biryani,Biryani,399,spicy,vegan,3.2,Hyderabad,22,"Steamed Egg Biryani - a spicy biryani dish, vegan, priced at Rs.399. Served at Royal Junction #14 in Hyderabad, rated 3.2 stars."
57,15,Royal Table #15,Steamed Muffin,Bakery,299,spicy,jain,4.1,Hyderabad,39,"Steamed Muffin - a spicy bakery dish, jain, priced at Rs.299. Served at Royal Table #15 in Hyderabad, rated 4.1 stars."
58,15,Royal Table #15,Tangy Croissant,Bakery,349,very spicy,jain,4.1,Hyderabad,39,"Tangy Croissant - a very spicy bakery dish, jain, priced at Rs.349. Served at Royal Table #15 in Hyderabad, rated 4.1 stars."
59,15,Royal Table #15,Classic Muffin,Bakery,149,spicy,vegan,4.1,Hyderabad,39,"Classic Muffin - a spicy bakery dish, vegan, priced at Rs.149. Served at Royal Table #15 in Hyderabad, rated 4.1 stars."
60,15,Royal Table #15,Tangy Bagel,Bakery,249,mild,vegan,4.1,Hyderabad,39,"Tangy Bagel - a mild bakery dish, vegan, priced at Rs.249. Served at Royal Table #15 in Hyderabad, rated 4.1 stars."
61,16,Cafe Kitchen #16,Creamy Milkshake,Beverages,199,very spicy,non-veg,4.4,Jamshedpur,36,"Creamy Milkshake - a very spicy beverages dish, non-veg, priced at Rs.199. Served at Cafe Kitchen #16 in Jamshedpur, rated 4.4 stars."
62,16,Cafe Kitchen #16,Spicy Mango Lassi,Beverages,199,very spicy,jain,4.4,Jamshedpur,36,"Spicy Mango Lassi - a very spicy beverages dish, jain, priced at Rs.199. Served at Cafe Kitchen #16 in Jamshedpur, rated 4.4 stars."
63,16,Cafe Kitchen #16,Classic Cold Coffee,Beverages,249,medium,non-veg,4.4,Jamshedpur,36,"Classic Cold Coffee - a medium beverages dish, non-veg, priced at Rs.249. Served at Cafe Kitchen #16 in Jamshedpur, rated 4.4 stars."
64,16,Cafe Kitchen #16,Fiery Soup,Continental,349,spicy,jain,4.4,Jamshedpur,36,"Fiery Soup - a spicy continental dish, jain, priced at Rs.349. Served at Cafe Kitchen #16 in Jamshedpur, rated 4.4 stars."
65,17,Urban Bites #17,Homestyle Cheese Burger,Fast Food,399,very spicy,non-veg,3.0,Hyderabad,47,"Homestyle Cheese Burger - a very spicy fast food dish, non-veg, priced at Rs.399. Served at Urban Bites #17 in Hyderabad, rated 3.0 stars."
66,17,Urban Bites #17,Classic Hot Dog,Fast Food,99,mild,vegan,3.0,Hyderabad,47,"Classic Hot Dog - a mild fast food dish, vegan, priced at Rs.99. Served at Urban Bites #17 in Hyderabad, rated 3.0 stars."
67,17,Urban Bites #17,Steamed Hot Dog,Fast Food,349,spicy,veg,3.0,Hyderabad,47,"Steamed Hot Dog - a spicy fast food dish, veg, priced at Rs.349. Served at Urban Bites #17 in Hyderabad, rated 3.0 stars."
68,17,Urban Bites #17,Tangy Nuggets,Fast Food,199,spicy,jain,3.0,Hyderabad,47,"Tangy Nuggets - a spicy fast food dish, jain, priced at Rs.199. Served at Urban Bites #17 in Hyderabad, rated 3.0 stars."
69,18,The Table #18,Homestyle Grilled Chicken,Continental,99,medium,vegan,4.6,Bangalore,24,"Homestyle Grilled Chicken - a medium continental dish, vegan, priced at Rs.99. Served at The Table #18 in Bangalore, rated 4.6 stars."
70,18,The Table #18,Homestyle Grilled Chicken,Continental,399,very spicy,vegan,4.6,Bangalore,24,"Homestyle Grilled Chicken - a very spicy continental dish, vegan, priced at Rs.399. Served at The Table #18 in Bangalore, rated 4.6 stars."
71,18,The Table #18,Creamy Caesar Salad,Continental,299,spicy,vegan,4.6,Bangalore,24,"Creamy Caesar Salad - a spicy continental dish, vegan, priced at Rs.299. Served at The Table #18 in Bangalore, rated 4.6 stars."
72,18,The Table #18,Crispy Caesar Salad,Continental,399,very spicy,veg,4.6,Bangalore,24,"Crispy Caesar Salad - a very spicy continental dish, veg, priced at Rs.399. Served at The Table #18 in Bangalore, rated 4.6 stars."
73,19,Cafe Junction #19,Tangy Pani Puri,Street Food,249,very spicy,jain,4.1,Mumbai,16,"Tangy Pani Puri - a very spicy street food dish, jain, priced at Rs.249. Served at Cafe Junction #19 in Mumbai, rated 4.1 stars."
74,19,Cafe Junction #19,Cheesy Kathi Roll,Street Food,149,spicy,vegan,4.1,Mumbai,16,"Cheesy Kathi Roll - a spicy street food dish, vegan, priced at Rs.149. Served at Cafe Junction #19 in Mumbai, rated 4.1 stars."
75,19,Cafe Junction #19,Grilled Pav Bhaji,Street Food,199,spicy,jain,4.1,Mumbai,16,"Grilled Pav Bhaji - a spicy street food dish, jain, priced at Rs.199. Served at Cafe Junction #19 in Mumbai, rated 4.1 stars."
76,19,Cafe Junction #19,Spicy Momos,Chinese,249,spicy,veg,4.1,Mumbai,16,"Spicy Momos - a spicy chinese dish, veg, priced at Rs.249. Served at Cafe Junction #19 in Mumbai, rated 4.1 stars."
77,20,Spice Bites #20,Loaded Prawn Biryani,Biryani,99,very spicy,vegan,3.5,Mumbai,20,"Loaded Prawn Biryani - a very spicy biryani dish, vegan, priced at Rs.99. Served at Spice Bites #20 in Mumbai, rated 3.5 stars."
78,20,Spice Bites #20,Grilled Chicken Biryani,Biryani,349,medium,jain,3.5,Mumbai,20,"Grilled Chicken Biryani - a medium biryani dish, jain, priced at Rs.349. Served at Spice Bites #20 in Mumbai, rated 3.5 stars."
79,20,Spice Bites #20,Spicy Mutton Biryani,Biryani,129,medium,veg,3.5,Mumbai,20,"Spicy Mutton Biryani - a medium biryani dish, veg, priced at Rs.129. Served at Spice Bites #20 in Mumbai, rated 3.5 stars."
80,20,Spice Bites #20,Homestyle Veg Biryani,Biryani,149,very spicy,non-veg,3.5,Mumbai,20,"Homestyle Veg Biryani - a very spicy biryani dish, non-veg, priced at Rs.149. Served at Spice Bites #20 in Mumbai, rated 3.5 stars."
81,21,Royal Bites #21,Grilled Curd Rice,South Indian,349,mild,non-veg,3.9,Jamshedpur,31,"Grilled Curd Rice - a mild south indian dish, non-veg, priced at Rs.349. Served at Royal Bites #21 in Jamshedpur, rated 3.9 stars."
82,21,Royal Bites #21,Cheesy Caesar Salad,Continental,249,very spicy,jain,3.9,Jamshedpur,31,"Cheesy Caesar Salad - a very spicy continental dish, jain, priced at Rs.249. Served at Royal Bites #21 in Jamshedpur, rated 3.9 stars."
83,21,Royal Bites #21,Fiery Idli Sambar,South Indian,399,spicy,vegan,3.9,Jamshedpur,31,"Fiery Idli Sambar - a spicy south indian dish, vegan, priced at Rs.399. Served at Royal Bites #21 in Jamshedpur, rated 3.9 stars."
84,21,Royal Bites #21,Grilled Steak,Continental,349,medium,non-veg,3.9,Jamshedpur,31,"Grilled Steak - a medium continental dish, non-veg, priced at Rs.349. Served at Royal Bites #21 in Jamshedpur, rated 3.9 stars."
85,22,Cafe Table #22,Loaded Cheesecake,Desserts,179,spicy,vegan,3.4,Jamshedpur,40,"Loaded Cheesecake - a spicy desserts dish, vegan, priced at Rs.179. Served at Cafe Table #22 in Jamshedpur, rated 3.4 stars."
86,22,Cafe Table #22,Roasted Pasta Alfredo,Italian,349,spicy,jain,3.4,Jamshedpur,40,"Roasted Pasta Alfredo - a spicy italian dish, jain, priced at Rs.349. Served at Cafe Table #22 in Jamshedpur, rated 3.4 stars."
87,22,Cafe Table #22,Roasted Cheesecake,Desserts,199,spicy,veg,3.4,Jamshedpur,40,"Roasted Cheesecake - a spicy desserts dish, veg, priced at Rs.199. Served at Cafe Table #22 in Jamshedpur, rated 3.4 stars."
88,22,Cafe Table #22,Homestyle Risotto,Italian,299,spicy,non-veg,3.4,Jamshedpur,40,"Homestyle Risotto - a spicy italian dish, non-veg, priced at Rs.299. Served at Cafe Table #22 in Jamshedpur, rated 3.4 stars."
89,23,Cafe Corner #23,Loaded Chicken Biryani,Biryani,129,spicy,jain,3.5,Mumbai,36,"Loaded Chicken Biryani - a spicy biryani dish, jain, priced at Rs.129. Served at Cafe Corner #23 in Mumbai, rated 3.5 stars."
90,23,Cafe Corner #23,Roasted Fresh Lime Soda,Beverages,349,medium,non-veg,3.5,Mumbai,36,"Roasted Fresh Lime Soda - a medium beverages dish, non-veg, priced at Rs.349. Served at Cafe Corner #23 in Mumbai, rated 3.5 stars."
91,23,Cafe Corner #23,Cheesy Fresh Lime Soda,Beverages,199,medium,veg,3.5,Mumbai,36,"Cheesy Fresh Lime Soda - a medium beverages dish, veg, priced at Rs.199. Served at Cafe Corner #23 in Mumbai, rated 3.5 stars."
92,23,Cafe Corner #23,Crispy Iced Tea,Beverages,179,mild,non-veg,3.5,Mumbai,36,"Crispy Iced Tea - a mild beverages dish, non-veg, priced at Rs.179. Served at Cafe Corner #23 in Mumbai, rated 3.5 stars."
93,24,Cafe Bites #24,Creamy Tacos,Mexican,299,spicy,jain,3.4,Pune,55,"Creamy Tacos - a spicy mexican dish, jain, priced at Rs.299. Served at Cafe Bites #24 in Pune, rated 3.4 stars."
94,24,Cafe Bites #24,Spicy Burrito Bowl,Mexican,399,medium,jain,3.4,Pune,55,"Spicy Burrito Bowl - a medium mexican dish, jain, priced at Rs.399. Served at Cafe Bites #24 in Pune, rated 3.4 stars."
95,24,Cafe Bites #24,Steamed Quesadilla,Mexican,179,spicy,vegan,3.4,Pune,55,"Steamed Quesadilla - a spicy mexican dish, vegan, priced at Rs.179. Served at Cafe Bites #24 in Pune, rated 3.4 stars."
96,24,Cafe Bites #24,Creamy Tacos,Mexican,179,mild,non-veg,3.4,Pune,55,"Creamy Tacos - a mild mexican dish, non-veg, priced at Rs.179. Served at Cafe Bites #24 in Pune, rated 3.4 stars."
97,25,The Kitchen #25,Spicy Pasta Alfredo,Italian,299,very spicy,non-veg,3.6,Chennai,32,"Spicy Pasta Alfredo - a very spicy italian dish, non-veg, priced at Rs.299. Served at The Kitchen #25 in Chennai, rated 3.6 stars."
98,25,The Kitchen #25,Spicy Margherita Pizza,Italian,199,mild,vegan,3.6,Chennai,32,"Spicy Margherita Pizza - a mild italian dish, vegan, priced at Rs.199. Served at The Kitchen #25 in Chennai, rated 3.6 stars."
99,25,The Kitchen #25,Steamed Garlic Bread,Italian,399,very spicy,non-veg,3.6,Chennai,32,"Steamed Garlic Bread - a very spicy italian dish, non-veg, priced at Rs.399. Served at The Kitchen #25 in Chennai, rated 3.6 stars."
100,25,The Kitchen #25,Crispy Lasagna,Italian,129,spicy,non-veg,3.6,Chennai,32,"Crispy Lasagna - a spicy italian dish, non-veg, priced at Rs.129. Served at The Kitchen #25 in Chennai, rated 3.6 stars."
101,26,Royal Table #26,Steamed Sandwich,Continental,199,medium,veg,4.1,Pune,45,"Steamed Sandwich - a medium continental dish, veg, priced at Rs.199. Served at Royal Table #26 in Pune, rated 4.1 stars."
102,26,Royal Table #26,Loaded Steak,Continental,179,medium,jain,4.1,Pune,45,"Loaded Steak - a medium continental dish, jain, priced at Rs.179. Served at Royal Table #26 in Pune, rated 4.1 stars."
103,26,Royal Table #26,Classic Risotto,Italian,129,very spicy,veg,4.1,Pune,45,"Classic Risotto - a very spicy italian dish, veg, priced at Rs.129. Served at Royal Table #26 in Pune, rated 4.1 stars."
104,26,Royal Table #26,Fiery Cold Coffee,Beverages,249,medium,veg,4.1,Pune,45,"Fiery Cold Coffee - a medium beverages dish, veg, priced at Rs.249. Served at Royal Table #26 in Pune, rated 4.1 stars."
105,27,The Table #27,Crispy Filter Coffee,South Indian,349,spicy,vegan,3.7,Hyderabad,44,"Crispy Filter Coffee - a spicy south indian dish, vegan, priced at Rs.349. Served at The Table #27 in Hyderabad, rated 3.7 stars."
106,27,The Table #27,Roasted Curd Rice,South Indian,99,spicy,vegan,3.7,Hyderabad,44,"Roasted Curd Rice - a spicy south indian dish, vegan, priced at Rs.99. Served at The Table #27 in Hyderabad, rated 3.7 stars."
107,27,The Table #27,Steamed Margherita Pizza,Italian,129,very spicy,vegan,3.7,Hyderabad,44,"Steamed Margherita Pizza - a very spicy italian dish, vegan, priced at Rs.129. Served at The Table #27 in Hyderabad, rated 3.7 stars."
108,27,The Table #27,Steamed Garlic Bread,Italian,399,spicy,veg,3.7,Hyderabad,44,"Steamed Garlic Bread - a spicy italian dish, veg, priced at Rs.399. Served at The Table #27 in Hyderabad, rated 3.7 stars."
109,28,Grand Kitchen #28,Classic Sprout Salad,Healthy Food,179,medium,non-veg,3.8,Mumbai,21,"Classic Sprout Salad - a medium healthy food dish, non-veg, priced at Rs.179. Served at Grand Kitchen #28 in Mumbai, rated 3.8 stars."
110,28,Grand Kitchen #28,Fiery Muffin,Bakery,249,very spicy,jain,3.8,Mumbai,21,"Fiery Muffin - a very spicy bakery dish, jain, priced at Rs.249. Served at Grand Kitchen #28 in Mumbai, rated 3.8 stars."
111,28,Grand Kitchen #28,Crispy Grilled Tofu Bowl,Healthy Food,129,very spicy,vegan,3.8,Mumbai,21,"Crispy Grilled Tofu Bowl - a very spicy healthy food dish, vegan, priced at Rs.129. Served at Grand Kitchen #28 in Mumbai, rated 3.8 stars."
112,28,Grand Kitchen #28,Creamy Rogan Josh,North Indian,99,medium,non-veg,3.8,Mumbai,21,"Creamy Rogan Josh - a medium north indian dish, non-veg, priced at Rs.99. Served at Grand Kitchen #28 in Mumbai, rated 3.8 stars."
113,29,Royal Junction #29,Cheesy Lasagna,Italian,349,mild,non-veg,3.3,Hyderabad,32,"Cheesy Lasagna - a mild italian dish, non-veg, priced at Rs.349. Served at Royal Junction #29 in Hyderabad, rated 3.3 stars."
114,29,Royal Junction #29,Cheesy Margherita Pizza,Italian,349,mild,jain,3.3,Hyderabad,32,"Cheesy Margherita Pizza - a mild italian dish, jain, priced at Rs.349. Served at Royal Junction #29 in Hyderabad, rated 3.3 stars."
115,29,Royal Junction #29,Homestyle Risotto,Italian,349,mild,jain,3.3,Hyderabad,32,"Homestyle Risotto - a mild italian dish, jain, priced at Rs.349. Served at Royal Junction #29 in Hyderabad, rated 3.3 stars."
116,29,Royal Junction #29,Homestyle Margherita Pizza,Italian,199,mild,non-veg,3.3,Hyderabad,32,"Homestyle Margherita Pizza - a mild italian dish, non-veg, priced at Rs.199. Served at Royal Junction #29 in Hyderabad, rated 3.3 stars."
117,30,Urban Junction #30,Homestyle Margherita Pizza,Italian,249,mild,veg,3.1,Mumbai,20,"Homestyle Margherita Pizza - a mild italian dish, veg, priced at Rs.249. Served at Urban Junction #30 in Mumbai, rated 3.1 stars."
118,30,Urban Junction #30,Spicy Garlic Bread,Italian,199,very spicy,non-veg,3.1,Mumbai,20,"Spicy Garlic Bread - a very spicy italian dish, non-veg, priced at Rs.199. Served at Urban Junction #30 in Mumbai, rated 3.1 stars."
119,30,Urban Junction #30,Classic Garlic Bread,Italian,299,very spicy,jain,3.1,Mumbai,20,"Classic Garlic Bread - a very spicy italian dish, jain, priced at Rs.299. Served at Urban Junction #30 in Mumbai, rated 3.1 stars."
120,30,Urban Junction #30,Steamed Masala Dosa,South Indian,399,medium,vegan,3.1,Mumbai,20,"Steamed Masala Dosa - a medium south indian dish, vegan, priced at Rs.399. Served at Urban Junction #30 in Mumbai, rated 3.1 stars."
121,31,Urban Corner #31,Cheesy Manchurian,Chinese,299,medium,non-veg,3.4,Hyderabad,18,"Cheesy Manchurian - a medium chinese dish, non-veg, priced at Rs.299. Served at Urban Corner #31 in Hyderabad, rated 3.4 stars."
122,31,Urban Corner #31,Loaded Hakka Noodles,Chinese,349,very spicy,jain,3.4,Hyderabad,18,"Loaded Hakka Noodles - a very spicy chinese dish, jain, priced at Rs.349. Served at Urban Corner #31 in Hyderabad, rated 3.4 stars."
123,31,Urban Corner #31,Fiery Manchurian,Chinese,249,medium,vegan,3.4,Hyderabad,18,"Fiery Manchurian - a medium chinese dish, vegan, priced at Rs.249. Served at Urban Corner #31 in Hyderabad, rated 3.4 stars."
124,31,Urban Corner #31,Spicy Hakka Noodles,Chinese,299,mild,non-veg,3.4,Hyderabad,18,"Spicy Hakka Noodles - a mild chinese dish, non-veg, priced at Rs.299. Served at Urban Corner #31 in Hyderabad, rated 3.4 stars."
125,32,The Corner #32,Creamy Gulab Jamun,Desserts,99,very spicy,veg,4.8,Bangalore,33,"Creamy Gulab Jamun - a very spicy desserts dish, veg, priced at Rs.99. Served at The Corner #32 in Bangalore, rated 4.8 stars."
126,32,The Corner #32,Homestyle Gulab Jamun,Desserts,349,medium,non-veg,4.8,Bangalore,33,"Homestyle Gulab Jamun - a medium desserts dish, non-veg, priced at Rs.349. Served at The Corner #32 in Bangalore, rated 4.8 stars."
127,32,The Corner #32,Cheesy Chocolate Brownie,Desserts,199,medium,vegan,4.8,Bangalore,33,"Cheesy Chocolate Brownie - a medium desserts dish, vegan, priced at Rs.199. Served at The Corner #32 in Bangalore, rated 4.8 stars."
128,32,The Corner #32,Loaded Chocolate Brownie,Desserts,149,medium,jain,4.8,Bangalore,33,"Loaded Chocolate Brownie - a medium desserts dish, jain, priced at Rs.149. Served at The Corner #32 in Bangalore, rated 4.8 stars."
129,33,Cafe Table #33,Spicy Bhel Puri,Street Food,399,medium,jain,3.9,Jamshedpur,33,"Spicy Bhel Puri - a medium street food dish, jain, priced at Rs.399. Served at Cafe Table #33 in Jamshedpur, rated 3.9 stars."
130,33,Cafe Table #33,Classic Pani Puri,Street Food,299,spicy,jain,3.9,Jamshedpur,33,"Classic Pani Puri - a spicy street food dish, jain, priced at Rs.299. Served at Cafe Table #33 in Jamshedpur, rated 3.9 stars."
131,33,Cafe Table #33,Loaded Vada Pav,Street Food,299,medium,jain,3.9,Jamshedpur,33,"Loaded Vada Pav - a medium street food dish, jain, priced at Rs.299. Served at Cafe Table #33 in Jamshedpur, rated 3.9 stars."
132,33,Cafe Table #33,Loaded Grilled Tofu Bowl,Healthy Food,149,very spicy,veg,3.9,Jamshedpur,33,"Loaded Grilled Tofu Bowl - a very spicy healthy food dish, veg, priced at Rs.149. Served at Cafe Table #33 in Jamshedpur, rated 3.9 stars."
133,34,Cafe Table #34,Cheesy Chole Bhature,North Indian,399,medium,jain,3.1,Pune,18,"Cheesy Chole Bhature - a medium north indian dish, jain, priced at Rs.399. Served at Cafe Table #34 in Pune, rated 3.1 stars."
134,34,Cafe Table #34,Crispy Dal Makhani,North Indian,249,mild,jain,3.1,Pune,18,"Crispy Dal Makhani - a mild north indian dish, jain, priced at Rs.249. Served at Cafe Table #34 in Pune, rated 3.1 stars."
135,34,Cafe Table #34,Cheesy Butter Chicken,North Indian,179,mild,vegan,3.1,Pune,18,"Cheesy Butter Chicken - a mild north indian dish, vegan, priced at Rs.179. Served at Cafe Table #34 in Pune, rated 3.1 stars."
136,34,Cafe Table #34,Grilled Rogan Josh,North Indian,99,mild,non-veg,3.1,Pune,18,"Grilled Rogan Josh - a mild north indian dish, non-veg, priced at Rs.99. Served at Cafe Table #34 in Pune, rated 3.1 stars."
137,35,Urban Junction #35,Crispy Quesadilla,Mexican,249,spicy,veg,4.0,Chennai,47,"Crispy Quesadilla - a spicy mexican dish, veg, priced at Rs.249. Served at Urban Junction #35 in Chennai, rated 4.0 stars."
138,35,Urban Junction #35,Roasted Burrito Bowl,Mexican,129,very spicy,non-veg,4.0,Chennai,47,"Roasted Burrito Bowl - a very spicy mexican dish, non-veg, priced at Rs.129. Served at Urban Junction #35 in Chennai, rated 4.0 stars."
139,35,Urban Junction #35,Crispy Quesadilla,Mexican,399,spicy,vegan,4.0,Chennai,47,"Crispy Quesadilla - a spicy mexican dish, vegan, priced at Rs.399. Served at Urban Junction #35 in Chennai, rated 4.0 stars."
140,35,Urban Junction #35,Cheesy Quesadilla,Mexican,249,spicy,vegan,4.0,Chennai,47,"Cheesy Quesadilla - a spicy mexican dish, vegan, priced at Rs.249. Served at Urban Junction #35 in Chennai, rated 4.0 stars."
141,36,The Junction #36,Fiery Spring Rolls,Chinese,349,mild,jain,4.3,Mumbai,40,"Fiery Spring Rolls - a mild chinese dish, jain, priced at Rs.349. Served at The Junction #36 in Mumbai, rated 4.3 stars."
142,36,The Junction #36,Classic Manchurian,Chinese,249,very spicy,veg,4.3,Mumbai,40,"Classic Manchurian - a very spicy chinese dish, veg, priced at Rs.249. Served at The Junction #36 in Mumbai, rated 4.3 stars."
143,36,The Junction #36,Spicy Manchurian,Chinese,199,very spicy,vegan,4.3,Mumbai,40,"Spicy Manchurian - a very spicy chinese dish, vegan, priced at Rs.199. Served at The Junction #36 in Mumbai, rated 4.3 stars."
144,36,The Junction #36,Classic Manchurian,Chinese,179,very spicy,non-veg,4.3,Mumbai,40,"Classic Manchurian - a very spicy chinese dish, non-veg, priced at Rs.179. Served at The Junction #36 in Mumbai, rated 4.3 stars."
145,37,Royal Junction #37,Steamed Enchiladas,Mexican,249,spicy,jain,3.1,Pune,41,"Steamed Enchiladas - a spicy mexican dish, jain, priced at Rs.249. Served at Royal Junction #37 in Pune, rated 3.1 stars."
146,37,Royal Junction #37,Tangy Quesadilla,Mexican,249,medium,non-veg,3.1,Pune,41,"Tangy Quesadilla - a medium mexican dish, non-veg, priced at Rs.249. Served at Royal Junction #37 in Pune, rated 3.1 stars."
147,37,Royal Junction #37,Cheesy Burrito Bowl,Mexican,99,mild,veg,3.1,Pune,41,"Cheesy Burrito Bowl - a mild mexican dish, veg, priced at Rs.99. Served at Royal Junction #37 in Pune, rated 3.1 stars."
148,37,Royal Junction #37,Homestyle Tacos,Mexican,149,medium,veg,3.1,Pune,41,"Homestyle Tacos - a medium mexican dish, veg, priced at Rs.149. Served at Royal Junction #37 in Pune, rated 3.1 stars."
149,38,Spice House #38,Spicy Caesar Salad,Continental,179,very spicy,vegan,4.3,Delhi,30,"Spicy Caesar Salad - a very spicy continental dish, vegan, priced at Rs.179. Served at Spice House #38 in Delhi, rated 4.3 stars."
150,38,Spice House #38,Steamed Enchiladas,Mexican,349,very spicy,veg,4.3,Delhi,30,"Steamed Enchiladas - a very spicy mexican dish, veg, priced at Rs.349. Served at Spice House #38 in Delhi, rated 4.3 stars."
151,38,Spice House #38,Cheesy Enchiladas,Mexican,299,mild,veg,4.3,Delhi,30,"Cheesy Enchiladas - a mild mexican dish, veg, priced at Rs.299. Served at Spice House #38 in Delhi, rated 4.3 stars."
152,38,Spice House #38,Cheesy Steak,Continental,199,mild,jain,4.3,Delhi,30,"Cheesy Steak - a mild continental dish, jain, priced at Rs.199. Served at Spice House #38 in Delhi, rated 4.3 stars."
153,39,Grand Table #39,Creamy Gulab Jamun,Desserts,399,medium,non-veg,3.9,Bangalore,15,"Creamy Gulab Jamun - a medium desserts dish, non-veg, priced at Rs.399. Served at Grand Table #39 in Bangalore, rated 3.9 stars."
154,39,Grand Table #39,Cheesy Cheesecake,Desserts,199,spicy,vegan,3.9,Bangalore,15,"Cheesy Cheesecake - a spicy desserts dish, vegan, priced at Rs.199. Served at Grand Table #39 in Bangalore, rated 3.9 stars."
155,39,Grand Table #39,Classic Hakka Noodles,Chinese,299,very spicy,non-veg,3.9,Bangalore,15,"Classic Hakka Noodles - a very spicy chinese dish, non-veg, priced at Rs.299. Served at Grand Table #39 in Bangalore, rated 3.9 stars."
156,39,Grand Table #39,Steamed Ice Cream Sundae,Desserts,129,mild,veg,3.9,Bangalore,15,"Steamed Ice Cream Sundae - a mild desserts dish, veg, priced at Rs.129. Served at Grand Table #39 in Bangalore, rated 3.9 stars."
157,40,The Kitchen #40,Homestyle Pav Bhaji,Street Food,399,very spicy,veg,3.4,Pune,23,"Homestyle Pav Bhaji - a very spicy street food dish, veg, priced at Rs.399. Served at The Kitchen #40 in Pune, rated 3.4 stars."
158,40,The Kitchen #40,Creamy Burrito Bowl,Mexican,349,very spicy,vegan,3.4,Pune,23,"Creamy Burrito Bowl - a very spicy mexican dish, vegan, priced at Rs.349. Served at The Kitchen #40 in Pune, rated 3.4 stars."
159,40,The Kitchen #40,Spicy Enchiladas,Mexican,179,medium,jain,3.4,Pune,23,"Spicy Enchiladas - a medium mexican dish, jain, priced at Rs.179. Served at The Kitchen #40 in Pune, rated 3.4 stars."
160,40,The Kitchen #40,Creamy Pani Puri,Street Food,199,mild,non-veg,3.4,Pune,23,"Creamy Pani Puri - a mild street food dish, non-veg, priced at Rs.199. Served at The Kitchen #40 in Pune, rated 3.4 stars."
161,41,Spice House #41,Crispy Margherita Pizza,Italian,149,very spicy,veg,3.8,Delhi,54,"Crispy Margherita Pizza - a very spicy italian dish, veg, priced at Rs.149. Served at Spice House #41 in Delhi, rated 3.8 stars."
162,41,Spice House #41,Grilled Pasta Alfredo,Italian,179,very spicy,vegan,3.8,Delhi,54,"Grilled Pasta Alfredo - a very spicy italian dish, vegan, priced at Rs.179. Served at Spice House #41 in Delhi, rated 3.8 stars."
163,41,Spice House #41,Roasted Pasta Alfredo,Italian,129,spicy,veg,3.8,Delhi,54,"Roasted Pasta Alfredo - a spicy italian dish, veg, priced at Rs.129. Served at Spice House #41 in Delhi, rated 3.8 stars."
164,41,Spice House #41,Crispy Filter Coffee,South Indian,129,spicy,jain,3.8,Delhi,54,"Crispy Filter Coffee - a spicy south indian dish, jain, priced at Rs.129. Served at Spice House #41 in Delhi, rated 3.8 stars."
165,42,Cafe House #42,Steamed Butter Chicken,North Indian,199,very spicy,jain,3.2,Jamshedpur,31,"Steamed Butter Chicken - a very spicy north indian dish, jain, priced at Rs.199. Served at Cafe House #42 in Jamshedpur, rated 3.2 stars."
166,42,Cafe House #42,Cheesy Steak,Continental,299,very spicy,non-veg,3.2,Jamshedpur,31,"Cheesy Steak - a very spicy continental dish, non-veg, priced at Rs.299. Served at Cafe House #42 in Jamshedpur, rated 3.2 stars."
167,42,Cafe House #42,Steamed Cinnamon Roll,Bakery,299,mild,vegan,3.2,Jamshedpur,31,"Steamed Cinnamon Roll - a mild bakery dish, vegan, priced at Rs.299. Served at Cafe House #42 in Jamshedpur, rated 3.2 stars."
168,42,Cafe House #42,Creamy Grilled Chicken,Continental,199,medium,jain,3.2,Jamshedpur,31,"Creamy Grilled Chicken - a medium continental dish, jain, priced at Rs.199. Served at Cafe House #42 in Jamshedpur, rated 3.2 stars."
169,43,Grand Junction #43,Classic Filter Coffee,South Indian,249,mild,veg,3.5,Delhi,36,"Classic Filter Coffee - a mild south indian dish, veg, priced at Rs.249. Served at Grand Junction #43 in Delhi, rated 3.5 stars."
170,43,Grand Junction #43,Fiery Uttapam,South Indian,249,spicy,veg,3.5,Delhi,36,"Fiery Uttapam - a spicy south indian dish, veg, priced at Rs.249. Served at Grand Junction #43 in Delhi, rated 3.5 stars."
171,43,Grand Junction #43,Tangy Masala Dosa,South Indian,299,very spicy,jain,3.5,Delhi,36,"Tangy Masala Dosa - a very spicy south indian dish, jain, priced at Rs.299. Served at Grand Junction #43 in Delhi, rated 3.5 stars."
172,43,Grand Junction #43,Creamy Masala Dosa,South Indian,249,mild,vegan,3.5,Delhi,36,"Creamy Masala Dosa - a mild south indian dish, vegan, priced at Rs.249. Served at Grand Junction #43 in Delhi, rated 3.5 stars."
173,44,Grand House #44,Loaded Croissant,Bakery,299,very spicy,veg,3.9,Pune,20,"Loaded Croissant - a very spicy bakery dish, veg, priced at Rs.299. Served at Grand House #44 in Pune, rated 3.9 stars."
174,44,Grand House #44,Cheesy Cinnamon Roll,Bakery,149,very spicy,non-veg,3.9,Pune,20,"Cheesy Cinnamon Roll - a very spicy bakery dish, non-veg, priced at Rs.149. Served at Grand House #44 in Pune, rated 3.9 stars."
175,44,Grand House #44,Loaded Donut,Bakery,199,very spicy,non-veg,3.9,Pune,20,"Loaded Donut - a very spicy bakery dish, non-veg, priced at Rs.199. Served at Grand House #44 in Pune, rated 3.9 stars."
176,44,Grand House #44,Homestyle Muffin,Bakery,199,very spicy,vegan,3.9,Pune,20,"Homestyle Muffin - a very spicy bakery dish, vegan, priced at Rs.199. Served at Grand House #44 in Pune, rated 3.9 stars."
177,45,The House #45,Classic Cheese Burger,Fast Food,199,medium,jain,3.2,Chennai,25,"Classic Cheese Burger - a medium fast food dish, jain, priced at Rs.199. Served at The House #45 in Chennai, rated 3.2 stars."
178,45,The House #45,Crispy Rogan Josh,North Indian,349,mild,non-veg,3.2,Chennai,25,"Crispy Rogan Josh - a mild north indian dish, non-veg, priced at Rs.349. Served at The House #45 in Chennai, rated 3.2 stars."
179,45,The House #45,Homestyle Cheese Burger,Fast Food,249,very spicy,vegan,3.2,Chennai,25,"Homestyle Cheese Burger - a very spicy fast food dish, vegan, priced at Rs.249. Served at The House #45 in Chennai, rated 3.2 stars."
180,45,The House #45,Homestyle Chicken Wrap,Fast Food,149,spicy,vegan,3.2,Chennai,25,"Homestyle Chicken Wrap - a spicy fast food dish, vegan, priced at Rs.149. Served at The House #45 in Chennai, rated 3.2 stars."
181,46,Cafe Kitchen #46,Fiery Chocolate Brownie,Desserts,249,medium,jain,3.1,Mumbai,49,"Fiery Chocolate Brownie - a medium desserts dish, jain, priced at Rs.249. Served at Cafe Kitchen #46 in Mumbai, rated 3.1 stars."
182,46,Cafe Kitchen #46,Roasted Steak,Continental,349,medium,vegan,3.1,Mumbai,49,"Roasted Steak - a medium continental dish, vegan, priced at Rs.349. Served at Cafe Kitchen #46 in Mumbai, rated 3.1 stars."
183,46,Cafe Kitchen #46,Homestyle Steak,Continental,249,mild,non-veg,3.1,Mumbai,49,"Homestyle Steak - a mild continental dish, non-veg, priced at Rs.249. Served at Cafe Kitchen #46 in Mumbai, rated 3.1 stars."
184,46,Cafe Kitchen #46,Tangy Cheesecake,Desserts,399,mild,jain,3.1,Mumbai,49,"Tangy Cheesecake - a mild desserts dish, jain, priced at Rs.399. Served at Cafe Kitchen #46 in Mumbai, rated 3.1 stars."
185,47,Cafe Junction #47,Loaded Egg Biryani,Biryani,129,very spicy,jain,3.8,Delhi,34,"Loaded Egg Biryani - a very spicy biryani dish, jain, priced at Rs.129. Served at Cafe Junction #47 in Delhi, rated 3.8 stars."
186,47,Cafe Junction #47,Crispy Veg Biryani,Biryani,199,medium,jain,3.8,Delhi,34,"Crispy Veg Biryani - a medium biryani dish, jain, priced at Rs.199. Served at Cafe Junction #47 in Delhi, rated 3.8 stars."
187,47,Cafe Junction #47,Fiery Chicken Biryani,Biryani,349,very spicy,jain,3.8,Delhi,34,"Fiery Chicken Biryani - a very spicy biryani dish, jain, priced at Rs.349. Served at Cafe Junction #47 in Delhi, rated 3.8 stars."
188,47,Cafe Junction #47,Roasted Veg Biryani,Biryani,399,mild,veg,3.8,Delhi,34,"Roasted Veg Biryani - a mild biryani dish, veg, priced at Rs.399. Served at Cafe Junction #47 in Delhi, rated 3.8 stars."
189,48,Spice Bites #48,Tangy Bhel Puri,Street Food,99,very spicy,vegan,3.5,Jamshedpur,37,"Tangy Bhel Puri - a very spicy street food dish, vegan, priced at Rs.99. Served at Spice Bites #48 in Jamshedpur, rated 3.5 stars."
190,48,Spice Bites #48,Spicy Butter Chicken,North Indian,129,spicy,non-veg,3.5,Jamshedpur,37,"Spicy Butter Chicken - a spicy north indian dish, non-veg, priced at Rs.129. Served at Spice Bites #48 in Jamshedpur, rated 3.5 stars."
191,48,Spice Bites #48,Classic Pav Bhaji,Street Food,299,very spicy,non-veg,3.5,Jamshedpur,37,"Classic Pav Bhaji - a very spicy street food dish, non-veg, priced at Rs.299. Served at Spice Bites #48 in Jamshedpur, rated 3.5 stars."
192,48,Spice Bites #48,Fiery Butter Chicken,North Indian,129,spicy,jain,3.5,Jamshedpur,37,"Fiery Butter Chicken - a spicy north indian dish, jain, priced at Rs.129. Served at Spice Bites #48 in Jamshedpur, rated 3.5 stars."
193,49,Royal Bites #49,Roasted Gulab Jamun,Desserts,149,spicy,vegan,4.5,Chennai,16,"Roasted Gulab Jamun - a spicy desserts dish, vegan, priced at Rs.149. Served at Royal Bites #49 in Chennai, rated 4.5 stars."
194,49,Royal Bites #49,Crispy Quesadilla,Mexican,399,very spicy,vegan,4.5,Chennai,16,"Crispy Quesadilla - a very spicy mexican dish, vegan, priced at Rs.399. Served at Royal Bites #49 in Chennai, rated 4.5 stars."
195,49,Royal Bites #49,Fiery Tacos,Mexican,349,spicy,veg,4.5,Chennai,16,"Fiery Tacos - a spicy mexican dish, veg, priced at Rs.349. Served at Royal Bites #49 in Chennai, rated 4.5 stars."
196,49,Royal Bites #49,Roasted Tacos,Mexican,129,mild,vegan,4.5,Chennai,16,"Roasted Tacos - a mild mexican dish, vegan, priced at Rs.129. Served at Royal Bites #49 in Chennai, rated 4.5 stars."
197,50,Spice Corner #50,Roasted Grilled Tofu Bowl,Healthy Food,179,medium,non-veg,4.3,Chennai,32,"Roasted Grilled Tofu Bowl - a medium healthy food dish, non-veg, priced at Rs.179. Served at Spice Corner #50 in Chennai, rated 4.3 stars."
198,50,Spice Corner #50,Homestyle Smoothie Bowl,Healthy Food,349,medium,jain,4.3,Chennai,32,"Homestyle Smoothie Bowl - a medium healthy food dish, jain, priced at Rs.349. Served at Spice Corner #50 in Chennai, rated 4.3 stars."
199,50,Spice Corner #50,Steamed Grilled Tofu Bowl,Healthy Food,299,very spicy,veg,4.3,Chennai,32,"Steamed Grilled Tofu Bowl - a very spicy healthy food dish, veg, priced at Rs.299. Served at Spice Corner #50 in Chennai, rated 4.3 stars."
200,50,Spice Corner #50,Grilled Oats Bowl,Healthy Food,299,very spicy,veg,4.3,Chennai,32,"Grilled Oats Bowl - a very spicy healthy food dish, veg, priced at Rs.299. Served at Spice Corner #50 in Chennai, rated 4.3 stars."
201,51,Grand Kitchen #51,Loaded Vada Pav,Street Food,129,mild,non-veg,4.7,Hyderabad,29,"Loaded Vada Pav - a mild street food dish, non-veg, priced at Rs.129. Served at Grand Kitchen #51 in Hyderabad, rated 4.7 stars."
202,51,Grand Kitchen #51,Crispy Bhel Puri,Street Food,349,mild,vegan,4.7,Hyderabad,29,"Crispy Bhel Puri - a mild street food dish, vegan, priced at Rs.349. Served at Grand Kitchen #51 in Hyderabad, rated 4.7 stars."
203,51,Grand Kitchen #51,Steamed Kathi Roll,Street Food,249,very spicy,jain,4.7,Hyderabad,29,"Steamed Kathi Roll - a very spicy street food dish, jain, priced at Rs.249. Served at Grand Kitchen #51 in Hyderabad, rated 4.7 stars."
204,51,Grand Kitchen #51,Classic Bhel Puri,Street Food,349,medium,vegan,4.7,Hyderabad,29,"Classic Bhel Puri - a medium street food dish, vegan, priced at Rs.349. Served at Grand Kitchen #51 in Hyderabad, rated 4.7 stars."
205,52,Spice House #52,Classic Cold Coffee,Beverages,129,medium,vegan,4.5,Chennai,29,"Classic Cold Coffee - a medium beverages dish, vegan, priced at Rs.129. Served at Spice House #52 in Chennai, rated 4.5 stars."
206,52,Spice House #52,Classic Cold Coffee,Beverages,149,very spicy,jain,4.5,Chennai,29,"Classic Cold Coffee - a very spicy beverages dish, jain, priced at Rs.149. Served at Spice House #52 in Chennai, rated 4.5 stars."
207,52,Spice House #52,Homestyle Iced Tea,Beverages,299,medium,jain,4.5,Chennai,29,"Homestyle Iced Tea - a medium beverages dish, jain, priced at Rs.299. Served at Spice House #52 in Chennai, rated 4.5 stars."
208,52,Spice House #52,Tangy Iced Tea,Beverages,349,spicy,non-veg,4.5,Chennai,29,"Tangy Iced Tea - a spicy beverages dish, non-veg, priced at Rs.349. Served at Spice House #52 in Chennai, rated 4.5 stars."
209,53,Royal Corner #53,Fiery Donut,Bakery,99,spicy,veg,3.5,Bangalore,32,"Fiery Donut - a spicy bakery dish, veg, priced at Rs.99. Served at Royal Corner #53 in Bangalore, rated 3.5 stars."
210,53,Royal Corner #53,Crispy Muffin,Bakery,299,very spicy,jain,3.5,Bangalore,32,"Crispy Muffin - a very spicy bakery dish, jain, priced at Rs.299. Served at Royal Corner #53 in Bangalore, rated 3.5 stars."
211,53,Royal Corner #53,Roasted Bagel,Bakery,349,very spicy,non-veg,3.5,Bangalore,32,"Roasted Bagel - a very spicy bakery dish, non-veg, priced at Rs.349. Served at Royal Corner #53 in Bangalore, rated 3.5 stars."
212,53,Royal Corner #53,Spicy Cinnamon Roll,Bakery,179,spicy,veg,3.5,Bangalore,32,"Spicy Cinnamon Roll - a spicy bakery dish, veg, priced at Rs.179. Served at Royal Corner #53 in Bangalore, rated 3.5 stars."
213,54,Urban Table #54,Cheesy Caesar Salad,Continental,199,medium,jain,4.0,Chennai,22,"Cheesy Caesar Salad - a medium continental dish, jain, priced at Rs.199. Served at Urban Table #54 in Chennai, rated 4.0 stars."
214,54,Urban Table #54,Cheesy Soup,Continental,129,mild,vegan,4.0,Chennai,22,"Cheesy Soup - a mild continental dish, vegan, priced at Rs.129. Served at Urban Table #54 in Chennai, rated 4.0 stars."
215,54,Urban Table #54,Spicy Soup,Continental,349,medium,jain,4.0,Chennai,22,"Spicy Soup - a medium continental dish, jain, priced at Rs.349. Served at Urban Table #54 in Chennai, rated 4.0 stars."
216,54,Urban Table #54,Loaded Muffin,Bakery,99,very spicy,vegan,4.0,Chennai,22,"Loaded Muffin - a very spicy bakery dish, vegan, priced at Rs.99. Served at Urban Table #54 in Chennai, rated 4.0 stars."
217,55,Spice Kitchen #55,Fiery Tacos,Mexican,129,medium,non-veg,4.1,Mumbai,35,"Fiery Tacos - a medium mexican dish, non-veg, priced at Rs.129. Served at Spice Kitchen #55 in Mumbai, rated 4.1 stars."
218,55,Spice Kitchen #55,Steamed Enchiladas,Mexican,299,medium,non-veg,4.1,Mumbai,35,"Steamed Enchiladas - a medium mexican dish, non-veg, priced at Rs.299. Served at Spice Kitchen #55 in Mumbai, rated 4.1 stars."
219,55,Spice Kitchen #55,Spicy Manchurian,Chinese,249,spicy,non-veg,4.1,Mumbai,35,"Spicy Manchurian - a spicy chinese dish, non-veg, priced at Rs.249. Served at Spice Kitchen #55 in Mumbai, rated 4.1 stars."
220,55,Spice Kitchen #55,Loaded Nachos,Mexican,199,mild,non-veg,4.1,Mumbai,35,"Loaded Nachos - a mild mexican dish, non-veg, priced at Rs.199. Served at Spice Kitchen #55 in Mumbai, rated 4.1 stars."
221,56,The Corner #56,Loaded Grilled Chicken,Continental,149,medium,non-veg,3.4,Pune,42,"Loaded Grilled Chicken - a medium continental dish, non-veg, priced at Rs.149. Served at The Corner #56 in Pune, rated 3.4 stars."
222,56,The Corner #56,Crispy Nachos,Mexican,299,very spicy,non-veg,3.4,Pune,42,"Crispy Nachos - a very spicy mexican dish, non-veg, priced at Rs.299. Served at The Corner #56 in Pune, rated 3.4 stars."
223,56,The Corner #56,Homestyle Sandwich,Continental,349,mild,veg,3.4,Pune,42,"Homestyle Sandwich - a mild continental dish, veg, priced at Rs.349. Served at The Corner #56 in Pune, rated 3.4 stars."
224,56,The Corner #56,Roasted Soup,Continental,199,spicy,jain,3.4,Pune,42,"Roasted Soup - a spicy continental dish, jain, priced at Rs.199. Served at The Corner #56 in Pune, rated 3.4 stars."
225,57,Cafe Table #57,Grilled Steak,Continental,99,mild,jain,4.8,Jamshedpur,38,"Grilled Steak - a mild continental dish, jain, priced at Rs.99. Served at Cafe Table #57 in Jamshedpur, rated 4.8 stars."
226,57,Cafe Table #57,Cheesy Grilled Chicken,Continental,299,medium,jain,4.8,Jamshedpur,38,"Cheesy Grilled Chicken - a medium continental dish, jain, priced at Rs.299. Served at Cafe Table #57 in Jamshedpur, rated 4.8 stars."
227,57,Cafe Table #57,Loaded Sandwich,Continental,249,spicy,vegan,4.8,Jamshedpur,38,"Loaded Sandwich - a spicy continental dish, vegan, priced at Rs.249. Served at Cafe Table #57 in Jamshedpur, rated 4.8 stars."
228,57,Cafe Table #57,Fiery Soup,Continental,249,mild,veg,4.8,Jamshedpur,38,"Fiery Soup - a mild continental dish, veg, priced at Rs.249. Served at Cafe Table #57 in Jamshedpur, rated 4.8 stars."
229,58,Spice Junction #58,Spicy Filter Coffee,South Indian,129,medium,jain,4.3,Bangalore,34,"Spicy Filter Coffee - a medium south indian dish, jain, priced at Rs.129. Served at Spice Junction #58 in Bangalore, rated 4.3 stars."
230,58,Spice Junction #58,Homestyle Croissant,Bakery,179,medium,vegan,4.3,Bangalore,34,"Homestyle Croissant - a medium bakery dish, vegan, priced at Rs.179. Served at Spice Junction #58 in Bangalore, rated 4.3 stars."
231,58,Spice Junction #58,Creamy Uttapam,South Indian,249,spicy,veg,4.3,Bangalore,34,"Creamy Uttapam - a spicy south indian dish, veg, priced at Rs.249. Served at Spice Junction #58 in Bangalore, rated 4.3 stars."
232,58,Spice Junction #58,Spicy Muffin,Bakery,299,spicy,non-veg,4.3,Bangalore,34,"Spicy Muffin - a spicy bakery dish, non-veg, priced at Rs.299. Served at Spice Junction #58 in Bangalore, rated 4.3 stars."
233,59,Spice Corner #59,Roasted Croissant,Bakery,129,mild,non-veg,3.6,Jamshedpur,27,"Roasted Croissant - a mild bakery dish, non-veg, priced at Rs.129. Served at Spice Corner #59 in Jamshedpur, rated 3.6 stars."
234,59,Spice Corner #59,Tangy Croissant,Bakery,179,very spicy,veg,3.6,Jamshedpur,27,"Tangy Croissant - a very spicy bakery dish, veg, priced at Rs.179. Served at Spice Corner #59 in Jamshedpur, rated 3.6 stars."
235,59,Spice Corner #59,Creamy Chicken Wrap,Fast Food,299,medium,jain,3.6,Jamshedpur,27,"Creamy Chicken Wrap - a medium fast food dish, jain, priced at Rs.299. Served at Spice Corner #59 in Jamshedpur, rated 3.6 stars."
236,59,Spice Corner #59,Homestyle French Fries,Fast Food,129,mild,veg,3.6,Jamshedpur,27,"Homestyle French Fries - a mild fast food dish, veg, priced at Rs.129. Served at Spice Corner #59 in Jamshedpur, rated 3.6 stars."
237,60,Grand Table #60,Loaded Ice Cream Sundae,Desserts,149,very spicy,non-veg,4.2,Delhi,40,"Loaded Ice Cream Sundae - a very spicy desserts dish, non-veg, priced at Rs.149. Served at Grand Table #60 in Delhi, rated 4.2 stars."
238,60,Grand Table #60,Cheesy Croissant,Bakery,99,medium,jain,4.2,Delhi,40,"Cheesy Croissant - a medium bakery dish, jain, priced at Rs.99. Served at Grand Table #60 in Delhi, rated 4.2 stars."
239,60,Grand Table #60,Steamed Chocolate Brownie,Desserts,149,very spicy,jain,4.2,Delhi,40,"Steamed Chocolate Brownie - a very spicy desserts dish, jain, priced at Rs.149. Served at Grand Table #60 in Delhi, rated 4.2 stars."
240,60,Grand Table #60,Creamy Croissant,Bakery,149,mild,jain,4.2,Delhi,40,"Creamy Croissant - a mild bakery dish, jain, priced at Rs.149. Served at Grand Table #60 in Delhi, rated 4.2 stars."
241,61,Royal Corner #61,Classic Nuggets,Fast Food,149,medium,vegan,4.1,Chennai,44,"Classic Nuggets - a medium fast food dish, vegan, priced at Rs.149. Served at Royal Corner #61 in Chennai, rated 4.1 stars."
242,61,Royal Corner #61,Crispy Quinoa Salad,Healthy Food,399,spicy,veg,4.1,Chennai,44,"Crispy Quinoa Salad - a spicy healthy food dish, veg, priced at Rs.399. Served at Royal Corner #61 in Chennai, rated 4.1 stars."
243,61,Royal Corner #61,Crispy Sprout Salad,Healthy Food,399,medium,jain,4.1,Chennai,44,"Crispy Sprout Salad - a medium healthy food dish, jain, priced at Rs.399. Served at Royal Corner #61 in Chennai, rated 4.1 stars."
244,61,Royal Corner #61,Crispy Cheese Burger,Fast Food,349,very spicy,veg,4.1,Chennai,44,"Crispy Cheese Burger - a very spicy fast food dish, veg, priced at Rs.349. Served at Royal Corner #61 in Chennai, rated 4.1 stars."
245,62,Royal Junction #62,Steamed Milkshake,Beverages,129,mild,vegan,4.5,Hyderabad,20,"Steamed Milkshake - a mild beverages dish, vegan, priced at Rs.129. Served at Royal Junction #62 in Hyderabad, rated 4.5 stars."
246,62,Royal Junction #62,Homestyle Muffin,Bakery,299,spicy,non-veg,4.5,Hyderabad,20,"Homestyle Muffin - a spicy bakery dish, non-veg, priced at Rs.299. Served at Royal Junction #62 in Hyderabad, rated 4.5 stars."
247,62,Royal Junction #62,Spicy Croissant,Bakery,129,mild,vegan,4.5,Hyderabad,20,"Spicy Croissant - a mild bakery dish, vegan, priced at Rs.129. Served at Royal Junction #62 in Hyderabad, rated 4.5 stars."
248,62,Royal Junction #62,Spicy Mango Lassi,Beverages,299,spicy,jain,4.5,Hyderabad,20,"Spicy Mango Lassi - a spicy beverages dish, jain, priced at Rs.299. Served at Royal Junction #62 in Hyderabad, rated 4.5 stars."
249,63,Grand Junction #63,Creamy Bagel,Bakery,399,medium,vegan,3.2,Bangalore,34,"Creamy Bagel - a medium bakery dish, vegan, priced at Rs.399. Served at Grand Junction #63 in Bangalore, rated 3.2 stars."
250,63,Grand Junction #63,Creamy Steak,Continental,399,medium,non-veg,3.2,Bangalore,34,"Creamy Steak - a medium continental dish, non-veg, priced at Rs.399. Served at Grand Junction #63 in Bangalore, rated 3.2 stars."
251,63,Grand Junction #63,Grilled Bagel,Bakery,129,spicy,jain,3.2,Bangalore,34,"Grilled Bagel - a spicy bakery dish, jain, priced at Rs.129. Served at Grand Junction #63 in Bangalore, rated 3.2 stars."
252,63,Grand Junction #63,Crispy Grilled Chicken,Continental,129,very spicy,veg,3.2,Bangalore,34,"Crispy Grilled Chicken - a very spicy continental dish, veg, priced at Rs.129. Served at Grand Junction #63 in Bangalore, rated 3.2 stars."
253,64,Royal Bites #64,Grilled Kathi Roll,Street Food,99,spicy,non-veg,3.1,Mumbai,54,"Grilled Kathi Roll - a spicy street food dish, non-veg, priced at Rs.99. Served at Royal Bites #64 in Mumbai, rated 3.1 stars."
254,64,Royal Bites #64,Roasted Pani Puri,Street Food,149,mild,non-veg,3.1,Mumbai,54,"Roasted Pani Puri - a mild street food dish, non-veg, priced at Rs.149. Served at Royal Bites #64 in Mumbai, rated 3.1 stars."
255,64,Royal Bites #64,Cheesy Bhel Puri,Street Food,399,spicy,non-veg,3.1,Mumbai,54,"Cheesy Bhel Puri - a spicy street food dish, non-veg, priced at Rs.399. Served at Royal Bites #64 in Mumbai, rated 3.1 stars."
256,64,Royal Bites #64,Roasted Vada Pav,Street Food,199,mild,veg,3.1,Mumbai,54,"Roasted Vada Pav - a mild street food dish, veg, priced at Rs.199. Served at Royal Bites #64 in Mumbai, rated 3.1 stars."
257,65,Urban Table #65,Loaded Milkshake,Beverages,399,mild,vegan,3.4,Pune,46,"Loaded Milkshake - a mild beverages dish, vegan, priced at Rs.399. Served at Urban Table #65 in Pune, rated 3.4 stars."
258,65,Urban Table #65,Fiery Milkshake,Beverages,399,spicy,veg,3.4,Pune,46,"Fiery Milkshake - a spicy beverages dish, veg, priced at Rs.399. Served at Urban Table #65 in Pune, rated 3.4 stars."
259,65,Urban Table #65,Tangy Iced Tea,Beverages,249,medium,vegan,3.4,Pune,46,"Tangy Iced Tea - a medium beverages dish, vegan, priced at Rs.249. Served at Urban Table #65 in Pune, rated 3.4 stars."
260,65,Urban Table #65,Steamed Iced Tea,Beverages,129,medium,veg,3.4,Pune,46,"Steamed Iced Tea - a medium beverages dish, veg, priced at Rs.129. Served at Urban Table #65 in Pune, rated 3.4 stars."
261,66,Grand Table #66,Crispy Margherita Pizza,Italian,99,very spicy,vegan,4.7,Mumbai,42,"Crispy Margherita Pizza - a very spicy italian dish, vegan, priced at Rs.99. Served at Grand Table #66 in Mumbai, rated 4.7 stars."
262,66,Grand Table #66,Tangy Manchurian,Chinese,99,very spicy,non-veg,4.7,Mumbai,42,"Tangy Manchurian - a very spicy chinese dish, non-veg, priced at Rs.99. Served at Grand Table #66 in Mumbai, rated 4.7 stars."
263,66,Grand Table #66,Homestyle Manchurian,Chinese,249,spicy,veg,4.7,Mumbai,42,"Homestyle Manchurian - a spicy chinese dish, veg, priced at Rs.249. Served at Grand Table #66 in Mumbai, rated 4.7 stars."
264,66,Grand Table #66,Cheesy Hakka Noodles,Chinese,99,medium,non-veg,4.7,Mumbai,42,"Cheesy Hakka Noodles - a medium chinese dish, non-veg, priced at Rs.99. Served at Grand Table #66 in Mumbai, rated 4.7 stars."
265,67,Grand Junction #67,Creamy Momos,Chinese,349,spicy,vegan,3.1,Hyderabad,22,"Creamy Momos - a spicy chinese dish, vegan, priced at Rs.349. Served at Grand Junction #67 in Hyderabad, rated 3.1 stars."
266,67,Grand Junction #67,Cheesy Hakka Noodles,Chinese,349,mild,vegan,3.1,Hyderabad,22,"Cheesy Hakka Noodles - a mild chinese dish, vegan, priced at Rs.349. Served at Grand Junction #67 in Hyderabad, rated 3.1 stars."
267,67,Grand Junction #67,Grilled Fried Rice,Chinese,199,medium,jain,3.1,Hyderabad,22,"Grilled Fried Rice - a medium chinese dish, jain, priced at Rs.199. Served at Grand Junction #67 in Hyderabad, rated 3.1 stars."
268,67,Grand Junction #67,Fiery Spring Rolls,Chinese,179,medium,non-veg,3.1,Hyderabad,22,"Fiery Spring Rolls - a medium chinese dish, non-veg, priced at Rs.179. Served at Grand Junction #67 in Hyderabad, rated 3.1 stars."
269,68,Grand Junction #68,Spicy Momos,Chinese,179,spicy,veg,4.1,Pune,54,"Spicy Momos - a spicy chinese dish, veg, priced at Rs.179. Served at Grand Junction #68 in Pune, rated 4.1 stars."
270,68,Grand Junction #68,Steamed Mango Lassi,Beverages,299,spicy,veg,4.1,Pune,54,"Steamed Mango Lassi - a spicy beverages dish, veg, priced at Rs.299. Served at Grand Junction #68 in Pune, rated 4.1 stars."
271,68,Grand Junction #68,Crispy Spring Rolls,Chinese,299,very spicy,veg,4.1,Pune,54,"Crispy Spring Rolls - a very spicy chinese dish, veg, priced at Rs.299. Served at Grand Junction #68 in Pune, rated 4.1 stars."
272,68,Grand Junction #68,Creamy Fried Rice,Chinese,99,medium,jain,4.1,Pune,54,"Creamy Fried Rice - a medium chinese dish, jain, priced at Rs.99. Served at Grand Junction #68 in Pune, rated 4.1 stars."
273,69,Urban Bites #69,Fiery Bhel Puri,Street Food,129,mild,non-veg,4.6,Jamshedpur,31,"Fiery Bhel Puri - a mild street food dish, non-veg, priced at Rs.129. Served at Urban Bites #69 in Jamshedpur, rated 4.6 stars."
274,69,Urban Bites #69,Creamy Pav Bhaji,Street Food,99,very spicy,non-veg,4.6,Jamshedpur,31,"Creamy Pav Bhaji - a very spicy street food dish, non-veg, priced at Rs.99. Served at Urban Bites #69 in Jamshedpur, rated 4.6 stars."
275,69,Urban Bites #69,Loaded Steak,Continental,249,very spicy,vegan,4.6,Jamshedpur,31,"Loaded Steak - a very spicy continental dish, vegan, priced at Rs.249. Served at Urban Bites #69 in Jamshedpur, rated 4.6 stars."
276,69,Urban Bites #69,Loaded Rasmalai,Desserts,179,mild,non-veg,4.6,Jamshedpur,31,"Loaded Rasmalai - a mild desserts dish, non-veg, priced at Rs.179. Served at Urban Bites #69 in Jamshedpur, rated 4.6 stars."
277,70,Spice Junction #70,Creamy Cinnamon Roll,Bakery,149,mild,non-veg,4.2,Hyderabad,43,"Creamy Cinnamon Roll - a mild bakery dish, non-veg, priced at Rs.149. Served at Spice Junction #70 in Hyderabad, rated 4.2 stars."
278,70,Spice Junction #70,Classic Bagel,Bakery,299,mild,vegan,4.2,Hyderabad,43,"Classic Bagel - a mild bakery dish, vegan, priced at Rs.299. Served at Spice Junction #70 in Hyderabad, rated 4.2 stars."
279,70,Spice Junction #70,Loaded Bagel,Bakery,349,spicy,veg,4.2,Hyderabad,43,"Loaded Bagel - a spicy bakery dish, veg, priced at Rs.349. Served at Spice Junction #70 in Hyderabad, rated 4.2 stars."
280,70,Spice Junction #70,Steamed Muffin,Bakery,199,mild,non-veg,4.2,Hyderabad,43,"Steamed Muffin - a mild bakery dish, non-veg, priced at Rs.199. Served at Spice Junction #70 in Hyderabad, rated 4.2 stars."
281,71,Spice Bites #71,Creamy Grilled Tofu Bowl,Healthy Food,179,spicy,jain,3.6,Bangalore,23,"Creamy Grilled Tofu Bowl - a spicy healthy food dish, jain, priced at Rs.179. Served at Spice Bites #71 in Bangalore, rated 3.6 stars."
282,71,Spice Bites #71,Loaded Sprout Salad,Healthy Food,149,mild,jain,3.6,Bangalore,23,"Loaded Sprout Salad - a mild healthy food dish, jain, priced at Rs.149. Served at Spice Bites #71 in Bangalore, rated 3.6 stars."
283,71,Spice Bites #71,Roasted Smoothie Bowl,Healthy Food,399,medium,veg,3.6,Bangalore,23,"Roasted Smoothie Bowl - a medium healthy food dish, veg, priced at Rs.399. Served at Spice Bites #71 in Bangalore, rated 3.6 stars."
284,71,Spice Bites #71,Tangy Quinoa Salad,Healthy Food,129,mild,veg,3.6,Bangalore,23,"Tangy Quinoa Salad - a mild healthy food dish, veg, priced at Rs.129. Served at Spice Bites #71 in Bangalore, rated 3.6 stars."
285,72,Urban Table #72,Crispy Pasta Alfredo,Italian,299,spicy,veg,4.3,Delhi,41,"Crispy Pasta Alfredo - a spicy italian dish, veg, priced at Rs.299. Served at Urban Table #72 in Delhi, rated 4.3 stars."
286,72,Urban Table #72,Spicy Margherita Pizza,Italian,129,medium,jain,4.3,Delhi,41,"Spicy Margherita Pizza - a medium italian dish, jain, priced at Rs.129. Served at Urban Table #72 in Delhi, rated 4.3 stars."
287,72,Urban Table #72,Classic Margherita Pizza,Italian,129,mild,jain,4.3,Delhi,41,"Classic Margherita Pizza - a mild italian dish, jain, priced at Rs.129. Served at Urban Table #72 in Delhi, rated 4.3 stars."
288,72,Urban Table #72,Grilled Pasta Alfredo,Italian,299,very spicy,jain,4.3,Delhi,41,"Grilled Pasta Alfredo - a very spicy italian dish, jain, priced at Rs.299. Served at Urban Table #72 in Delhi, rated 4.3 stars."
289,73,Urban Corner #73,Steamed Egg Biryani,Biryani,299,medium,vegan,3.4,Mumbai,39,"Steamed Egg Biryani - a medium biryani dish, vegan, priced at Rs.299. Served at Urban Corner #73 in Mumbai, rated 3.4 stars."
290,73,Urban Corner #73,Loaded Mutton Biryani,Biryani,199,very spicy,non-veg,3.4,Mumbai,39,"Loaded Mutton Biryani - a very spicy biryani dish, non-veg, priced at Rs.199. Served at Urban Corner #73 in Mumbai, rated 3.4 stars."
291,73,Urban Corner #73,Grilled Prawn Biryani,Biryani,179,spicy,jain,3.4,Mumbai,39,"Grilled Prawn Biryani - a spicy biryani dish, jain, priced at Rs.179. Served at Urban Corner #73 in Mumbai, rated 3.4 stars."
292,73,Urban Corner #73,Fiery Soup,Continental,99,mild,vegan,3.4,Mumbai,39,"Fiery Soup - a mild continental dish, vegan, priced at Rs.99. Served at Urban Corner #73 in Mumbai, rated 3.4 stars."
293,74,Urban Corner #74,Homestyle Paneer Tikka,North Indian,179,medium,veg,4.8,Mumbai,39,"Homestyle Paneer Tikka - a medium north indian dish, veg, priced at Rs.179. Served at Urban Corner #74 in Mumbai, rated 4.8 stars."
294,74,Urban Corner #74,Fiery Dal Makhani,North Indian,399,very spicy,vegan,4.8,Mumbai,39,"Fiery Dal Makhani - a very spicy north indian dish, vegan, priced at Rs.399. Served at Urban Corner #74 in Mumbai, rated 4.8 stars."
295,74,Urban Corner #74,Classic Enchiladas,Mexican,299,spicy,non-veg,4.8,Mumbai,39,"Classic Enchiladas - a spicy mexican dish, non-veg, priced at Rs.299. Served at Urban Corner #74 in Mumbai, rated 4.8 stars."
296,74,Urban Corner #74,Grilled Sprout Salad,Healthy Food,179,mild,vegan,4.8,Mumbai,39,"Grilled Sprout Salad - a mild healthy food dish, vegan, priced at Rs.179. Served at Urban Corner #74 in Mumbai, rated 4.8 stars."
297,75,Grand Junction #75,Cheesy Sandwich,Continental,249,medium,non-veg,4.1,Chennai,46,"Cheesy Sandwich - a medium continental dish, non-veg, priced at Rs.249. Served at Grand Junction #75 in Chennai, rated 4.1 stars."
298,75,Grand Junction #75,Steamed Caesar Salad,Continental,179,spicy,veg,4.1,Chennai,46,"Steamed Caesar Salad - a spicy continental dish, veg, priced at Rs.179. Served at Grand Junction #75 in Chennai, rated 4.1 stars."
299,75,Grand Junction #75,Homestyle Soup,Continental,249,medium,non-veg,4.1,Chennai,46,"Homestyle Soup - a medium continental dish, non-veg, priced at Rs.249. Served at Grand Junction #75 in Chennai, rated 4.1 stars."
300,75,Grand Junction #75,Classic Soup,Continental,249,mild,vegan,4.1,Chennai,46,"Classic Soup - a mild continental dish, vegan, priced at Rs.249. Served at Grand Junction #75 in Chennai, rated 4.1 stars."
301,76,Urban Corner #76,Crispy Hot Dog,Fast Food,349,spicy,non-veg,3.7,Mumbai,25,"Crispy Hot Dog - a spicy fast food dish, non-veg, priced at Rs.349. Served at Urban Corner #76 in Mumbai, rated 3.7 stars."
302,76,Urban Corner #76,Creamy Cheese Burger,Fast Food,99,medium,non-veg,3.7,Mumbai,25,"Creamy Cheese Burger - a medium fast food dish, non-veg, priced at Rs.99. Served at Urban Corner #76 in Mumbai, rated 3.7 stars."
303,76,Urban Corner #76,Fiery Hot Dog,Fast Food,99,spicy,non-veg,3.7,Mumbai,25,"Fiery Hot Dog - a spicy fast food dish, non-veg, priced at Rs.99. Served at Urban Corner #76 in Mumbai, rated 3.7 stars."
304,76,Urban Corner #76,Roasted Chicken Wrap,Fast Food,149,spicy,veg,3.7,Mumbai,25,"Roasted Chicken Wrap - a spicy fast food dish, veg, priced at Rs.149. Served at Urban Corner #76 in Mumbai, rated 3.7 stars."
305,77,Cafe Kitchen #77,Grilled Manchurian,Chinese,149,mild,vegan,4.1,Hyderabad,20,"Grilled Manchurian - a mild chinese dish, vegan, priced at Rs.149. Served at Cafe Kitchen #77 in Hyderabad, rated 4.1 stars."
306,77,Cafe Kitchen #77,Roasted Fried Rice,Chinese,299,mild,vegan,4.1,Hyderabad,20,"Roasted Fried Rice - a mild chinese dish, vegan, priced at Rs.299. Served at Cafe Kitchen #77 in Hyderabad, rated 4.1 stars."
307,77,Cafe Kitchen #77,Tangy Nachos,Mexican,149,very spicy,jain,4.1,Hyderabad,20,"Tangy Nachos - a very spicy mexican dish, jain, priced at Rs.149. Served at Cafe Kitchen #77 in Hyderabad, rated 4.1 stars."
308,77,Cafe Kitchen #77,Roasted Burrito Bowl,Mexican,399,spicy,non-veg,4.1,Hyderabad,20,"Roasted Burrito Bowl - a spicy mexican dish, non-veg, priced at Rs.399. Served at Cafe Kitchen #77 in Hyderabad, rated 4.1 stars."
309,78,Royal Kitchen #78,Tangy Iced Tea,Beverages,299,spicy,vegan,3.7,Bangalore,44,"Tangy Iced Tea - a spicy beverages dish, vegan, priced at Rs.299. Served at Royal Kitchen #78 in Bangalore, rated 3.7 stars."
310,78,Royal Kitchen #78,Roasted Chocolate Brownie,Desserts,99,very spicy,veg,3.7,Bangalore,44,"Roasted Chocolate Brownie - a very spicy desserts dish, veg, priced at Rs.99. Served at Royal Kitchen #78 in Bangalore, rated 3.7 stars."
311,78,Royal Kitchen #78,Classic Cheesecake,Desserts,179,mild,jain,3.7,Bangalore,44,"Classic Cheesecake - a mild desserts dish, jain, priced at Rs.179. Served at Royal Kitchen #78 in Bangalore, rated 3.7 stars."
312,78,Royal Kitchen #78,Roasted Ice Cream Sundae,Desserts,129,medium,vegan,3.7,Bangalore,44,"Roasted Ice Cream Sundae - a medium desserts dish, vegan, priced at Rs.129. Served at Royal Kitchen #78 in Bangalore, rated 3.7 stars."
313,79,Spice Corner #79,Steamed Chocolate Brownie,Desserts,129,spicy,jain,4.6,Bangalore,16,"Steamed Chocolate Brownie - a spicy desserts dish, jain, priced at Rs.129. Served at Spice Corner #79 in Bangalore, rated 4.6 stars."
314,79,Spice Corner #79,Crispy Veg Biryani,Biryani,179,mild,vegan,4.6,Bangalore,16,"Crispy Veg Biryani - a mild biryani dish, vegan, priced at Rs.179. Served at Spice Corner #79 in Bangalore, rated 4.6 stars."
315,79,Spice Corner #79,Roasted Gulab Jamun,Desserts,99,mild,jain,4.6,Bangalore,16,"Roasted Gulab Jamun - a mild desserts dish, jain, priced at Rs.99. Served at Spice Corner #79 in Bangalore, rated 4.6 stars."
316,79,Spice Corner #79,Tangy Rasmalai,Desserts,299,very spicy,jain,4.6,Bangalore,16,"Tangy Rasmalai - a very spicy desserts dish, jain, priced at Rs.299. Served at Spice Corner #79 in Bangalore, rated 4.6 stars."
317,80,Royal Table #80,Homestyle Rogan Josh,North Indian,129,very spicy,non-veg,4.5,Mumbai,16,"Homestyle Rogan Josh - a very spicy north indian dish, non-veg, priced at Rs.129. Served at Royal Table #80 in Mumbai, rated 4.5 stars."
318,80,Royal Table #80,Creamy Sandwich,Continental,99,spicy,veg,4.5,Mumbai,16,"Creamy Sandwich - a spicy continental dish, veg, priced at Rs.99. Served at Royal Table #80 in Mumbai, rated 4.5 stars."
319,80,Royal Table #80,Creamy Dal Makhani,North Indian,129,spicy,non-veg,4.5,Mumbai,16,"Creamy Dal Makhani - a spicy north indian dish, non-veg, priced at Rs.129. Served at Royal Table #80 in Mumbai, rated 4.5 stars."
320,80,Royal Table #80,Roasted Paneer Tikka,North Indian,129,mild,vegan,4.5,Mumbai,16,"Roasted Paneer Tikka - a mild north indian dish, vegan, priced at Rs.129. Served at Royal Table #80 in Mumbai, rated 4.5 stars."
321,81,The Junction #81,Homestyle Margherita Pizza,Italian,149,very spicy,non-veg,3.5,Delhi,22,"Homestyle Margherita Pizza - a very spicy italian dish, non-veg, priced at Rs.149. Served at The Junction #81 in Delhi, rated 3.5 stars."
322,81,The Junction #81,Classic Margherita Pizza,Italian,179,medium,jain,3.5,Delhi,22,"Classic Margherita Pizza - a medium italian dish, jain, priced at Rs.179. Served at The Junction #81 in Delhi, rated 3.5 stars."
323,81,The Junction #81,Loaded Lasagna,Italian,179,mild,veg,3.5,Delhi,22,"Loaded Lasagna - a mild italian dish, veg, priced at Rs.179. Served at The Junction #81 in Delhi, rated 3.5 stars."
324,81,The Junction #81,Cheesy Risotto,Italian,349,medium,veg,3.5,Delhi,22,"Cheesy Risotto - a medium italian dish, veg, priced at Rs.349. Served at The Junction #81 in Delhi, rated 3.5 stars."
325,82,Spice Bites #82,Homestyle Mango Lassi,Beverages,129,spicy,jain,4.2,Pune,25,"Homestyle Mango Lassi - a spicy beverages dish, jain, priced at Rs.129. Served at Spice Bites #82 in Pune, rated 4.2 stars."
326,82,Spice Bites #82,Spicy Margherita Pizza,Italian,179,medium,vegan,4.2,Pune,25,"Spicy Margherita Pizza - a medium italian dish, vegan, priced at Rs.179. Served at Spice Bites #82 in Pune, rated 4.2 stars."
327,82,Spice Bites #82,Creamy Garlic Bread,Italian,199,very spicy,jain,4.2,Pune,25,"Creamy Garlic Bread - a very spicy italian dish, jain, priced at Rs.199. Served at Spice Bites #82 in Pune, rated 4.2 stars."
328,82,Spice Bites #82,Creamy Fresh Lime Soda,Beverages,399,very spicy,non-veg,4.2,Pune,25,"Creamy Fresh Lime Soda - a very spicy beverages dish, non-veg, priced at Rs.399. Served at Spice Bites #82 in Pune, rated 4.2 stars."
329,83,The House #83,Classic Quesadilla,Mexican,149,very spicy,veg,4.3,Pune,40,"Classic Quesadilla - a very spicy mexican dish, veg, priced at Rs.149. Served at The House #83 in Pune, rated 4.3 stars."
330,83,The House #83,Fiery Quesadilla,Mexican,199,medium,vegan,4.3,Pune,40,"Fiery Quesadilla - a medium mexican dish, vegan, priced at Rs.199. Served at The House #83 in Pune, rated 4.3 stars."
331,83,The House #83,Roasted Idli Sambar,South Indian,129,mild,vegan,4.3,Pune,40,"Roasted Idli Sambar - a mild south indian dish, vegan, priced at Rs.129. Served at The House #83 in Pune, rated 4.3 stars."
332,83,The House #83,Crispy Enchiladas,Mexican,399,mild,jain,4.3,Pune,40,"Crispy Enchiladas - a mild mexican dish, jain, priced at Rs.399. Served at The House #83 in Pune, rated 4.3 stars."
333,84,Grand Table #84,Cheesy Quesadilla,Mexican,349,medium,jain,3.2,Delhi,53,"Cheesy Quesadilla - a medium mexican dish, jain, priced at Rs.349. Served at Grand Table #84 in Delhi, rated 3.2 stars."
334,84,Grand Table #84,Homestyle Masala Dosa,South Indian,99,medium,veg,3.2,Delhi,53,"Homestyle Masala Dosa - a medium south indian dish, veg, priced at Rs.99. Served at Grand Table #84 in Delhi, rated 3.2 stars."
335,84,Grand Table #84,Tangy Idli Sambar,South Indian,179,medium,non-veg,3.2,Delhi,53,"Tangy Idli Sambar - a medium south indian dish, non-veg, priced at Rs.179. Served at Grand Table #84 in Delhi, rated 3.2 stars."
336,84,Grand Table #84,Creamy Garlic Bread,Italian,299,medium,non-veg,3.2,Delhi,53,"Creamy Garlic Bread - a medium italian dish, non-veg, priced at Rs.299. Served at Grand Table #84 in Delhi, rated 3.2 stars."
337,85,Cafe Kitchen #85,Roasted Bhel Puri,Street Food,129,mild,jain,4.0,Bangalore,19,"Roasted Bhel Puri - a mild street food dish, jain, priced at Rs.129. Served at Cafe Kitchen #85 in Bangalore, rated 4.0 stars."
338,85,Cafe Kitchen #85,Classic Kathi Roll,Street Food,199,very spicy,veg,4.0,Bangalore,19,"Classic Kathi Roll - a very spicy street food dish, veg, priced at Rs.199. Served at Cafe Kitchen #85 in Bangalore, rated 4.0 stars."
339,85,Cafe Kitchen #85,Homestyle Pani Puri,Street Food,149,medium,veg,4.0,Bangalore,19,"Homestyle Pani Puri - a medium street food dish, veg, priced at Rs.149. Served at Cafe Kitchen #85 in Bangalore, rated 4.0 stars."
340,85,Cafe Kitchen #85,Creamy Kathi Roll,Street Food,199,spicy,jain,4.0,Bangalore,19,"Creamy Kathi Roll - a spicy street food dish, jain, priced at Rs.199. Served at Cafe Kitchen #85 in Bangalore, rated 4.0 stars."
341,86,Urban Corner #86,Steamed Egg Biryani,Biryani,349,very spicy,veg,3.8,Mumbai,55,"Steamed Egg Biryani - a very spicy biryani dish, veg, priced at Rs.349. Served at Urban Corner #86 in Mumbai, rated 3.8 stars."
342,86,Urban Corner #86,Homestyle Donut,Bakery,149,very spicy,veg,3.8,Mumbai,55,"Homestyle Donut - a very spicy bakery dish, veg, priced at Rs.149. Served at Urban Corner #86 in Mumbai, rated 3.8 stars."
343,86,Urban Corner #86,Roasted Veg Biryani,Biryani,179,mild,jain,3.8,Mumbai,55,"Roasted Veg Biryani - a mild biryani dish, jain, priced at Rs.179. Served at Urban Corner #86 in Mumbai, rated 3.8 stars."
344,86,Urban Corner #86,Spicy Veg Biryani,Biryani,249,spicy,vegan,3.8,Mumbai,55,"Spicy Veg Biryani - a spicy biryani dish, vegan, priced at Rs.249. Served at Urban Corner #86 in Mumbai, rated 3.8 stars."
345,87,Urban Bites #87,Roasted Momos,Chinese,129,medium,non-veg,4.0,Jamshedpur,54,"Roasted Momos - a medium chinese dish, non-veg, priced at Rs.129. Served at Urban Bites #87 in Jamshedpur, rated 4.0 stars."
346,87,Urban Bites #87,Classic Momos,Chinese,199,very spicy,veg,4.0,Jamshedpur,54,"Classic Momos - a very spicy chinese dish, veg, priced at Rs.199. Served at Urban Bites #87 in Jamshedpur, rated 4.0 stars."
347,87,Urban Bites #87,Crispy Oats Bowl,Healthy Food,299,very spicy,vegan,4.0,Jamshedpur,54,"Crispy Oats Bowl - a very spicy healthy food dish, vegan, priced at Rs.299. Served at Urban Bites #87 in Jamshedpur, rated 4.0 stars."
348,87,Urban Bites #87,Tangy Smoothie Bowl,Healthy Food,129,spicy,jain,4.0,Jamshedpur,54,"Tangy Smoothie Bowl - a spicy healthy food dish, jain, priced at Rs.129. Served at Urban Bites #87 in Jamshedpur, rated 4.0 stars."
349,88,Urban Table #88,Grilled Kathi Roll,Street Food,99,medium,non-veg,3.5,Pune,20,"Grilled Kathi Roll - a medium street food dish, non-veg, priced at Rs.99. Served at Urban Table #88 in Pune, rated 3.5 stars."
350,88,Urban Table #88,Crispy Pani Puri,Street Food,99,very spicy,veg,3.5,Pune,20,"Crispy Pani Puri - a very spicy street food dish, veg, priced at Rs.99. Served at Urban Table #88 in Pune, rated 3.5 stars."
351,88,Urban Table #88,Loaded Cold Coffee,Beverages,249,very spicy,jain,3.5,Pune,20,"Loaded Cold Coffee - a very spicy beverages dish, jain, priced at Rs.249. Served at Urban Table #88 in Pune, rated 3.5 stars."
352,88,Urban Table #88,Steamed Quinoa Salad,Healthy Food,99,medium,vegan,3.5,Pune,20,"Steamed Quinoa Salad - a medium healthy food dish, vegan, priced at Rs.99. Served at Urban Table #88 in Pune, rated 3.5 stars."
353,89,Urban Junction #89,Fiery Risotto,Italian,149,very spicy,vegan,4.3,Pune,16,"Fiery Risotto - a very spicy italian dish, vegan, priced at Rs.149. Served at Urban Junction #89 in Pune, rated 4.3 stars."
354,89,Urban Junction #89,Loaded Pasta Alfredo,Italian,129,spicy,veg,4.3,Pune,16,"Loaded Pasta Alfredo - a spicy italian dish, veg, priced at Rs.129. Served at Urban Junction #89 in Pune, rated 4.3 stars."
355,89,Urban Junction #89,Tangy Margherita Pizza,Italian,179,medium,non-veg,4.3,Pune,16,"Tangy Margherita Pizza - a medium italian dish, non-veg, priced at Rs.179. Served at Urban Junction #89 in Pune, rated 4.3 stars."
356,89,Urban Junction #89,Steamed Fresh Lime Soda,Beverages,299,mild,veg,4.3,Pune,16,"Steamed Fresh Lime Soda - a mild beverages dish, veg, priced at Rs.299. Served at Urban Junction #89 in Pune, rated 4.3 stars."
357,90,Urban Bites #90,Steamed Manchurian,Chinese,149,mild,non-veg,4.5,Bangalore,32,"Steamed Manchurian - a mild chinese dish, non-veg, priced at Rs.149. Served at Urban Bites #90 in Bangalore, rated 4.5 stars."
358,90,Urban Bites #90,Loaded Spring Rolls,Chinese,199,very spicy,jain,4.5,Bangalore,32,"Loaded Spring Rolls - a very spicy chinese dish, jain, priced at Rs.199. Served at Urban Bites #90 in Bangalore, rated 4.5 stars."
359,90,Urban Bites #90,Loaded Momos,Chinese,179,very spicy,vegan,4.5,Bangalore,32,"Loaded Momos - a very spicy chinese dish, vegan, priced at Rs.179. Served at Urban Bites #90 in Bangalore, rated 4.5 stars."
360,90,Urban Bites #90,Creamy Spring Rolls,Chinese,99,spicy,vegan,4.5,Bangalore,32,"Creamy Spring Rolls - a spicy chinese dish, vegan, priced at Rs.99. Served at Urban Bites #90 in Bangalore, rated 4.5 stars."
361,91,The Junction #91,Fiery Cheese Burger,Fast Food,129,spicy,vegan,3.2,Delhi,46,"Fiery Cheese Burger - a spicy fast food dish, vegan, priced at Rs.129. Served at The Junction #91 in Delhi, rated 3.2 stars."
362,91,The Junction #91,Loaded Steak,Continental,199,spicy,non-veg,3.2,Delhi,46,"Loaded Steak - a spicy continental dish, non-veg, priced at Rs.199. Served at The Junction #91 in Delhi, rated 3.2 stars."
363,91,The Junction #91,Crispy Smoothie Bowl,Healthy Food,99,very spicy,vegan,3.2,Delhi,46,"Crispy Smoothie Bowl - a very spicy healthy food dish, vegan, priced at Rs.99. Served at The Junction #91 in Delhi, rated 3.2 stars."
364,91,The Junction #91,Roasted Caesar Salad,Continental,99,very spicy,vegan,3.2,Delhi,46,"Roasted Caesar Salad - a very spicy continental dish, vegan, priced at Rs.99. Served at The Junction #91 in Delhi, rated 3.2 stars."
365,92,Grand Table #92,Homestyle Garlic Bread,Italian,299,mild,non-veg,3.9,Hyderabad,20,"Homestyle Garlic Bread - a mild italian dish, non-veg, priced at Rs.299. Served at Grand Table #92 in Hyderabad, rated 3.9 stars."
366,92,Grand Table #92,Steamed Pasta Alfredo,Italian,399,very spicy,vegan,3.9,Hyderabad,20,"Steamed Pasta Alfredo - a very spicy italian dish, vegan, priced at Rs.399. Served at Grand Table #92 in Hyderabad, rated 3.9 stars."
367,92,Grand Table #92,Tangy Fresh Lime Soda,Beverages,399,medium,vegan,3.9,Hyderabad,20,"Tangy Fresh Lime Soda - a medium beverages dish, vegan, priced at Rs.399. Served at Grand Table #92 in Hyderabad, rated 3.9 stars."
368,92,Grand Table #92,Tangy Pav Bhaji,Street Food,199,medium,vegan,3.9,Hyderabad,20,"Tangy Pav Bhaji - a medium street food dish, vegan, priced at Rs.199. Served at Grand Table #92 in Hyderabad, rated 3.9 stars."
369,93,Grand Bites #93,Classic Pasta Alfredo,Italian,179,spicy,jain,4.3,Bangalore,45,"Classic Pasta Alfredo - a spicy italian dish, jain, priced at Rs.179. Served at Grand Bites #93 in Bangalore, rated 4.3 stars."
370,93,Grand Bites #93,Loaded Ice Cream Sundae,Desserts,199,very spicy,veg,4.3,Bangalore,45,"Loaded Ice Cream Sundae - a very spicy desserts dish, veg, priced at Rs.199. Served at Grand Bites #93 in Bangalore, rated 4.3 stars."
371,93,Grand Bites #93,Steamed Gulab Jamun,Desserts,129,very spicy,non-veg,4.3,Bangalore,45,"Steamed Gulab Jamun - a very spicy desserts dish, non-veg, priced at Rs.129. Served at Grand Bites #93 in Bangalore, rated 4.3 stars."
372,93,Grand Bites #93,Cheesy Garlic Bread,Italian,199,very spicy,veg,4.3,Bangalore,45,"Cheesy Garlic Bread - a very spicy italian dish, veg, priced at Rs.199. Served at Grand Bites #93 in Bangalore, rated 4.3 stars."
373,94,Grand Junction #94,Crispy Caesar Salad,Continental,249,very spicy,jain,3.7,Bangalore,32,"Crispy Caesar Salad - a very spicy continental dish, jain, priced at Rs.249. Served at Grand Junction #94 in Bangalore, rated 3.7 stars."
374,94,Grand Junction #94,Roasted Steak,Continental,149,mild,jain,3.7,Bangalore,32,"Roasted Steak - a mild continental dish, jain, priced at Rs.149. Served at Grand Junction #94 in Bangalore, rated 3.7 stars."
375,94,Grand Junction #94,Classic Mutton Biryani,Biryani,99,mild,jain,3.7,Bangalore,32,"Classic Mutton Biryani - a mild biryani dish, jain, priced at Rs.99. Served at Grand Junction #94 in Bangalore, rated 3.7 stars."
376,94,Grand Junction #94,Tangy Mutton Biryani,Biryani,149,very spicy,veg,3.7,Bangalore,32,"Tangy Mutton Biryani - a very spicy biryani dish, veg, priced at Rs.149. Served at Grand Junction #94 in Bangalore, rated 3.7 stars."
377,95,The Table #95,Homestyle Hot Dog,Fast Food,299,very spicy,jain,3.6,Delhi,27,"Homestyle Hot Dog - a very spicy fast food dish, jain, priced at Rs.299. Served at The Table #95 in Delhi, rated 3.6 stars."
378,95,The Table #95,Spicy Garlic Bread,Italian,99,medium,vegan,3.6,Delhi,27,"Spicy Garlic Bread - a medium italian dish, vegan, priced at Rs.99. Served at The Table #95 in Delhi, rated 3.6 stars."
379,95,The Table #95,Cheesy Chicken Wrap,Fast Food,179,mild,veg,3.6,Delhi,27,"Cheesy Chicken Wrap - a mild fast food dish, veg, priced at Rs.179. Served at The Table #95 in Delhi, rated 3.6 stars."
380,95,The Table #95,Roasted French Fries,Fast Food,249,spicy,non-veg,3.6,Delhi,27,"Roasted French Fries - a spicy fast food dish, non-veg, priced at Rs.249. Served at The Table #95 in Delhi, rated 3.6 stars."
381,96,Urban House #96,Cheesy Oats Bowl,Healthy Food,199,medium,veg,4.1,Jamshedpur,21,"Cheesy Oats Bowl - a medium healthy food dish, veg, priced at Rs.199. Served at Urban House #96 in Jamshedpur, rated 4.1 stars."
382,96,Urban House #96,Loaded Sprout Salad,Healthy Food,349,spicy,jain,4.1,Jamshedpur,21,"Loaded Sprout Salad - a spicy healthy food dish, jain, priced at Rs.349. Served at Urban House #96 in Jamshedpur, rated 4.1 stars."
383,96,Urban House #96,Fiery Sprout Salad,Healthy Food,249,medium,non-veg,4.1,Jamshedpur,21,"Fiery Sprout Salad - a medium healthy food dish, non-veg, priced at Rs.249. Served at Urban House #96 in Jamshedpur, rated 4.1 stars."
384,96,Urban House #96,Crispy Quinoa Salad,Healthy Food,179,medium,non-veg,4.1,Jamshedpur,21,"Crispy Quinoa Salad - a medium healthy food dish, non-veg, priced at Rs.179. Served at Urban House #96 in Jamshedpur, rated 4.1 stars."
385,97,Royal House #97,Cheesy Hot Dog,Fast Food,149,mild,vegan,3.6,Delhi,32,"Cheesy Hot Dog - a mild fast food dish, vegan, priced at Rs.149. Served at Royal House #97 in Delhi, rated 3.6 stars."
386,97,Royal House #97,Steamed Nuggets,Fast Food,199,mild,veg,3.6,Delhi,32,"Steamed Nuggets - a mild fast food dish, veg, priced at Rs.199. Served at Royal House #97 in Delhi, rated 3.6 stars."
387,97,Royal House #97,Spicy Cheese Burger,Fast Food,129,very spicy,jain,3.6,Delhi,32,"Spicy Cheese Burger - a very spicy fast food dish, jain, priced at Rs.129. Served at Royal House #97 in Delhi, rated 3.6 stars."
388,97,Royal House #97,Cheesy Cheese Burger,Fast Food,199,very spicy,non-veg,3.6,Delhi,32,"Cheesy Cheese Burger - a very spicy fast food dish, non-veg, priced at Rs.199. Served at Royal House #97 in Delhi, rated 3.6 stars."
389,98,Cafe House #98,Loaded Butter Chicken,North Indian,299,mild,vegan,4.8,Jamshedpur,21,"Loaded Butter Chicken - a mild north indian dish, vegan, priced at Rs.299. Served at Cafe House #98 in Jamshedpur, rated 4.8 stars."
390,98,Cafe House #98,Creamy Chole Bhature,North Indian,399,mild,vegan,4.8,Jamshedpur,21,"Creamy Chole Bhature - a mild north indian dish, vegan, priced at Rs.399. Served at Cafe House #98 in Jamshedpur, rated 4.8 stars."
391,98,Cafe House #98,Fiery Butter Chicken,North Indian,179,medium,vegan,4.8,Jamshedpur,21,"Fiery Butter Chicken - a medium north indian dish, vegan, priced at Rs.179. Served at Cafe House #98 in Jamshedpur, rated 4.8 stars."
392,98,Cafe House #98,Roasted Dal Makhani,North Indian,299,spicy,non-veg,4.8,Jamshedpur,21,"Roasted Dal Makhani - a spicy north indian dish, non-veg, priced at Rs.299. Served at Cafe House #98 in Jamshedpur, rated 4.8 stars."
393,99,Spice Corner #99,Fiery Enchiladas,Mexican,179,very spicy,vegan,3.8,Hyderabad,18,"Fiery Enchiladas - a very spicy mexican dish, vegan, priced at Rs.179. Served at Spice Corner #99 in Hyderabad, rated 3.8 stars."
394,99,Spice Corner #99,Spicy Tacos,Mexican,129,mild,jain,3.8,Hyderabad,18,"Spicy Tacos - a mild mexican dish, jain, priced at Rs.129. Served at Spice Corner #99 in Hyderabad, rated 3.8 stars."
395,99,Spice Corner #99,Cheesy Tacos,Mexican,129,mild,vegan,3.8,Hyderabad,18,"Cheesy Tacos - a mild mexican dish, vegan, priced at Rs.129. Served at Spice Corner #99 in Hyderabad, rated 3.8 stars."
396,99,Spice Corner #99,Loaded Quesadilla,Mexican,199,very spicy,veg,3.8,Hyderabad,18,"Loaded Quesadilla - a very spicy mexican dish, veg, priced at Rs.199. Served at Spice Corner #99 in Hyderabad, rated 3.8 stars."
397,100,The Corner #100,Spicy Cold Coffee,Beverages,199,spicy,vegan,3.1,Hyderabad,24,"Spicy Cold Coffee - a spicy beverages dish, vegan, priced at Rs.199. Served at The Corner #100 in Hyderabad, rated 3.1 stars."
398,100,The Corner #100,Creamy Masala Dosa,South Indian,99,mild,non-veg,3.1,Hyderabad,24,"Creamy Masala Dosa - a mild south indian dish, non-veg, priced at Rs.99. Served at The Corner #100 in Hyderabad, rated 3.1 stars."
399,100,The Corner #100,Classic Fresh Lime Soda,Beverages,349,spicy,veg,3.1,Hyderabad,24,"Classic Fresh Lime Soda - a spicy beverages dish, veg, priced at Rs.349. Served at The Corner #100 in Hyderabad, rated 3.1 stars."
400,100,The Corner #100,Tangy Uttapam,South Indian,129,very spicy,jain,3.1,Hyderabad,24,"Tangy Uttapam - a very spicy south indian dish, jain, priced at Rs.129. Served at The Corner #100 in Hyderabad, rated 3.1 stars."
401,101,Cafe House #101,Homestyle Bhel Puri,Street Food,349,very spicy,non-veg,4.9,Mumbai,50,"Homestyle Bhel Puri - a very spicy street food dish, non-veg, priced at Rs.349. Served at Cafe House #101 in Mumbai, rated 4.9 stars."
402,101,Cafe House #101,Roasted Vada Pav,Street Food,99,medium,veg,4.9,Mumbai,50,"Roasted Vada Pav - a medium street food dish, veg, priced at Rs.99. Served at Cafe House #101 in Mumbai, rated 4.9 stars."
403,101,Cafe House #101,Fiery Kathi Roll,Street Food,349,medium,jain,4.9,Mumbai,50,"Fiery Kathi Roll - a medium street food dish, jain, priced at Rs.349. Served at Cafe House #101 in Mumbai, rated 4.9 stars."
404,101,Cafe House #101,Spicy Kathi Roll,Street Food,149,very spicy,jain,4.9,Mumbai,50,"Spicy Kathi Roll - a very spicy street food dish, jain, priced at Rs.149. Served at Cafe House #101 in Mumbai, rated 4.9 stars."
405,102,Cafe Bites #102,Fiery Quesadilla,Mexican,99,mild,vegan,4.0,Chennai,43,"Fiery Quesadilla - a mild mexican dish, vegan, priced at Rs.99. Served at Cafe Bites #102 in Chennai, rated 4.0 stars."
406,102,Cafe Bites #102,Roasted Pani Puri,Street Food,399,medium,vegan,4.0,Chennai,43,"Roasted Pani Puri - a medium street food dish, vegan, priced at Rs.399. Served at Cafe Bites #102 in Chennai, rated 4.0 stars."
407,102,Cafe Bites #102,Steamed Quesadilla,Mexican,179,very spicy,vegan,4.0,Chennai,43,"Steamed Quesadilla - a very spicy mexican dish, vegan, priced at Rs.179. Served at Cafe Bites #102 in Chennai, rated 4.0 stars."
408,102,Cafe Bites #102,Cheesy Vada Pav,Street Food,99,mild,non-veg,4.0,Chennai,43,"Cheesy Vada Pav - a mild street food dish, non-veg, priced at Rs.99. Served at Cafe Bites #102 in Chennai, rated 4.0 stars."
409,103,Spice Junction #103,Tangy Rasmalai,Desserts,129,very spicy,vegan,3.1,Pune,28,"Tangy Rasmalai - a very spicy desserts dish, vegan, priced at Rs.129. Served at Spice Junction #103 in Pune, rated 3.1 stars."
410,103,Spice Junction #103,Loaded Nachos,Mexican,99,medium,jain,3.1,Pune,28,"Loaded Nachos - a medium mexican dish, jain, priced at Rs.99. Served at Spice Junction #103 in Pune, rated 3.1 stars."
411,103,Spice Junction #103,Creamy Chocolate Brownie,Desserts,349,very spicy,jain,3.1,Pune,28,"Creamy Chocolate Brownie - a very spicy desserts dish, jain, priced at Rs.349. Served at Spice Junction #103 in Pune, rated 3.1 stars."
412,103,Spice Junction #103,Fiery Quesadilla,Mexican,249,mild,jain,3.1,Pune,28,"Fiery Quesadilla - a mild mexican dish, jain, priced at Rs.249. Served at Spice Junction #103 in Pune, rated 3.1 stars."
413,104,The Bites #104,Creamy Croissant,Bakery,299,very spicy,veg,3.3,Delhi,25,"Creamy Croissant - a very spicy bakery dish, veg, priced at Rs.299. Served at The Bites #104 in Delhi, rated 3.3 stars."
414,104,The Bites #104,Spicy Cinnamon Roll,Bakery,129,spicy,non-veg,3.3,Delhi,25,"Spicy Cinnamon Roll - a spicy bakery dish, non-veg, priced at Rs.129. Served at The Bites #104 in Delhi, rated 3.3 stars."
415,104,The Bites #104,Classic Bagel,Bakery,249,mild,non-veg,3.3,Delhi,25,"Classic Bagel - a mild bakery dish, non-veg, priced at Rs.249. Served at The Bites #104 in Delhi, rated 3.3 stars."
416,104,The Bites #104,Cheesy Chicken Wrap,Fast Food,349,spicy,jain,3.3,Delhi,25,"Cheesy Chicken Wrap - a spicy fast food dish, jain, priced at Rs.349. Served at The Bites #104 in Delhi, rated 3.3 stars."
417,105,Urban Table #105,Steamed Gulab Jamun,Desserts,179,mild,vegan,3.9,Pune,29,"Steamed Gulab Jamun - a mild desserts dish, vegan, priced at Rs.179. Served at Urban Table #105 in Pune, rated 3.9 stars."
418,105,Urban Table #105,Cheesy Ice Cream Sundae,Desserts,399,spicy,veg,3.9,Pune,29,"Cheesy Ice Cream Sundae - a spicy desserts dish, veg, priced at Rs.399. Served at Urban Table #105 in Pune, rated 3.9 stars."
419,105,Urban Table #105,Fiery Chocolate Brownie,Desserts,149,very spicy,veg,3.9,Pune,29,"Fiery Chocolate Brownie - a very spicy desserts dish, veg, priced at Rs.149. Served at Urban Table #105 in Pune, rated 3.9 stars."
420,105,Urban Table #105,Crispy Cheesecake,Desserts,179,mild,jain,3.9,Pune,29,"Crispy Cheesecake - a mild desserts dish, jain, priced at Rs.179. Served at Urban Table #105 in Pune, rated 3.9 stars."
421,106,Grand Corner #106,Crispy Oats Bowl,Healthy Food,249,mild,jain,4.3,Mumbai,55,"Crispy Oats Bowl - a mild healthy food dish, jain, priced at Rs.249. Served at Grand Corner #106 in Mumbai, rated 4.3 stars."
422,106,Grand Corner #106,Creamy Smoothie Bowl,Healthy Food,349,very spicy,non-veg,4.3,Mumbai,55,"Creamy Smoothie Bowl - a very spicy healthy food dish, non-veg, priced at Rs.349. Served at Grand Corner #106 in Mumbai, rated 4.3 stars."
423,106,Grand Corner #106,Cheesy Cheese Burger,Fast Food,99,very spicy,jain,4.3,Mumbai,55,"Cheesy Cheese Burger - a very spicy fast food dish, jain, priced at Rs.99. Served at Grand Corner #106 in Mumbai, rated 4.3 stars."
424,106,Grand Corner #106,Tangy Smoothie Bowl,Healthy Food,149,mild,jain,4.3,Mumbai,55,"Tangy Smoothie Bowl - a mild healthy food dish, jain, priced at Rs.149. Served at Grand Corner #106 in Mumbai, rated 4.3 stars."
425,107,The Junction #107,Grilled Cheesecake,Desserts,249,very spicy,jain,4.2,Delhi,24,"Grilled Cheesecake - a very spicy desserts dish, jain, priced at Rs.249. Served at The Junction #107 in Delhi, rated 4.2 stars."
426,107,The Junction #107,Loaded Chocolate Brownie,Desserts,299,spicy,vegan,4.2,Delhi,24,"Loaded Chocolate Brownie - a spicy desserts dish, vegan, priced at Rs.299. Served at The Junction #107 in Delhi, rated 4.2 stars."
427,107,The Junction #107,Tangy Pasta Alfredo,Italian,299,spicy,vegan,4.2,Delhi,24,"Tangy Pasta Alfredo - a spicy italian dish, vegan, priced at Rs.299. Served at The Junction #107 in Delhi, rated 4.2 stars."
428,107,The Junction #107,Steamed Cheesecake,Desserts,179,medium,non-veg,4.2,Delhi,24,"Steamed Cheesecake - a medium desserts dish, non-veg, priced at Rs.179. Served at The Junction #107 in Delhi, rated 4.2 stars."
429,108,Royal House #108,Steamed Dal Makhani,North Indian,149,medium,vegan,4.4,Pune,43,"Steamed Dal Makhani - a medium north indian dish, vegan, priced at Rs.149. Served at Royal House #108 in Pune, rated 4.4 stars."
430,108,Royal House #108,Cheesy Dal Makhani,North Indian,349,very spicy,vegan,4.4,Pune,43,"Cheesy Dal Makhani - a very spicy north indian dish, vegan, priced at Rs.349. Served at Royal House #108 in Pune, rated 4.4 stars."
431,108,Royal House #108,Cheesy Butter Chicken,North Indian,129,mild,jain,4.4,Pune,43,"Cheesy Butter Chicken - a mild north indian dish, jain, priced at Rs.129. Served at Royal House #108 in Pune, rated 4.4 stars."
432,108,Royal House #108,Steamed Butter Chicken,North Indian,99,medium,vegan,4.4,Pune,43,"Steamed Butter Chicken - a medium north indian dish, vegan, priced at Rs.99. Served at Royal House #108 in Pune, rated 4.4 stars."
433,109,Grand House #109,Steamed Fresh Lime Soda,Beverages,199,medium,veg,3.8,Jamshedpur,47,"Steamed Fresh Lime Soda - a medium beverages dish, veg, priced at Rs.199. Served at Grand House #109 in Jamshedpur, rated 3.8 stars."
434,109,Grand House #109,Cheesy Cold Coffee,Beverages,99,spicy,jain,3.8,Jamshedpur,47,"Cheesy Cold Coffee - a spicy beverages dish, jain, priced at Rs.99. Served at Grand House #109 in Jamshedpur, rated 3.8 stars."
435,109,Grand House #109,Steamed Iced Tea,Beverages,399,medium,jain,3.8,Jamshedpur,47,"Steamed Iced Tea - a medium beverages dish, jain, priced at Rs.399. Served at Grand House #109 in Jamshedpur, rated 3.8 stars."
436,109,Grand House #109,Roasted Iced Tea,Beverages,199,mild,jain,3.8,Jamshedpur,47,"Roasted Iced Tea - a mild beverages dish, jain, priced at Rs.199. Served at Grand House #109 in Jamshedpur, rated 3.8 stars."
437,110,Cafe Kitchen #110,Steamed Pav Bhaji,Street Food,249,mild,veg,4.4,Hyderabad,16,"Steamed Pav Bhaji - a mild street food dish, veg, priced at Rs.249. Served at Cafe Kitchen #110 in Hyderabad, rated 4.4 stars."
438,110,Cafe Kitchen #110,Crispy Uttapam,South Indian,349,medium,vegan,4.4,Hyderabad,16,"Crispy Uttapam - a medium south indian dish, vegan, priced at Rs.349. Served at Cafe Kitchen #110 in Hyderabad, rated 4.4 stars."
439,110,Cafe Kitchen #110,Roasted Curd Rice,South Indian,179,medium,vegan,4.4,Hyderabad,16,"Roasted Curd Rice - a medium south indian dish, vegan, priced at Rs.179. Served at Cafe Kitchen #110 in Hyderabad, rated 4.4 stars."
440,110,Cafe Kitchen #110,Steamed Vada Pav,Street Food,129,medium,non-veg,4.4,Hyderabad,16,"Steamed Vada Pav - a medium street food dish, non-veg, priced at Rs.129. Served at Cafe Kitchen #110 in Hyderabad, rated 4.4 stars."
441,111,Grand Junction #111,Spicy Garlic Bread,Italian,299,spicy,vegan,4.8,Pune,51,"Spicy Garlic Bread - a spicy italian dish, vegan, priced at Rs.299. Served at Grand Junction #111 in Pune, rated 4.8 stars."
442,111,Grand Junction #111,Grilled Pasta Alfredo,Italian,199,mild,vegan,4.8,Pune,51,"Grilled Pasta Alfredo - a mild italian dish, vegan, priced at Rs.199. Served at Grand Junction #111 in Pune, rated 4.8 stars."
443,111,Grand Junction #111,Spicy Pasta Alfredo,Italian,149,spicy,veg,4.8,Pune,51,"Spicy Pasta Alfredo - a spicy italian dish, veg, priced at Rs.149. Served at Grand Junction #111 in Pune, rated 4.8 stars."
444,111,Grand Junction #111,Grilled Garlic Bread,Italian,399,spicy,veg,4.8,Pune,51,"Grilled Garlic Bread - a spicy italian dish, veg, priced at Rs.399. Served at Grand Junction #111 in Pune, rated 4.8 stars."
445,112,Royal Corner #112,Crispy Kathi Roll,Street Food,149,mild,non-veg,4.2,Pune,26,"Crispy Kathi Roll - a mild street food dish, non-veg, priced at Rs.149. Served at Royal Corner #112 in Pune, rated 4.2 stars."
446,112,Royal Corner #112,Cheesy Kathi Roll,Street Food,299,mild,vegan,4.2,Pune,26,"Cheesy Kathi Roll - a mild street food dish, vegan, priced at Rs.299. Served at Royal Corner #112 in Pune, rated 4.2 stars."
447,112,Royal Corner #112,Steamed Vada Pav,Street Food,249,spicy,vegan,4.2,Pune,26,"Steamed Vada Pav - a spicy street food dish, vegan, priced at Rs.249. Served at Royal Corner #112 in Pune, rated 4.2 stars."
448,112,Royal Corner #112,Grilled Vada Pav,Street Food,399,very spicy,veg,4.2,Pune,26,"Grilled Vada Pav - a very spicy street food dish, veg, priced at Rs.399. Served at Royal Corner #112 in Pune, rated 4.2 stars."
449,113,The Corner #113,Fiery Ice Cream Sundae,Desserts,179,medium,veg,3.8,Bangalore,21,"Fiery Ice Cream Sundae - a medium desserts dish, veg, priced at Rs.179. Served at The Corner #113 in Bangalore, rated 3.8 stars."
450,113,The Corner #113,Homestyle Fresh Lime Soda,Beverages,129,very spicy,vegan,3.8,Bangalore,21,"Homestyle Fresh Lime Soda - a very spicy beverages dish, vegan, priced at Rs.129. Served at The Corner #113 in Bangalore, rated 3.8 stars."
451,113,The Corner #113,Spicy Fresh Lime Soda,Beverages,399,spicy,jain,3.8,Bangalore,21,"Spicy Fresh Lime Soda - a spicy beverages dish, jain, priced at Rs.399. Served at The Corner #113 in Bangalore, rated 3.8 stars."
452,113,The Corner #113,Loaded Croissant,Bakery,179,spicy,veg,3.8,Bangalore,21,"Loaded Croissant - a spicy bakery dish, veg, priced at Rs.179. Served at The Corner #113 in Bangalore, rated 3.8 stars."
453,114,Urban Table #114,Cheesy Mutton Biryani,Biryani,399,mild,veg,3.5,Hyderabad,50,"Cheesy Mutton Biryani - a mild biryani dish, veg, priced at Rs.399. Served at Urban Table #114 in Hyderabad, rated 3.5 stars."
454,114,Urban Table #114,Steamed Mutton Biryani,Biryani,299,mild,non-veg,3.5,Hyderabad,50,"Steamed Mutton Biryani - a mild biryani dish, non-veg, priced at Rs.299. Served at Urban Table #114 in Hyderabad, rated 3.5 stars."
455,114,Urban Table #114,Roasted Chicken Biryani,Biryani,149,mild,jain,3.5,Hyderabad,50,"Roasted Chicken Biryani - a mild biryani dish, jain, priced at Rs.149. Served at Urban Table #114 in Hyderabad, rated 3.5 stars."
456,114,Urban Table #114,Creamy Chicken Biryani,Biryani,129,mild,non-veg,3.5,Hyderabad,50,"Creamy Chicken Biryani - a mild biryani dish, non-veg, priced at Rs.129. Served at Urban Table #114 in Hyderabad, rated 3.5 stars."
457,115,The House #115,Creamy Iced Tea,Beverages,179,spicy,jain,3.6,Bangalore,47,"Creamy Iced Tea - a spicy beverages dish, jain, priced at Rs.179. Served at The House #115 in Bangalore, rated 3.6 stars."
458,115,The House #115,Steamed Milkshake,Beverages,299,very spicy,vegan,3.6,Bangalore,47,"Steamed Milkshake - a very spicy beverages dish, vegan, priced at Rs.299. Served at The House #115 in Bangalore, rated 3.6 stars."
459,115,The House #115,Steamed Milkshake,Beverages,129,mild,veg,3.6,Bangalore,47,"Steamed Milkshake - a mild beverages dish, veg, priced at Rs.129. Served at The House #115 in Bangalore, rated 3.6 stars."
460,115,The House #115,Classic Mango Lassi,Beverages,399,mild,vegan,3.6,Bangalore,47,"Classic Mango Lassi - a mild beverages dish, vegan, priced at Rs.399. Served at The House #115 in Bangalore, rated 3.6 stars."
461,116,Cafe Corner #116,Creamy Cinnamon Roll,Bakery,199,very spicy,jain,3.1,Hyderabad,54,"Creamy Cinnamon Roll - a very spicy bakery dish, jain, priced at Rs.199. Served at Cafe Corner #116 in Hyderabad, rated 3.1 stars."
462,116,Cafe Corner #116,Fiery Croissant,Bakery,149,medium,non-veg,3.1,Hyderabad,54,"Fiery Croissant - a medium bakery dish, non-veg, priced at Rs.149. Served at Cafe Corner #116 in Hyderabad, rated 3.1 stars."
463,116,Cafe Corner #116,Loaded Cinnamon Roll,Bakery,149,spicy,vegan,3.1,Hyderabad,54,"Loaded Cinnamon Roll - a spicy bakery dish, vegan, priced at Rs.149. Served at Cafe Corner #116 in Hyderabad, rated 3.1 stars."
464,116,Cafe Corner #116,Cheesy Cinnamon Roll,Bakery,149,mild,veg,3.1,Hyderabad,54,"Cheesy Cinnamon Roll - a mild bakery dish, veg, priced at Rs.149. Served at Cafe Corner #116 in Hyderabad, rated 3.1 stars."
465,117,The Bites #117,Grilled Cinnamon Roll,Bakery,299,mild,vegan,4.0,Bangalore,43,"Grilled Cinnamon Roll - a mild bakery dish, vegan, priced at Rs.299. Served at The Bites #117 in Bangalore, rated 4.0 stars."
466,117,The Bites #117,Crispy Donut,Bakery,299,medium,non-veg,4.0,Bangalore,43,"Crispy Donut - a medium bakery dish, non-veg, priced at Rs.299. Served at The Bites #117 in Bangalore, rated 4.0 stars."
467,117,The Bites #117,Grilled Muffin,Bakery,199,medium,veg,4.0,Bangalore,43,"Grilled Muffin - a medium bakery dish, veg, priced at Rs.199. Served at The Bites #117 in Bangalore, rated 4.0 stars."
468,117,The Bites #117,Spicy Cinnamon Roll,Bakery,399,very spicy,veg,4.0,Bangalore,43,"Spicy Cinnamon Roll - a very spicy bakery dish, veg, priced at Rs.399. Served at The Bites #117 in Bangalore, rated 4.0 stars."
469,118,Grand Junction #118,Loaded Masala Dosa,South Indian,129,medium,jain,3.5,Chennai,34,"Loaded Masala Dosa - a medium south indian dish, jain, priced at Rs.129. Served at Grand Junction #118 in Chennai, rated 3.5 stars."
470,118,Grand Junction #118,Tangy Uttapam,South Indian,179,mild,vegan,3.5,Chennai,34,"Tangy Uttapam - a mild south indian dish, vegan, priced at Rs.179. Served at Grand Junction #118 in Chennai, rated 3.5 stars."
471,118,Grand Junction #118,Crispy Butter Chicken,North Indian,249,very spicy,jain,3.5,Chennai,34,"Crispy Butter Chicken - a very spicy north indian dish, jain, priced at Rs.249. Served at Grand Junction #118 in Chennai, rated 3.5 stars."
472,118,Grand Junction #118,Steamed Curd Rice,South Indian,199,medium,vegan,3.5,Chennai,34,"Steamed Curd Rice - a medium south indian dish, vegan, priced at Rs.199. Served at Grand Junction #118 in Chennai, rated 3.5 stars."
473,119,The Bites #119,Tangy Sandwich,Continental,99,spicy,non-veg,4.7,Chennai,22,"Tangy Sandwich - a spicy continental dish, non-veg, priced at Rs.99. Served at The Bites #119 in Chennai, rated 4.7 stars."
474,119,The Bites #119,Loaded Chole Bhature,North Indian,249,medium,vegan,4.7,Chennai,22,"Loaded Chole Bhature - a medium north indian dish, vegan, priced at Rs.249. Served at The Bites #119 in Chennai, rated 4.7 stars."
475,119,The Bites #119,Fiery Sandwich,Continental,249,spicy,jain,4.7,Chennai,22,"Fiery Sandwich - a spicy continental dish, jain, priced at Rs.249. Served at The Bites #119 in Chennai, rated 4.7 stars."
476,119,The Bites #119,Tangy Gulab Jamun,Desserts,129,spicy,non-veg,4.7,Chennai,22,"Tangy Gulab Jamun - a spicy desserts dish, non-veg, priced at Rs.129. Served at The Bites #119 in Chennai, rated 4.7 stars."
477,120,Cafe Table #120,Loaded French Fries,Fast Food,129,mild,veg,3.8,Bangalore,45,"Loaded French Fries - a mild fast food dish, veg, priced at Rs.129. Served at Cafe Table #120 in Bangalore, rated 3.8 stars."
478,120,Cafe Table #120,Grilled Cheese Burger,Fast Food,299,medium,veg,3.8,Bangalore,45,"Grilled Cheese Burger - a medium fast food dish, veg, priced at Rs.299. Served at Cafe Table #120 in Bangalore, rated 3.8 stars."
479,120,Cafe Table #120,Cheesy Chicken Wrap,Fast Food,399,very spicy,non-veg,3.8,Bangalore,45,"Cheesy Chicken Wrap - a very spicy fast food dish, non-veg, priced at Rs.399. Served at Cafe Table #120 in Bangalore, rated 3.8 stars."
480,120,Cafe Table #120,Crispy Milkshake,Beverages,199,medium,jain,3.8,Bangalore,45,"Crispy Milkshake - a medium beverages dish, jain, priced at Rs.199. Served at Cafe Table #120 in Bangalore, rated 3.8 stars."
481,121,Cafe Bites #121,Classic Milkshake,Beverages,399,mild,non-veg,3.4,Hyderabad,19,"Classic Milkshake - a mild beverages dish, non-veg, priced at Rs.399. Served at Cafe Bites #121 in Hyderabad, rated 3.4 stars."
482,121,Cafe Bites #121,Tangy Iced Tea,Beverages,349,medium,non-veg,3.4,Hyderabad,19,"Tangy Iced Tea - a medium beverages dish, non-veg, priced at Rs.349. Served at Cafe Bites #121 in Hyderabad, rated 3.4 stars."
483,121,Cafe Bites #121,Classic Milkshake,Beverages,99,medium,jain,3.4,Hyderabad,19,"Classic Milkshake - a medium beverages dish, jain, priced at Rs.99. Served at Cafe Bites #121 in Hyderabad, rated 3.4 stars."
484,121,Cafe Bites #121,Loaded Mango Lassi,Beverages,249,medium,veg,3.4,Hyderabad,19,"Loaded Mango Lassi - a medium beverages dish, veg, priced at Rs.249. Served at Cafe Bites #121 in Hyderabad, rated 3.4 stars."
485,122,Spice Junction #122,Classic Kathi Roll,Street Food,299,very spicy,jain,4.6,Bangalore,34,"Classic Kathi Roll - a very spicy street food dish, jain, priced at Rs.299. Served at Spice Junction #122 in Bangalore, rated 4.6 stars."
486,122,Spice Junction #122,Steamed Pani Puri,Street Food,249,mild,vegan,4.6,Bangalore,34,"Steamed Pani Puri - a mild street food dish, vegan, priced at Rs.249. Served at Spice Junction #122 in Bangalore, rated 4.6 stars."
487,122,Spice Junction #122,Cheesy Cheesecake,Desserts,149,very spicy,jain,4.6,Bangalore,34,"Cheesy Cheesecake - a very spicy desserts dish, jain, priced at Rs.149. Served at Spice Junction #122 in Bangalore, rated 4.6 stars."
488,122,Spice Junction #122,Steamed Cheesecake,Desserts,129,spicy,jain,4.6,Bangalore,34,"Steamed Cheesecake - a spicy desserts dish, jain, priced at Rs.129. Served at Spice Junction #122 in Bangalore, rated 4.6 stars."
489,123,Royal Corner #123,Homestyle Enchiladas,Mexican,249,spicy,jain,3.9,Pune,50,"Homestyle Enchiladas - a spicy mexican dish, jain, priced at Rs.249. Served at Royal Corner #123 in Pune, rated 3.9 stars."
490,123,Royal Corner #123,Spicy Cinnamon Roll,Bakery,399,medium,jain,3.9,Pune,50,"Spicy Cinnamon Roll - a medium bakery dish, jain, priced at Rs.399. Served at Royal Corner #123 in Pune, rated 3.9 stars."
491,123,Royal Corner #123,Creamy Burrito Bowl,Mexican,399,spicy,non-veg,3.9,Pune,50,"Creamy Burrito Bowl - a spicy mexican dish, non-veg, priced at Rs.399. Served at Royal Corner #123 in Pune, rated 3.9 stars."
492,123,Royal Corner #123,Tangy Burrito Bowl,Mexican,249,mild,non-veg,3.9,Pune,50,"Tangy Burrito Bowl - a mild mexican dish, non-veg, priced at Rs.249. Served at Royal Corner #123 in Pune, rated 3.9 stars."
493,124,Royal Table #124,Roasted Fresh Lime Soda,Beverages,129,very spicy,jain,4.1,Delhi,41,"Roasted Fresh Lime Soda - a very spicy beverages dish, jain, priced at Rs.129. Served at Royal Table #124 in Delhi, rated 4.1 stars."
494,124,Royal Table #124,Grilled Cold Coffee,Beverages,149,very spicy,veg,4.1,Delhi,41,"Grilled Cold Coffee - a very spicy beverages dish, veg, priced at Rs.149. Served at Royal Table #124 in Delhi, rated 4.1 stars."
495,124,Royal Table #124,Tangy Gulab Jamun,Desserts,149,medium,veg,4.1,Delhi,41,"Tangy Gulab Jamun - a medium desserts dish, veg, priced at Rs.149. Served at Royal Table #124 in Delhi, rated 4.1 stars."
496,124,Royal Table #124,Spicy Mutton Biryani,Biryani,149,spicy,non-veg,4.1,Delhi,41,"Spicy Mutton Biryani - a spicy biryani dish, non-veg, priced at Rs.149. Served at Royal Table #124 in Delhi, rated 4.1 stars."
497,125,Grand Corner #125,Grilled Prawn Biryani,Biryani,99,spicy,veg,4.7,Jamshedpur,39,"Grilled Prawn Biryani - a spicy biryani dish, veg, priced at Rs.99. Served at Grand Corner #125 in Jamshedpur, rated 4.7 stars."
498,125,Grand Corner #125,Grilled Egg Biryani,Biryani,349,very spicy,non-veg,4.7,Jamshedpur,39,"Grilled Egg Biryani - a very spicy biryani dish, non-veg, priced at Rs.349. Served at Grand Corner #125 in Jamshedpur, rated 4.7 stars."
499,125,Grand Corner #125,Grilled Egg Biryani,Biryani,149,medium,vegan,4.7,Jamshedpur,39,"Grilled Egg Biryani - a medium biryani dish, vegan, priced at Rs.149. Served at Grand Corner #125 in Jamshedpur, rated 4.7 stars."
500,125,Grand Corner #125,Fiery Veg Biryani,Biryani,129,medium,jain,4.7,Jamshedpur,39,"Fiery Veg Biryani - a medium biryani dish, jain, priced at Rs.129. Served at Grand Corner #125 in Jamshedpur, rated 4.7 stars."
501,126,Urban Kitchen #126,Creamy Muffin,Bakery,99,medium,jain,4.0,Delhi,21,"Creamy Muffin - a medium bakery dish, jain, priced at Rs.99. Served at Urban Kitchen #126 in Delhi, rated 4.0 stars."
502,126,Urban Kitchen #126,Creamy Kathi Roll,Street Food,149,very spicy,veg,4.0,Delhi,21,"Creamy Kathi Roll - a very spicy street food dish, veg, priced at Rs.149. Served at Urban Kitchen #126 in Delhi, rated 4.0 stars."
503,126,Urban Kitchen #126,Creamy Spring Rolls,Chinese,129,very spicy,non-veg,4.0,Delhi,21,"Creamy Spring Rolls - a very spicy chinese dish, non-veg, priced at Rs.129. Served at Urban Kitchen #126 in Delhi, rated 4.0 stars."
504,126,Urban Kitchen #126,Spicy Spring Rolls,Chinese,299,very spicy,vegan,4.0,Delhi,21,"Spicy Spring Rolls - a very spicy chinese dish, vegan, priced at Rs.299. Served at Urban Kitchen #126 in Delhi, rated 4.0 stars."
505,127,Urban Kitchen #127,Homestyle Curd Rice,South Indian,179,very spicy,jain,3.3,Jamshedpur,19,"Homestyle Curd Rice - a very spicy south indian dish, jain, priced at Rs.179. Served at Urban Kitchen #127 in Jamshedpur, rated 3.3 stars."
506,127,Urban Kitchen #127,Roasted Soup,Continental,129,very spicy,non-veg,3.3,Jamshedpur,19,"Roasted Soup - a very spicy continental dish, non-veg, priced at Rs.129. Served at Urban Kitchen #127 in Jamshedpur, rated 3.3 stars."
507,127,Urban Kitchen #127,Crispy Sandwich,Continental,129,spicy,jain,3.3,Jamshedpur,19,"Crispy Sandwich - a spicy continental dish, jain, priced at Rs.129. Served at Urban Kitchen #127 in Jamshedpur, rated 3.3 stars."
508,127,Urban Kitchen #127,Spicy Caesar Salad,Continental,99,mild,veg,3.3,Jamshedpur,19,"Spicy Caesar Salad - a mild continental dish, veg, priced at Rs.99. Served at Urban Kitchen #127 in Jamshedpur, rated 3.3 stars."
509,128,Spice Junction #128,Roasted French Fries,Fast Food,249,very spicy,vegan,3.8,Jamshedpur,36,"Roasted French Fries - a very spicy fast food dish, vegan, priced at Rs.249. Served at Spice Junction #128 in Jamshedpur, rated 3.8 stars."
510,128,Spice Junction #128,Homestyle Vada Pav,Street Food,199,spicy,jain,3.8,Jamshedpur,36,"Homestyle Vada Pav - a spicy street food dish, jain, priced at Rs.199. Served at Spice Junction #128 in Jamshedpur, rated 3.8 stars."
511,128,Spice Junction #128,Loaded Hot Dog,Fast Food,299,medium,jain,3.8,Jamshedpur,36,"Loaded Hot Dog - a medium fast food dish, jain, priced at Rs.299. Served at Spice Junction #128 in Jamshedpur, rated 3.8 stars."
512,128,Spice Junction #128,Classic French Fries,Fast Food,399,very spicy,vegan,3.8,Jamshedpur,36,"Classic French Fries - a very spicy fast food dish, vegan, priced at Rs.399. Served at Spice Junction #128 in Jamshedpur, rated 3.8 stars."
513,129,Grand Table #129,Classic Cheesecake,Desserts,299,medium,veg,3.9,Chennai,54,"Classic Cheesecake - a medium desserts dish, veg, priced at Rs.299. Served at Grand Table #129 in Chennai, rated 3.9 stars."
514,129,Grand Table #129,Fiery Mutton Biryani,Biryani,149,mild,non-veg,3.9,Chennai,54,"Fiery Mutton Biryani - a mild biryani dish, non-veg, priced at Rs.149. Served at Grand Table #129 in Chennai, rated 3.9 stars."
515,129,Grand Table #129,Classic Egg Biryani,Biryani,399,mild,non-veg,3.9,Chennai,54,"Classic Egg Biryani - a mild biryani dish, non-veg, priced at Rs.399. Served at Grand Table #129 in Chennai, rated 3.9 stars."
516,129,Grand Table #129,Creamy Gulab Jamun,Desserts,149,very spicy,jain,3.9,Chennai,54,"Creamy Gulab Jamun - a very spicy desserts dish, jain, priced at Rs.149. Served at Grand Table #129 in Chennai, rated 3.9 stars."
517,130,Grand Table #130,Loaded Margherita Pizza,Italian,179,spicy,veg,4.9,Bangalore,42,"Loaded Margherita Pizza - a spicy italian dish, veg, priced at Rs.179. Served at Grand Table #130 in Bangalore, rated 4.9 stars."
518,130,Grand Table #130,Homestyle Garlic Bread,Italian,399,spicy,veg,4.9,Bangalore,42,"Homestyle Garlic Bread - a spicy italian dish, veg, priced at Rs.399. Served at Grand Table #130 in Bangalore, rated 4.9 stars."
519,130,Grand Table #130,Fiery Garlic Bread,Italian,99,medium,vegan,4.9,Bangalore,42,"Fiery Garlic Bread - a medium italian dish, vegan, priced at Rs.99. Served at Grand Table #130 in Bangalore, rated 4.9 stars."
520,130,Grand Table #130,Grilled Margherita Pizza,Italian,399,medium,non-veg,4.9,Bangalore,42,"Grilled Margherita Pizza - a medium italian dish, non-veg, priced at Rs.399. Served at Grand Table #130 in Bangalore, rated 4.9 stars."
521,131,Grand Table #131,Crispy Bhel Puri,Street Food,99,medium,veg,3.2,Chennai,34,"Crispy Bhel Puri - a medium street food dish, veg, priced at Rs.99. Served at Grand Table #131 in Chennai, rated 3.2 stars."
522,131,Grand Table #131,Classic Pav Bhaji,Street Food,299,very spicy,non-veg,3.2,Chennai,34,"Classic Pav Bhaji - a very spicy street food dish, non-veg, priced at Rs.299. Served at Grand Table #131 in Chennai, rated 3.2 stars."
523,131,Grand Table #131,Creamy Pani Puri,Street Food,399,spicy,vegan,3.2,Chennai,34,"Creamy Pani Puri - a spicy street food dish, vegan, priced at Rs.399. Served at Grand Table #131 in Chennai, rated 3.2 stars."
524,131,Grand Table #131,Crispy Bhel Puri,Street Food,179,very spicy,jain,3.2,Chennai,34,"Crispy Bhel Puri - a very spicy street food dish, jain, priced at Rs.179. Served at Grand Table #131 in Chennai, rated 3.2 stars."
525,132,Spice Kitchen #132,Tangy Dal Makhani,North Indian,299,mild,veg,3.7,Bangalore,24,"Tangy Dal Makhani - a mild north indian dish, veg, priced at Rs.299. Served at Spice Kitchen #132 in Bangalore, rated 3.7 stars."
526,132,Spice Kitchen #132,Creamy Dal Makhani,North Indian,399,spicy,vegan,3.7,Bangalore,24,"Creamy Dal Makhani - a spicy north indian dish, vegan, priced at Rs.399. Served at Spice Kitchen #132 in Bangalore, rated 3.7 stars."
527,132,Spice Kitchen #132,Grilled Chole Bhature,North Indian,349,medium,vegan,3.7,Bangalore,24,"Grilled Chole Bhature - a medium north indian dish, vegan, priced at Rs.349. Served at Spice Kitchen #132 in Bangalore, rated 3.7 stars."
528,132,Spice Kitchen #132,Grilled Chole Bhature,North Indian,99,very spicy,veg,3.7,Bangalore,24,"Grilled Chole Bhature - a very spicy north indian dish, veg, priced at Rs.99. Served at Spice Kitchen #132 in Bangalore, rated 3.7 stars."
529,133,Urban Junction #133,Homestyle Grilled Chicken,Continental,179,medium,vegan,4.5,Jamshedpur,26,"Homestyle Grilled Chicken - a medium continental dish, vegan, priced at Rs.179. Served at Urban Junction #133 in Jamshedpur, rated 4.5 stars."
530,133,Urban Junction #133,Cheesy Steak,Continental,399,mild,vegan,4.5,Jamshedpur,26,"Cheesy Steak - a mild continental dish, vegan, priced at Rs.399. Served at Urban Junction #133 in Jamshedpur, rated 4.5 stars."
531,133,Urban Junction #133,Creamy Steak,Continental,299,spicy,veg,4.5,Jamshedpur,26,"Creamy Steak - a spicy continental dish, veg, priced at Rs.299. Served at Urban Junction #133 in Jamshedpur, rated 4.5 stars."
532,133,Urban Junction #133,Classic Sandwich,Continental,249,medium,vegan,4.5,Jamshedpur,26,"Classic Sandwich - a medium continental dish, vegan, priced at Rs.249. Served at Urban Junction #133 in Jamshedpur, rated 4.5 stars."
533,134,Urban Junction #134,Fiery Burrito Bowl,Mexican,179,medium,non-veg,3.5,Jamshedpur,29,"Fiery Burrito Bowl - a medium mexican dish, non-veg, priced at Rs.179. Served at Urban Junction #134 in Jamshedpur, rated 3.5 stars."
534,134,Urban Junction #134,Crispy Burrito Bowl,Mexican,179,medium,vegan,3.5,Jamshedpur,29,"Crispy Burrito Bowl - a medium mexican dish, vegan, priced at Rs.179. Served at Urban Junction #134 in Jamshedpur, rated 3.5 stars."
535,134,Urban Junction #134,Creamy Tacos,Mexican,129,very spicy,veg,3.5,Jamshedpur,29,"Creamy Tacos - a very spicy mexican dish, veg, priced at Rs.129. Served at Urban Junction #134 in Jamshedpur, rated 3.5 stars."
536,134,Urban Junction #134,Classic Quesadilla,Mexican,249,very spicy,vegan,3.5,Jamshedpur,29,"Classic Quesadilla - a very spicy mexican dish, vegan, priced at Rs.249. Served at Urban Junction #134 in Jamshedpur, rated 3.5 stars."
537,135,Urban House #135,Cheesy French Fries,Fast Food,199,very spicy,non-veg,3.0,Jamshedpur,33,"Cheesy French Fries - a very spicy fast food dish, non-veg, priced at Rs.199. Served at Urban House #135 in Jamshedpur, rated 3.0 stars."
538,135,Urban House #135,Cheesy Croissant,Bakery,299,very spicy,veg,3.0,Jamshedpur,33,"Cheesy Croissant - a very spicy bakery dish, veg, priced at Rs.299. Served at Urban House #135 in Jamshedpur, rated 3.0 stars."
539,135,Urban House #135,Steamed Nuggets,Fast Food,149,very spicy,veg,3.0,Jamshedpur,33,"Steamed Nuggets - a very spicy fast food dish, veg, priced at Rs.149. Served at Urban House #135 in Jamshedpur, rated 3.0 stars."
540,135,Urban House #135,Roasted Chicken Wrap,Fast Food,99,mild,non-veg,3.0,Jamshedpur,33,"Roasted Chicken Wrap - a mild fast food dish, non-veg, priced at Rs.99. Served at Urban House #135 in Jamshedpur, rated 3.0 stars."
541,136,Urban House #136,Creamy Spring Rolls,Chinese,249,spicy,vegan,3.6,Pune,31,"Creamy Spring Rolls - a spicy chinese dish, vegan, priced at Rs.249. Served at Urban House #136 in Pune, rated 3.6 stars."
542,136,Urban House #136,Loaded Soup,Continental,179,spicy,jain,3.6,Pune,31,"Loaded Soup - a spicy continental dish, jain, priced at Rs.179. Served at Urban House #136 in Pune, rated 3.6 stars."
543,136,Urban House #136,Classic Uttapam,South Indian,149,very spicy,jain,3.6,Pune,31,"Classic Uttapam - a very spicy south indian dish, jain, priced at Rs.149. Served at Urban House #136 in Pune, rated 3.6 stars."
544,136,Urban House #136,Roasted Sandwich,Continental,249,spicy,jain,3.6,Pune,31,"Roasted Sandwich - a spicy continental dish, jain, priced at Rs.249. Served at Urban House #136 in Pune, rated 3.6 stars."
545,137,Urban Corner #137,Tangy Garlic Bread,Italian,149,medium,veg,3.5,Mumbai,51,"Tangy Garlic Bread - a medium italian dish, veg, priced at Rs.149. Served at Urban Corner #137 in Mumbai, rated 3.5 stars."
546,137,Urban Corner #137,Cheesy Pasta Alfredo,Italian,299,very spicy,non-veg,3.5,Mumbai,51,"Cheesy Pasta Alfredo - a very spicy italian dish, non-veg, priced at Rs.299. Served at Urban Corner #137 in Mumbai, rated 3.5 stars."
547,137,Urban Corner #137,Fiery French Fries,Fast Food,99,medium,jain,3.5,Mumbai,51,"Fiery French Fries - a medium fast food dish, jain, priced at Rs.99. Served at Urban Corner #137 in Mumbai, rated 3.5 stars."
548,137,Urban Corner #137,Steamed Pasta Alfredo,Italian,399,spicy,jain,3.5,Mumbai,51,"Steamed Pasta Alfredo - a spicy italian dish, jain, priced at Rs.399. Served at Urban Corner #137 in Mumbai, rated 3.5 stars."
549,138,The Table #138,Cheesy Chicken Wrap,Fast Food,99,very spicy,veg,3.5,Hyderabad,53,"Cheesy Chicken Wrap - a very spicy fast food dish, veg, priced at Rs.99. Served at The Table #138 in Hyderabad, rated 3.5 stars."
550,138,The Table #138,Crispy Quinoa Salad,Healthy Food,199,very spicy,veg,3.5,Hyderabad,53,"Crispy Quinoa Salad - a very spicy healthy food dish, veg, priced at Rs.199. Served at The Table #138 in Hyderabad, rated 3.5 stars."
551,138,The Table #138,Loaded Chicken Wrap,Fast Food,249,spicy,vegan,3.5,Hyderabad,53,"Loaded Chicken Wrap - a spicy fast food dish, vegan, priced at Rs.249. Served at The Table #138 in Hyderabad, rated 3.5 stars."
552,138,The Table #138,Homestyle Cheese Burger,Fast Food,129,spicy,non-veg,3.5,Hyderabad,53,"Homestyle Cheese Burger - a spicy fast food dish, non-veg, priced at Rs.129. Served at The Table #138 in Hyderabad, rated 3.5 stars."
553,139,Cafe House #139,Steamed Risotto,Italian,399,medium,vegan,4.2,Delhi,23,"Steamed Risotto - a medium italian dish, vegan, priced at Rs.399. Served at Cafe House #139 in Delhi, rated 4.2 stars."
554,139,Cafe House #139,Steamed Chicken Wrap,Fast Food,399,very spicy,jain,4.2,Delhi,23,"Steamed Chicken Wrap - a very spicy fast food dish, jain, priced at Rs.399. Served at Cafe House #139 in Delhi, rated 4.2 stars."
555,139,Cafe House #139,Grilled Milkshake,Beverages,199,very spicy,non-veg,4.2,Delhi,23,"Grilled Milkshake - a very spicy beverages dish, non-veg, priced at Rs.199. Served at Cafe House #139 in Delhi, rated 4.2 stars."
556,139,Cafe House #139,Homestyle Fresh Lime Soda,Beverages,299,mild,veg,4.2,Delhi,23,"Homestyle Fresh Lime Soda - a mild beverages dish, veg, priced at Rs.299. Served at Cafe House #139 in Delhi, rated 4.2 stars."
557,140,The House #140,Crispy Uttapam,South Indian,249,spicy,vegan,3.8,Chennai,23,"Crispy Uttapam - a spicy south indian dish, vegan, priced at Rs.249. Served at The House #140 in Chennai, rated 3.8 stars."
558,140,The House #140,Grilled Sprout Salad,Healthy Food,299,spicy,jain,3.8,Chennai,23,"Grilled Sprout Salad - a spicy healthy food dish, jain, priced at Rs.299. Served at The House #140 in Chennai, rated 3.8 stars."
559,140,The House #140,Cheesy Cinnamon Roll,Bakery,349,very spicy,non-veg,3.8,Chennai,23,"Cheesy Cinnamon Roll - a very spicy bakery dish, non-veg, priced at Rs.349. Served at The House #140 in Chennai, rated 3.8 stars."
560,140,The House #140,Tangy Masala Dosa,South Indian,179,spicy,veg,3.8,Chennai,23,"Tangy Masala Dosa - a spicy south indian dish, veg, priced at Rs.179. Served at The House #140 in Chennai, rated 3.8 stars."
561,141,Spice Table #141,Homestyle French Fries,Fast Food,129,mild,veg,3.3,Hyderabad,49,"Homestyle French Fries - a mild fast food dish, veg, priced at Rs.129. Served at Spice Table #141 in Hyderabad, rated 3.3 stars."
562,141,Spice Table #141,Spicy Hot Dog,Fast Food,99,very spicy,veg,3.3,Hyderabad,49,"Spicy Hot Dog - a very spicy fast food dish, veg, priced at Rs.99. Served at Spice Table #141 in Hyderabad, rated 3.3 stars."
563,141,Spice Table #141,Grilled Chicken Wrap,Fast Food,149,mild,jain,3.3,Hyderabad,49,"Grilled Chicken Wrap - a mild fast food dish, jain, priced at Rs.149. Served at Spice Table #141 in Hyderabad, rated 3.3 stars."
564,141,Spice Table #141,Crispy French Fries,Fast Food,199,very spicy,non-veg,3.3,Hyderabad,49,"Crispy French Fries - a very spicy fast food dish, non-veg, priced at Rs.199. Served at Spice Table #141 in Hyderabad, rated 3.3 stars."
565,142,Spice Bites #142,Tangy Soup,Continental,99,mild,vegan,4.7,Bangalore,33,"Tangy Soup - a mild continental dish, vegan, priced at Rs.99. Served at Spice Bites #142 in Bangalore, rated 4.7 stars."
566,142,Spice Bites #142,Fiery Pav Bhaji,Street Food,399,spicy,jain,4.7,Bangalore,33,"Fiery Pav Bhaji - a spicy street food dish, jain, priced at Rs.399. Served at Spice Bites #142 in Bangalore, rated 4.7 stars."
567,142,Spice Bites #142,Tangy Soup,Continental,349,very spicy,vegan,4.7,Bangalore,33,"Tangy Soup - a very spicy continental dish, vegan, priced at Rs.349. Served at Spice Bites #142 in Bangalore, rated 4.7 stars."
568,142,Spice Bites #142,Cheesy Pav Bhaji,Street Food,179,mild,jain,4.7,Bangalore,33,"Cheesy Pav Bhaji - a mild street food dish, jain, priced at Rs.179. Served at Spice Bites #142 in Bangalore, rated 4.7 stars."
569,143,The Bites #143,Homestyle Uttapam,South Indian,199,medium,vegan,4.8,Chennai,50,"Homestyle Uttapam - a medium south indian dish, vegan, priced at Rs.199. Served at The Bites #143 in Chennai, rated 4.8 stars."
570,143,The Bites #143,Cheesy Chicken Biryani,Biryani,149,spicy,vegan,4.8,Chennai,50,"Cheesy Chicken Biryani - a spicy biryani dish, vegan, priced at Rs.149. Served at The Bites #143 in Chennai, rated 4.8 stars."
571,143,The Bites #143,Spicy Curd Rice,South Indian,349,very spicy,vegan,4.8,Chennai,50,"Spicy Curd Rice - a very spicy south indian dish, vegan, priced at Rs.349. Served at The Bites #143 in Chennai, rated 4.8 stars."
572,143,The Bites #143,Loaded Egg Biryani,Biryani,179,mild,vegan,4.8,Chennai,50,"Loaded Egg Biryani - a mild biryani dish, vegan, priced at Rs.179. Served at The Bites #143 in Chennai, rated 4.8 stars."
573,144,The House #144,Cheesy Filter Coffee,South Indian,299,very spicy,non-veg,3.2,Pune,31,"Cheesy Filter Coffee - a very spicy south indian dish, non-veg, priced at Rs.299. Served at The House #144 in Pune, rated 3.2 stars."
574,144,The House #144,Homestyle Filter Coffee,South Indian,179,spicy,veg,3.2,Pune,31,"Homestyle Filter Coffee - a spicy south indian dish, veg, priced at Rs.179. Served at The House #144 in Pune, rated 3.2 stars."
575,144,The House #144,Cheesy Chocolate Brownie,Desserts,199,spicy,vegan,3.2,Pune,31,"Cheesy Chocolate Brownie - a spicy desserts dish, vegan, priced at Rs.199. Served at The House #144 in Pune, rated 3.2 stars."
576,144,The House #144,Creamy Chocolate Brownie,Desserts,149,medium,vegan,3.2,Pune,31,"Creamy Chocolate Brownie - a medium desserts dish, vegan, priced at Rs.149. Served at The House #144 in Pune, rated 3.2 stars."
577,145,The Table #145,Grilled Rasmalai,Desserts,349,spicy,jain,3.9,Delhi,54,"Grilled Rasmalai - a spicy desserts dish, jain, priced at Rs.349. Served at The Table #145 in Delhi, rated 3.9 stars."
578,145,The Table #145,Spicy Ice Cream Sundae,Desserts,149,mild,veg,3.9,Delhi,54,"Spicy Ice Cream Sundae - a mild desserts dish, veg, priced at Rs.149. Served at The Table #145 in Delhi, rated 3.9 stars."
579,145,The Table #145,Loaded Gulab Jamun,Desserts,199,medium,jain,3.9,Delhi,54,"Loaded Gulab Jamun - a medium desserts dish, jain, priced at Rs.199. Served at The Table #145 in Delhi, rated 3.9 stars."
580,145,The Table #145,Crispy Chicken Biryani,Biryani,129,medium,veg,3.9,Delhi,54,"Crispy Chicken Biryani - a medium biryani dish, veg, priced at Rs.129. Served at The Table #145 in Delhi, rated 3.9 stars."
581,146,The Table #146,Classic Muffin,Bakery,299,spicy,jain,3.9,Chennai,41,"Classic Muffin - a spicy bakery dish, jain, priced at Rs.299. Served at The Table #146 in Chennai, rated 3.9 stars."
582,146,The Table #146,Roasted Bagel,Bakery,99,spicy,veg,3.9,Chennai,41,"Roasted Bagel - a spicy bakery dish, veg, priced at Rs.99. Served at The Table #146 in Chennai, rated 3.9 stars."
583,146,The Table #146,Loaded Croissant,Bakery,299,mild,jain,3.9,Chennai,41,"Loaded Croissant - a mild bakery dish, jain, priced at Rs.299. Served at The Table #146 in Chennai, rated 3.9 stars."
584,146,The Table #146,Loaded Muffin,Bakery,299,mild,veg,3.9,Chennai,41,"Loaded Muffin - a mild bakery dish, veg, priced at Rs.299. Served at The Table #146 in Chennai, rated 3.9 stars."
585,147,The Kitchen #147,Fiery Momos,Chinese,179,mild,non-veg,4.9,Bangalore,21,"Fiery Momos - a mild chinese dish, non-veg, priced at Rs.179. Served at The Kitchen #147 in Bangalore, rated 4.9 stars."
586,147,The Kitchen #147,Cheesy Hakka Noodles,Chinese,179,very spicy,jain,4.9,Bangalore,21,"Cheesy Hakka Noodles - a very spicy chinese dish, jain, priced at Rs.179. Served at The Kitchen #147 in Bangalore, rated 4.9 stars."
587,147,The Kitchen #147,Tangy Fried Rice,Chinese,99,mild,vegan,4.9,Bangalore,21,"Tangy Fried Rice - a mild chinese dish, vegan, priced at Rs.99. Served at The Kitchen #147 in Bangalore, rated 4.9 stars."
588,147,The Kitchen #147,Crispy Fried Rice,Chinese,249,mild,non-veg,4.9,Bangalore,21,"Crispy Fried Rice - a mild chinese dish, non-veg, priced at Rs.249. Served at The Kitchen #147 in Bangalore, rated 4.9 stars."
589,148,Royal Corner #148,Steamed Caesar Salad,Continental,299,spicy,veg,3.7,Hyderabad,52,"Steamed Caesar Salad - a spicy continental dish, veg, priced at Rs.299. Served at Royal Corner #148 in Hyderabad, rated 3.7 stars."
590,148,Royal Corner #148,Grilled Steak,Continental,129,very spicy,non-veg,3.7,Hyderabad,52,"Grilled Steak - a very spicy continental dish, non-veg, priced at Rs.129. Served at Royal Corner #148 in Hyderabad, rated 3.7 stars."
591,148,Royal Corner #148,Grilled Grilled Chicken,Continental,349,medium,vegan,3.7,Hyderabad,52,"Grilled Grilled Chicken - a medium continental dish, vegan, priced at Rs.349. Served at Royal Corner #148 in Hyderabad, rated 3.7 stars."
592,148,Royal Corner #148,Tangy Caesar Salad,Continental,349,mild,vegan,3.7,Hyderabad,52,"Tangy Caesar Salad - a mild continental dish, vegan, priced at Rs.349. Served at Royal Corner #148 in Hyderabad, rated 3.7 stars."
593,149,Grand Kitchen #149,Spicy Gulab Jamun,Desserts,249,medium,veg,3.9,Chennai,32,"Spicy Gulab Jamun - a medium desserts dish, veg, priced at Rs.249. Served at Grand Kitchen #149 in Chennai, rated 3.9 stars."
594,149,Grand Kitchen #149,Crispy Oats Bowl,Healthy Food,249,spicy,jain,3.9,Chennai,32,"Crispy Oats Bowl - a spicy healthy food dish, jain, priced at Rs.249. Served at Grand Kitchen #149 in Chennai, rated 3.9 stars."
595,149,Grand Kitchen #149,Spicy Chocolate Brownie,Desserts,299,spicy,non-veg,3.9,Chennai,32,"Spicy Chocolate Brownie - a spicy desserts dish, non-veg, priced at Rs.299. Served at Grand Kitchen #149 in Chennai, rated 3.9 stars."
596,149,Grand Kitchen #149,Fiery Hakka Noodles,Chinese,349,spicy,jain,3.9,Chennai,32,"Fiery Hakka Noodles - a spicy chinese dish, jain, priced at Rs.349. Served at Grand Kitchen #149 in Chennai, rated 3.9 stars."
597,150,Spice Bites #150,Tangy Smoothie Bowl,Healthy Food,399,spicy,vegan,3.8,Hyderabad,38,"Tangy Smoothie Bowl - a spicy healthy food dish, vegan, priced at Rs.399. Served at Spice Bites #150 in Hyderabad, rated 3.8 stars."
598,150,Spice Bites #150,Grilled Sprout Salad,Healthy Food,399,medium,veg,3.8,Hyderabad,38,"Grilled Sprout Salad - a medium healthy food dish, veg, priced at Rs.399. Served at Spice Bites #150 in Hyderabad, rated 3.8 stars."
599,150,Spice Bites #150,Loaded Oats Bowl,Healthy Food,199,spicy,jain,3.8,Hyderabad,38,"Loaded Oats Bowl - a spicy healthy food dish, jain, priced at Rs.199. Served at Spice Bites #150 in Hyderabad, rated 3.8 stars."
600,150,Spice Bites #150,Homestyle Smoothie Bowl,Healthy Food,149,mild,vegan,3.8,Hyderabad,38,"Homestyle Smoothie Bowl - a mild healthy food dish, vegan, priced at Rs.149. Served at Spice Bites #150 in Hyderabad, rated 3.8 stars."
601,151,Spice Junction #151,Roasted Donut,Bakery,129,very spicy,non-veg,3.7,Jamshedpur,32,"Roasted Donut - a very spicy bakery dish, non-veg, priced at Rs.129. Served at Spice Junction #151 in Jamshedpur, rated 3.7 stars."
602,151,Spice Junction #151,Tangy Cinnamon Roll,Bakery,199,spicy,jain,3.7,Jamshedpur,32,"Tangy Cinnamon Roll - a spicy bakery dish, jain, priced at Rs.199. Served at Spice Junction #151 in Jamshedpur, rated 3.7 stars."
603,151,Spice Junction #151,Creamy Croissant,Bakery,399,mild,veg,3.7,Jamshedpur,32,"Creamy Croissant - a mild bakery dish, veg, priced at Rs.399. Served at Spice Junction #151 in Jamshedpur, rated 3.7 stars."
604,151,Spice Junction #151,Spicy Muffin,Bakery,179,mild,jain,3.7,Jamshedpur,32,"Spicy Muffin - a mild bakery dish, jain, priced at Rs.179. Served at Spice Junction #151 in Jamshedpur, rated 3.7 stars."
605,152,Urban Kitchen #152,Spicy Masala Dosa,South Indian,299,very spicy,vegan,3.4,Jamshedpur,18,"Spicy Masala Dosa - a very spicy south indian dish, vegan, priced at Rs.299. Served at Urban Kitchen #152 in Jamshedpur, rated 3.4 stars."
606,152,Urban Kitchen #152,Crispy Uttapam,South Indian,129,mild,non-veg,3.4,Jamshedpur,18,"Crispy Uttapam - a mild south indian dish, non-veg, priced at Rs.129. Served at Urban Kitchen #152 in Jamshedpur, rated 3.4 stars."
607,152,Urban Kitchen #152,Fiery Masala Dosa,South Indian,99,spicy,jain,3.4,Jamshedpur,18,"Fiery Masala Dosa - a spicy south indian dish, jain, priced at Rs.99. Served at Urban Kitchen #152 in Jamshedpur, rated 3.4 stars."
608,152,Urban Kitchen #152,Grilled Masala Dosa,South Indian,199,mild,veg,3.4,Jamshedpur,18,"Grilled Masala Dosa - a mild south indian dish, veg, priced at Rs.199. Served at Urban Kitchen #152 in Jamshedpur, rated 3.4 stars."
609,153,Cafe Bites #153,Crispy Hakka Noodles,Chinese,399,mild,veg,4.6,Mumbai,52,"Crispy Hakka Noodles - a mild chinese dish, veg, priced at Rs.399. Served at Cafe Bites #153 in Mumbai, rated 4.6 stars."
610,153,Cafe Bites #153,Homestyle Risotto,Italian,179,medium,non-veg,4.6,Mumbai,52,"Homestyle Risotto - a medium italian dish, non-veg, priced at Rs.179. Served at Cafe Bites #153 in Mumbai, rated 4.6 stars."
611,153,Cafe Bites #153,Roasted Risotto,Italian,399,very spicy,veg,4.6,Mumbai,52,"Roasted Risotto - a very spicy italian dish, veg, priced at Rs.399. Served at Cafe Bites #153 in Mumbai, rated 4.6 stars."
612,153,Cafe Bites #153,Roasted Momos,Chinese,299,mild,non-veg,4.6,Mumbai,52,"Roasted Momos - a mild chinese dish, non-veg, priced at Rs.299. Served at Cafe Bites #153 in Mumbai, rated 4.6 stars."
613,154,Spice Bites #154,Homestyle Risotto,Italian,399,spicy,non-veg,4.7,Chennai,32,"Homestyle Risotto - a spicy italian dish, non-veg, priced at Rs.399. Served at Spice Bites #154 in Chennai, rated 4.7 stars."
614,154,Spice Bites #154,Classic Lasagna,Italian,399,spicy,vegan,4.7,Chennai,32,"Classic Lasagna - a spicy italian dish, vegan, priced at Rs.399. Served at Spice Bites #154 in Chennai, rated 4.7 stars."
615,154,Spice Bites #154,Roasted Garlic Bread,Italian,249,medium,non-veg,4.7,Chennai,32,"Roasted Garlic Bread - a medium italian dish, non-veg, priced at Rs.249. Served at Spice Bites #154 in Chennai, rated 4.7 stars."
616,154,Spice Bites #154,Roasted Risotto,Italian,199,spicy,jain,4.7,Chennai,32,"Roasted Risotto - a spicy italian dish, jain, priced at Rs.199. Served at Spice Bites #154 in Chennai, rated 4.7 stars."
617,155,Cafe House #155,Spicy Momos,Chinese,99,spicy,veg,3.3,Chennai,23,"Spicy Momos - a spicy chinese dish, veg, priced at Rs.99. Served at Cafe House #155 in Chennai, rated 3.3 stars."
618,155,Cafe House #155,Spicy Fried Rice,Chinese,199,medium,non-veg,3.3,Chennai,23,"Spicy Fried Rice - a medium chinese dish, non-veg, priced at Rs.199. Served at Cafe House #155 in Chennai, rated 3.3 stars."
619,155,Cafe House #155,Roasted Hakka Noodles,Chinese,199,medium,veg,3.3,Chennai,23,"Roasted Hakka Noodles - a medium chinese dish, veg, priced at Rs.199. Served at Cafe House #155 in Chennai, rated 3.3 stars."
620,155,Cafe House #155,Classic Momos,Chinese,149,medium,vegan,3.3,Chennai,23,"Classic Momos - a medium chinese dish, vegan, priced at Rs.149. Served at Cafe House #155 in Chennai, rated 3.3 stars."
621,156,Royal Junction #156,Crispy Prawn Biryani,Biryani,179,spicy,vegan,3.0,Bangalore,18,"Crispy Prawn Biryani - a spicy biryani dish, vegan, priced at Rs.179. Served at Royal Junction #156 in Bangalore, rated 3.0 stars."
622,156,Royal Junction #156,Homestyle Prawn Biryani,Biryani,179,mild,vegan,3.0,Bangalore,18,"Homestyle Prawn Biryani - a mild biryani dish, vegan, priced at Rs.179. Served at Royal Junction #156 in Bangalore, rated 3.0 stars."
623,156,Royal Junction #156,Fiery Mutton Biryani,Biryani,129,spicy,veg,3.0,Bangalore,18,"Fiery Mutton Biryani - a spicy biryani dish, veg, priced at Rs.129. Served at Royal Junction #156 in Bangalore, rated 3.0 stars."
624,156,Royal Junction #156,Spicy Chicken Biryani,Biryani,249,spicy,jain,3.0,Bangalore,18,"Spicy Chicken Biryani - a spicy biryani dish, jain, priced at Rs.249. Served at Royal Junction #156 in Bangalore, rated 3.0 stars."
625,157,Urban Junction #157,Crispy Quinoa Salad,Healthy Food,99,very spicy,veg,4.4,Mumbai,43,"Crispy Quinoa Salad - a very spicy healthy food dish, veg, priced at Rs.99. Served at Urban Junction #157 in Mumbai, rated 4.4 stars."
626,157,Urban Junction #157,Spicy Smoothie Bowl,Healthy Food,249,medium,vegan,4.4,Mumbai,43,"Spicy Smoothie Bowl - a medium healthy food dish, vegan, priced at Rs.249. Served at Urban Junction #157 in Mumbai, rated 4.4 stars."
627,157,Urban Junction #157,Spicy Grilled Tofu Bowl,Healthy Food,299,very spicy,veg,4.4,Mumbai,43,"Spicy Grilled Tofu Bowl - a very spicy healthy food dish, veg, priced at Rs.299. Served at Urban Junction #157 in Mumbai, rated 4.4 stars."
628,157,Urban Junction #157,Loaded Oats Bowl,Healthy Food,299,medium,non-veg,4.4,Mumbai,43,"Loaded Oats Bowl - a medium healthy food dish, non-veg, priced at Rs.299. Served at Urban Junction #157 in Mumbai, rated 4.4 stars."
629,158,The Corner #158,Fiery Tacos,Mexican,99,very spicy,vegan,3.4,Pune,48,"Fiery Tacos - a very spicy mexican dish, vegan, priced at Rs.99. Served at The Corner #158 in Pune, rated 3.4 stars."
630,158,The Corner #158,Cheesy Sandwich,Continental,299,medium,non-veg,3.4,Pune,48,"Cheesy Sandwich - a medium continental dish, non-veg, priced at Rs.299. Served at The Corner #158 in Pune, rated 3.4 stars."
631,158,The Corner #158,Crispy Enchiladas,Mexican,349,very spicy,non-veg,3.4,Pune,48,"Crispy Enchiladas - a very spicy mexican dish, non-veg, priced at Rs.349. Served at The Corner #158 in Pune, rated 3.4 stars."
632,158,The Corner #158,Creamy Caesar Salad,Continental,199,very spicy,vegan,3.4,Pune,48,"Creamy Caesar Salad - a very spicy continental dish, vegan, priced at Rs.199. Served at The Corner #158 in Pune, rated 3.4 stars."
633,159,The Kitchen #159,Steamed Mango Lassi,Beverages,299,very spicy,vegan,4.6,Hyderabad,21,"Steamed Mango Lassi - a very spicy beverages dish, vegan, priced at Rs.299. Served at The Kitchen #159 in Hyderabad, rated 4.6 stars."
634,159,The Kitchen #159,Classic Muffin,Bakery,249,mild,vegan,4.6,Hyderabad,21,"Classic Muffin - a mild bakery dish, vegan, priced at Rs.249. Served at The Kitchen #159 in Hyderabad, rated 4.6 stars."
635,159,The Kitchen #159,Grilled Fresh Lime Soda,Beverages,349,medium,jain,4.6,Hyderabad,21,"Grilled Fresh Lime Soda - a medium beverages dish, jain, priced at Rs.349. Served at The Kitchen #159 in Hyderabad, rated 4.6 stars."
636,159,The Kitchen #159,Crispy Cold Coffee,Beverages,249,medium,veg,4.6,Hyderabad,21,"Crispy Cold Coffee - a medium beverages dish, veg, priced at Rs.249. Served at The Kitchen #159 in Hyderabad, rated 4.6 stars."
637,160,The Kitchen #160,Crispy Quinoa Salad,Healthy Food,149,spicy,veg,4.2,Bangalore,23,"Crispy Quinoa Salad - a spicy healthy food dish, veg, priced at Rs.149. Served at The Kitchen #160 in Bangalore, rated 4.2 stars."
638,160,The Kitchen #160,Loaded Mango Lassi,Beverages,349,very spicy,veg,4.2,Bangalore,23,"Loaded Mango Lassi - a very spicy beverages dish, veg, priced at Rs.349. Served at The Kitchen #160 in Bangalore, rated 4.2 stars."
639,160,The Kitchen #160,Roasted Cold Coffee,Beverages,399,medium,non-veg,4.2,Bangalore,23,"Roasted Cold Coffee - a medium beverages dish, non-veg, priced at Rs.399. Served at The Kitchen #160 in Bangalore, rated 4.2 stars."
640,160,The Kitchen #160,Fiery Iced Tea,Beverages,149,mild,jain,4.2,Bangalore,23,"Fiery Iced Tea - a mild beverages dish, jain, priced at Rs.149. Served at The Kitchen #160 in Bangalore, rated 4.2 stars."
641,161,Cafe Junction #161,Tangy Nachos,Mexican,99,spicy,non-veg,3.6,Jamshedpur,44,"Tangy Nachos - a spicy mexican dish, non-veg, priced at Rs.99. Served at Cafe Junction #161 in Jamshedpur, rated 3.6 stars."
642,161,Cafe Junction #161,Fiery Croissant,Bakery,99,mild,jain,3.6,Jamshedpur,44,"Fiery Croissant - a mild bakery dish, jain, priced at Rs.99. Served at Cafe Junction #161 in Jamshedpur, rated 3.6 stars."
643,161,Cafe Junction #161,Creamy Donut,Bakery,99,spicy,jain,3.6,Jamshedpur,44,"Creamy Donut - a spicy bakery dish, jain, priced at Rs.99. Served at Cafe Junction #161 in Jamshedpur, rated 3.6 stars."
644,161,Cafe Junction #161,Cheesy Quesadilla,Mexican,129,spicy,jain,3.6,Jamshedpur,44,"Cheesy Quesadilla - a spicy mexican dish, jain, priced at Rs.129. Served at Cafe Junction #161 in Jamshedpur, rated 3.6 stars."
645,162,Grand Kitchen #162,Creamy Curd Rice,South Indian,149,medium,jain,4.2,Chennai,42,"Creamy Curd Rice - a medium south indian dish, jain, priced at Rs.149. Served at Grand Kitchen #162 in Chennai, rated 4.2 stars."
646,162,Grand Kitchen #162,Spicy Masala Dosa,South Indian,179,spicy,vegan,4.2,Chennai,42,"Spicy Masala Dosa - a spicy south indian dish, vegan, priced at Rs.179. Served at Grand Kitchen #162 in Chennai, rated 4.2 stars."
647,162,Grand Kitchen #162,Roasted Rasmalai,Desserts,149,mild,vegan,4.2,Chennai,42,"Roasted Rasmalai - a mild desserts dish, vegan, priced at Rs.149. Served at Grand Kitchen #162 in Chennai, rated 4.2 stars."
648,162,Grand Kitchen #162,Classic Uttapam,South Indian,199,medium,vegan,4.2,Chennai,42,"Classic Uttapam - a medium south indian dish, vegan, priced at Rs.199. Served at Grand Kitchen #162 in Chennai, rated 4.2 stars."
649,163,Spice Corner #163,Homestyle Lasagna,Italian,99,spicy,non-veg,3.8,Hyderabad,35,"Homestyle Lasagna - a spicy italian dish, non-veg, priced at Rs.99. Served at Spice Corner #163 in Hyderabad, rated 3.8 stars."
650,163,Spice Corner #163,Homestyle Lasagna,Italian,149,mild,jain,3.8,Hyderabad,35,"Homestyle Lasagna - a mild italian dish, jain, priced at Rs.149. Served at Spice Corner #163 in Hyderabad, rated 3.8 stars."
651,163,Spice Corner #163,Crispy Garlic Bread,Italian,149,very spicy,vegan,3.8,Hyderabad,35,"Crispy Garlic Bread - a very spicy italian dish, vegan, priced at Rs.149. Served at Spice Corner #163 in Hyderabad, rated 3.8 stars."
652,163,Spice Corner #163,Cheesy Rasmalai,Desserts,149,medium,non-veg,3.8,Hyderabad,35,"Cheesy Rasmalai - a medium desserts dish, non-veg, priced at Rs.149. Served at Spice Corner #163 in Hyderabad, rated 3.8 stars."
653,164,Spice House #164,Loaded Mutton Biryani,Biryani,399,medium,jain,4.3,Delhi,19,"Loaded Mutton Biryani - a medium biryani dish, jain, priced at Rs.399. Served at Spice House #164 in Delhi, rated 4.3 stars."
654,164,Spice House #164,Tangy Prawn Biryani,Biryani,249,mild,veg,4.3,Delhi,19,"Tangy Prawn Biryani - a mild biryani dish, veg, priced at Rs.249. Served at Spice House #164 in Delhi, rated 4.3 stars."
655,164,Spice House #164,Tangy Veg Biryani,Biryani,99,spicy,jain,4.3,Delhi,19,"Tangy Veg Biryani - a spicy biryani dish, jain, priced at Rs.99. Served at Spice House #164 in Delhi, rated 4.3 stars."
656,164,Spice House #164,Fiery Donut,Bakery,199,medium,non-veg,4.3,Delhi,19,"Fiery Donut - a medium bakery dish, non-veg, priced at Rs.199. Served at Spice House #164 in Delhi, rated 4.3 stars."
657,165,The Corner #165,Tangy Idli Sambar,South Indian,99,spicy,non-veg,4.4,Mumbai,23,"Tangy Idli Sambar - a spicy south indian dish, non-veg, priced at Rs.99. Served at The Corner #165 in Mumbai, rated 4.4 stars."
658,165,The Corner #165,Steamed Idli Sambar,South Indian,99,spicy,veg,4.4,Mumbai,23,"Steamed Idli Sambar - a spicy south indian dish, veg, priced at Rs.99. Served at The Corner #165 in Mumbai, rated 4.4 stars."
659,165,The Corner #165,Cheesy Idli Sambar,South Indian,349,spicy,non-veg,4.4,Mumbai,23,"Cheesy Idli Sambar - a spicy south indian dish, non-veg, priced at Rs.349. Served at The Corner #165 in Mumbai, rated 4.4 stars."
660,165,The Corner #165,Fiery Filter Coffee,South Indian,149,medium,non-veg,4.4,Mumbai,23,"Fiery Filter Coffee - a medium south indian dish, non-veg, priced at Rs.149. Served at The Corner #165 in Mumbai, rated 4.4 stars."
661,166,Cafe House #166,Homestyle Butter Chicken,North Indian,99,spicy,jain,3.2,Jamshedpur,42,"Homestyle Butter Chicken - a spicy north indian dish, jain, priced at Rs.99. Served at Cafe House #166 in Jamshedpur, rated 3.2 stars."
662,166,Cafe House #166,Crispy Paneer Tikka,North Indian,129,medium,jain,3.2,Jamshedpur,42,"Crispy Paneer Tikka - a medium north indian dish, jain, priced at Rs.129. Served at Cafe House #166 in Jamshedpur, rated 3.2 stars."
663,166,Cafe House #166,Roasted Sandwich,Continental,249,very spicy,non-veg,3.2,Jamshedpur,42,"Roasted Sandwich - a very spicy continental dish, non-veg, priced at Rs.249. Served at Cafe House #166 in Jamshedpur, rated 3.2 stars."
664,166,Cafe House #166,Spicy Quesadilla,Mexican,299,spicy,jain,3.2,Jamshedpur,42,"Spicy Quesadilla - a spicy mexican dish, jain, priced at Rs.299. Served at Cafe House #166 in Jamshedpur, rated 3.2 stars."
665,167,Spice House #167,Grilled Enchiladas,Mexican,399,mild,veg,4.1,Mumbai,24,"Grilled Enchiladas - a mild mexican dish, veg, priced at Rs.399. Served at Spice House #167 in Mumbai, rated 4.1 stars."
666,167,Spice House #167,Spicy Nuggets,Fast Food,179,very spicy,veg,4.1,Mumbai,24,"Spicy Nuggets - a very spicy fast food dish, veg, priced at Rs.179. Served at Spice House #167 in Mumbai, rated 4.1 stars."
667,167,Spice House #167,Cheesy Quesadilla,Mexican,99,medium,vegan,4.1,Mumbai,24,"Cheesy Quesadilla - a medium mexican dish, vegan, priced at Rs.99. Served at Spice House #167 in Mumbai, rated 4.1 stars."
668,167,Spice House #167,Loaded Nuggets,Fast Food,199,very spicy,non-veg,4.1,Mumbai,24,"Loaded Nuggets - a very spicy fast food dish, non-veg, priced at Rs.199. Served at Spice House #167 in Mumbai, rated 4.1 stars."
669,168,Spice Junction #168,Grilled Lasagna,Italian,99,medium,jain,3.2,Bangalore,51,"Grilled Lasagna - a medium italian dish, jain, priced at Rs.99. Served at Spice Junction #168 in Bangalore, rated 3.2 stars."
670,168,Spice Junction #168,Creamy Filter Coffee,South Indian,399,mild,non-veg,3.2,Bangalore,51,"Creamy Filter Coffee - a mild south indian dish, non-veg, priced at Rs.399. Served at Spice Junction #168 in Bangalore, rated 3.2 stars."
671,168,Spice Junction #168,Tangy Curd Rice,South Indian,299,very spicy,vegan,3.2,Bangalore,51,"Tangy Curd Rice - a very spicy south indian dish, vegan, priced at Rs.299. Served at Spice Junction #168 in Bangalore, rated 3.2 stars."
672,168,Spice Junction #168,Tangy Margherita Pizza,Italian,349,medium,jain,3.2,Bangalore,51,"Tangy Margherita Pizza - a medium italian dish, jain, priced at Rs.349. Served at Spice Junction #168 in Bangalore, rated 3.2 stars."
673,169,Urban Junction #169,Classic Bhel Puri,Street Food,149,mild,veg,4.6,Chennai,53,"Classic Bhel Puri - a mild street food dish, veg, priced at Rs.149. Served at Urban Junction #169 in Chennai, rated 4.6 stars."
674,169,Urban Junction #169,Steamed Pav Bhaji,Street Food,249,mild,jain,4.6,Chennai,53,"Steamed Pav Bhaji - a mild street food dish, jain, priced at Rs.249. Served at Urban Junction #169 in Chennai, rated 4.6 stars."
675,169,Urban Junction #169,Cheesy Pav Bhaji,Street Food,299,mild,non-veg,4.6,Chennai,53,"Cheesy Pav Bhaji - a mild street food dish, non-veg, priced at Rs.299. Served at Urban Junction #169 in Chennai, rated 4.6 stars."
676,169,Urban Junction #169,Steamed Kathi Roll,Street Food,149,medium,non-veg,4.6,Chennai,53,"Steamed Kathi Roll - a medium street food dish, non-veg, priced at Rs.149. Served at Urban Junction #169 in Chennai, rated 4.6 stars."
677,170,Royal House #170,Homestyle Quinoa Salad,Healthy Food,199,spicy,jain,4.4,Jamshedpur,37,"Homestyle Quinoa Salad - a spicy healthy food dish, jain, priced at Rs.199. Served at Royal House #170 in Jamshedpur, rated 4.4 stars."
678,170,Royal House #170,Creamy French Fries,Fast Food,149,medium,veg,4.4,Jamshedpur,37,"Creamy French Fries - a medium fast food dish, veg, priced at Rs.149. Served at Royal House #170 in Jamshedpur, rated 4.4 stars."
679,170,Royal House #170,Spicy Dal Makhani,North Indian,349,very spicy,jain,4.4,Jamshedpur,37,"Spicy Dal Makhani - a very spicy north indian dish, jain, priced at Rs.349. Served at Royal House #170 in Jamshedpur, rated 4.4 stars."
680,170,Royal House #170,Grilled Butter Chicken,North Indian,349,medium,non-veg,4.4,Jamshedpur,37,"Grilled Butter Chicken - a medium north indian dish, non-veg, priced at Rs.349. Served at Royal House #170 in Jamshedpur, rated 4.4 stars."
681,171,Royal Junction #171,Homestyle Momos,Chinese,349,mild,veg,3.8,Jamshedpur,55,"Homestyle Momos - a mild chinese dish, veg, priced at Rs.349. Served at Royal Junction #171 in Jamshedpur, rated 3.8 stars."
682,171,Royal Junction #171,Loaded Spring Rolls,Chinese,399,medium,veg,3.8,Jamshedpur,55,"Loaded Spring Rolls - a medium chinese dish, veg, priced at Rs.399. Served at Royal Junction #171 in Jamshedpur, rated 3.8 stars."
683,171,Royal Junction #171,Spicy Manchurian,Chinese,249,mild,non-veg,3.8,Jamshedpur,55,"Spicy Manchurian - a mild chinese dish, non-veg, priced at Rs.249. Served at Royal Junction #171 in Jamshedpur, rated 3.8 stars."
684,171,Royal Junction #171,Grilled Spring Rolls,Chinese,199,spicy,veg,3.8,Jamshedpur,55,"Grilled Spring Rolls - a spicy chinese dish, veg, priced at Rs.199. Served at Royal Junction #171 in Jamshedpur, rated 3.8 stars."
685,172,Grand Junction #172,Homestyle Masala Dosa,South Indian,149,medium,vegan,3.7,Delhi,36,"Homestyle Masala Dosa - a medium south indian dish, vegan, priced at Rs.149. Served at Grand Junction #172 in Delhi, rated 3.7 stars."
686,172,Grand Junction #172,Roasted Filter Coffee,South Indian,249,mild,veg,3.7,Delhi,36,"Roasted Filter Coffee - a mild south indian dish, veg, priced at Rs.249. Served at Grand Junction #172 in Delhi, rated 3.7 stars."
687,172,Grand Junction #172,Classic Uttapam,South Indian,299,mild,jain,3.7,Delhi,36,"Classic Uttapam - a mild south indian dish, jain, priced at Rs.299. Served at Grand Junction #172 in Delhi, rated 3.7 stars."
688,172,Grand Junction #172,Fiery Uttapam,South Indian,149,mild,vegan,3.7,Delhi,36,"Fiery Uttapam - a mild south indian dish, vegan, priced at Rs.149. Served at Grand Junction #172 in Delhi, rated 3.7 stars."
689,173,Spice Table #173,Homestyle Prawn Biryani,Biryani,399,medium,non-veg,4.5,Bangalore,18,"Homestyle Prawn Biryani - a medium biryani dish, non-veg, priced at Rs.399. Served at Spice Table #173 in Bangalore, rated 4.5 stars."
690,173,Spice Table #173,Grilled Chicken Biryani,Biryani,399,mild,jain,4.5,Bangalore,18,"Grilled Chicken Biryani - a mild biryani dish, jain, priced at Rs.399. Served at Spice Table #173 in Bangalore, rated 4.5 stars."
691,173,Spice Table #173,Grilled Egg Biryani,Biryani,249,spicy,vegan,4.5,Bangalore,18,"Grilled Egg Biryani - a spicy biryani dish, vegan, priced at Rs.249. Served at Spice Table #173 in Bangalore, rated 4.5 stars."
692,173,Spice Table #173,Grilled Prawn Biryani,Biryani,349,very spicy,jain,4.5,Bangalore,18,"Grilled Prawn Biryani - a very spicy biryani dish, jain, priced at Rs.349. Served at Spice Table #173 in Bangalore, rated 4.5 stars."
693,174,Cafe Kitchen #174,Crispy Spring Rolls,Chinese,199,medium,veg,3.2,Jamshedpur,42,"Crispy Spring Rolls - a medium chinese dish, veg, priced at Rs.199. Served at Cafe Kitchen #174 in Jamshedpur, rated 3.2 stars."
694,174,Cafe Kitchen #174,Fiery Hakka Noodles,Chinese,129,medium,jain,3.2,Jamshedpur,42,"Fiery Hakka Noodles - a medium chinese dish, jain, priced at Rs.129. Served at Cafe Kitchen #174 in Jamshedpur, rated 3.2 stars."
695,174,Cafe Kitchen #174,Classic Hakka Noodles,Chinese,249,medium,veg,3.2,Jamshedpur,42,"Classic Hakka Noodles - a medium chinese dish, veg, priced at Rs.249. Served at Cafe Kitchen #174 in Jamshedpur, rated 3.2 stars."
696,174,Cafe Kitchen #174,Loaded Fried Rice,Chinese,129,spicy,vegan,3.2,Jamshedpur,42,"Loaded Fried Rice - a spicy chinese dish, vegan, priced at Rs.129. Served at Cafe Kitchen #174 in Jamshedpur, rated 3.2 stars."
697,175,Urban House #175,Creamy Mango Lassi,Beverages,249,spicy,jain,4.4,Delhi,37,"Creamy Mango Lassi - a spicy beverages dish, jain, priced at Rs.249. Served at Urban House #175 in Delhi, rated 4.4 stars."
698,175,Urban House #175,Crispy Burrito Bowl,Mexican,249,spicy,jain,4.4,Delhi,37,"Crispy Burrito Bowl - a spicy mexican dish, jain, priced at Rs.249. Served at Urban House #175 in Delhi, rated 4.4 stars."
699,175,Urban House #175,Steamed Mango Lassi,Beverages,149,very spicy,non-veg,4.4,Delhi,37,"Steamed Mango Lassi - a very spicy beverages dish, non-veg, priced at Rs.149. Served at Urban House #175 in Delhi, rated 4.4 stars."
700,175,Urban House #175,Classic Iced Tea,Beverages,349,very spicy,veg,4.4,Delhi,37,"Classic Iced Tea - a very spicy beverages dish, veg, priced at Rs.349. Served at Urban House #175 in Delhi, rated 4.4 stars."
701,176,Grand Table #176,Roasted Hot Dog,Fast Food,249,mild,non-veg,3.9,Pune,17,"Roasted Hot Dog - a mild fast food dish, non-veg, priced at Rs.249. Served at Grand Table #176 in Pune, rated 3.9 stars."
702,176,Grand Table #176,Creamy Chicken Wrap,Fast Food,149,spicy,veg,3.9,Pune,17,"Creamy Chicken Wrap - a spicy fast food dish, veg, priced at Rs.149. Served at Grand Table #176 in Pune, rated 3.9 stars."
703,176,Grand Table #176,Steamed Nuggets,Fast Food,399,medium,jain,3.9,Pune,17,"Steamed Nuggets - a medium fast food dish, jain, priced at Rs.399. Served at Grand Table #176 in Pune, rated 3.9 stars."
704,176,Grand Table #176,Creamy Curd Rice,South Indian,199,spicy,veg,3.9,Pune,17,"Creamy Curd Rice - a spicy south indian dish, veg, priced at Rs.199. Served at Grand Table #176 in Pune, rated 3.9 stars."
705,177,Cafe Kitchen #177,Creamy Rasmalai,Desserts,349,medium,vegan,3.4,Mumbai,23,"Creamy Rasmalai - a medium desserts dish, vegan, priced at Rs.349. Served at Cafe Kitchen #177 in Mumbai, rated 3.4 stars."
706,177,Cafe Kitchen #177,Crispy Ice Cream Sundae,Desserts,399,spicy,non-veg,3.4,Mumbai,23,"Crispy Ice Cream Sundae - a spicy desserts dish, non-veg, priced at Rs.399. Served at Cafe Kitchen #177 in Mumbai, rated 3.4 stars."
707,177,Cafe Kitchen #177,Spicy Ice Cream Sundae,Desserts,179,mild,jain,3.4,Mumbai,23,"Spicy Ice Cream Sundae - a mild desserts dish, jain, priced at Rs.179. Served at Cafe Kitchen #177 in Mumbai, rated 3.4 stars."
708,177,Cafe Kitchen #177,Cheesy Rasmalai,Desserts,149,medium,vegan,3.4,Mumbai,23,"Cheesy Rasmalai - a medium desserts dish, vegan, priced at Rs.149. Served at Cafe Kitchen #177 in Mumbai, rated 3.4 stars."
709,178,The Kitchen #178,Loaded Prawn Biryani,Biryani,249,medium,veg,4.4,Hyderabad,23,"Loaded Prawn Biryani - a medium biryani dish, veg, priced at Rs.249. Served at The Kitchen #178 in Hyderabad, rated 4.4 stars."
710,178,The Kitchen #178,Roasted French Fries,Fast Food,99,very spicy,jain,4.4,Hyderabad,23,"Roasted French Fries - a very spicy fast food dish, jain, priced at Rs.99. Served at The Kitchen #178 in Hyderabad, rated 4.4 stars."
711,178,The Kitchen #178,Loaded Cheese Burger,Fast Food,99,mild,vegan,4.4,Hyderabad,23,"Loaded Cheese Burger - a mild fast food dish, vegan, priced at Rs.99. Served at The Kitchen #178 in Hyderabad, rated 4.4 stars."
712,178,The Kitchen #178,Creamy Chicken Biryani,Biryani,399,spicy,veg,4.4,Hyderabad,23,"Creamy Chicken Biryani - a spicy biryani dish, veg, priced at Rs.399. Served at The Kitchen #178 in Hyderabad, rated 4.4 stars."
713,179,Royal Junction #179,Classic Grilled Tofu Bowl,Healthy Food,179,medium,vegan,4.6,Pune,19,"Classic Grilled Tofu Bowl - a medium healthy food dish, vegan, priced at Rs.179. Served at Royal Junction #179 in Pune, rated 4.6 stars."
714,179,Royal Junction #179,Classic Smoothie Bowl,Healthy Food,349,mild,vegan,4.6,Pune,19,"Classic Smoothie Bowl - a mild healthy food dish, vegan, priced at Rs.349. Served at Royal Junction #179 in Pune, rated 4.6 stars."
715,179,Royal Junction #179,Loaded Caesar Salad,Continental,129,mild,veg,4.6,Pune,19,"Loaded Caesar Salad - a mild continental dish, veg, priced at Rs.129. Served at Royal Junction #179 in Pune, rated 4.6 stars."
716,179,Royal Junction #179,Classic Soup,Continental,399,spicy,vegan,4.6,Pune,19,"Classic Soup - a spicy continental dish, vegan, priced at Rs.399. Served at Royal Junction #179 in Pune, rated 4.6 stars."
717,180,Urban Kitchen #180,Grilled Sprout Salad,Healthy Food,179,medium,veg,4.8,Hyderabad,51,"Grilled Sprout Salad - a medium healthy food dish, veg, priced at Rs.179. Served at Urban Kitchen #180 in Hyderabad, rated 4.8 stars."
718,180,Urban Kitchen #180,Classic Rogan Josh,North Indian,399,very spicy,veg,4.8,Hyderabad,51,"Classic Rogan Josh - a very spicy north indian dish, veg, priced at Rs.399. Served at Urban Kitchen #180 in Hyderabad, rated 4.8 stars."
719,180,Urban Kitchen #180,Fiery Quinoa Salad,Healthy Food,99,mild,jain,4.8,Hyderabad,51,"Fiery Quinoa Salad - a mild healthy food dish, jain, priced at Rs.99. Served at Urban Kitchen #180 in Hyderabad, rated 4.8 stars."
720,180,Urban Kitchen #180,Homestyle Quinoa Salad,Healthy Food,299,medium,jain,4.8,Hyderabad,51,"Homestyle Quinoa Salad - a medium healthy food dish, jain, priced at Rs.299. Served at Urban Kitchen #180 in Hyderabad, rated 4.8 stars."
721,181,Grand Table #181,Classic Ice Cream Sundae,Desserts,179,mild,jain,3.6,Hyderabad,16,"Classic Ice Cream Sundae - a mild desserts dish, jain, priced at Rs.179. Served at Grand Table #181 in Hyderabad, rated 3.6 stars."
722,181,Grand Table #181,Roasted Tacos,Mexican,349,mild,jain,3.6,Hyderabad,16,"Roasted Tacos - a mild mexican dish, jain, priced at Rs.349. Served at Grand Table #181 in Hyderabad, rated 3.6 stars."
723,181,Grand Table #181,Fiery Rasmalai,Desserts,179,medium,non-veg,3.6,Hyderabad,16,"Fiery Rasmalai - a medium desserts dish, non-veg, priced at Rs.179. Served at Grand Table #181 in Hyderabad, rated 3.6 stars."
724,181,Grand Table #181,Homestyle Ice Cream Sundae,Desserts,149,spicy,vegan,3.6,Hyderabad,16,"Homestyle Ice Cream Sundae - a spicy desserts dish, vegan, priced at Rs.149. Served at Grand Table #181 in Hyderabad, rated 3.6 stars."
725,182,Urban Table #182,Spicy Quesadilla,Mexican,129,very spicy,veg,3.2,Bangalore,30,"Spicy Quesadilla - a very spicy mexican dish, veg, priced at Rs.129. Served at Urban Table #182 in Bangalore, rated 3.2 stars."
726,182,Urban Table #182,Fiery Quesadilla,Mexican,149,spicy,vegan,3.2,Bangalore,30,"Fiery Quesadilla - a spicy mexican dish, vegan, priced at Rs.149. Served at Urban Table #182 in Bangalore, rated 3.2 stars."
727,182,Urban Table #182,Creamy Spring Rolls,Chinese,299,mild,vegan,3.2,Bangalore,30,"Creamy Spring Rolls - a mild chinese dish, vegan, priced at Rs.299. Served at Urban Table #182 in Bangalore, rated 3.2 stars."
728,182,Urban Table #182,Cheesy Fried Rice,Chinese,349,very spicy,jain,3.2,Bangalore,30,"Cheesy Fried Rice - a very spicy chinese dish, jain, priced at Rs.349. Served at Urban Table #182 in Bangalore, rated 3.2 stars."
729,183,Cafe Kitchen #183,Crispy Enchiladas,Mexican,399,medium,jain,4.7,Hyderabad,29,"Crispy Enchiladas - a medium mexican dish, jain, priced at Rs.399. Served at Cafe Kitchen #183 in Hyderabad, rated 4.7 stars."
730,183,Cafe Kitchen #183,Classic Gulab Jamun,Desserts,179,very spicy,jain,4.7,Hyderabad,29,"Classic Gulab Jamun - a very spicy desserts dish, jain, priced at Rs.179. Served at Cafe Kitchen #183 in Hyderabad, rated 4.7 stars."
731,183,Cafe Kitchen #183,Roasted Cheesecake,Desserts,179,medium,veg,4.7,Hyderabad,29,"Roasted Cheesecake - a medium desserts dish, veg, priced at Rs.179. Served at Cafe Kitchen #183 in Hyderabad, rated 4.7 stars."
732,183,Cafe Kitchen #183,Grilled Gulab Jamun,Desserts,349,spicy,veg,4.7,Hyderabad,29,"Grilled Gulab Jamun - a spicy desserts dish, veg, priced at Rs.349. Served at Cafe Kitchen #183 in Hyderabad, rated 4.7 stars."
733,184,The Junction #184,Loaded Manchurian,Chinese,299,mild,veg,3.2,Jamshedpur,37,"Loaded Manchurian - a mild chinese dish, veg, priced at Rs.299. Served at The Junction #184 in Jamshedpur, rated 3.2 stars."
734,184,The Junction #184,Fiery Fried Rice,Chinese,99,mild,non-veg,3.2,Jamshedpur,37,"Fiery Fried Rice - a mild chinese dish, non-veg, priced at Rs.99. Served at The Junction #184 in Jamshedpur, rated 3.2 stars."
735,184,The Junction #184,Steamed Kathi Roll,Street Food,99,medium,non-veg,3.2,Jamshedpur,37,"Steamed Kathi Roll - a medium street food dish, non-veg, priced at Rs.99. Served at The Junction #184 in Jamshedpur, rated 3.2 stars."
736,184,The Junction #184,Loaded Spring Rolls,Chinese,299,very spicy,non-veg,3.2,Jamshedpur,37,"Loaded Spring Rolls - a very spicy chinese dish, non-veg, priced at Rs.299. Served at The Junction #184 in Jamshedpur, rated 3.2 stars."
737,185,Royal Bites #185,Loaded Sprout Salad,Healthy Food,199,very spicy,vegan,3.3,Mumbai,26,"Loaded Sprout Salad - a very spicy healthy food dish, vegan, priced at Rs.199. Served at Royal Bites #185 in Mumbai, rated 3.3 stars."
738,185,Royal Bites #185,Spicy Smoothie Bowl,Healthy Food,399,very spicy,non-veg,3.3,Mumbai,26,"Spicy Smoothie Bowl - a very spicy healthy food dish, non-veg, priced at Rs.399. Served at Royal Bites #185 in Mumbai, rated 3.3 stars."
739,185,Royal Bites #185,Classic Croissant,Bakery,399,mild,veg,3.3,Mumbai,26,"Classic Croissant - a mild bakery dish, veg, priced at Rs.399. Served at Royal Bites #185 in Mumbai, rated 3.3 stars."
740,185,Royal Bites #185,Loaded Croissant,Bakery,99,medium,jain,3.3,Mumbai,26,"Loaded Croissant - a medium bakery dish, jain, priced at Rs.99. Served at Royal Bites #185 in Mumbai, rated 3.3 stars."
741,186,Royal Table #186,Homestyle Curd Rice,South Indian,249,very spicy,jain,3.9,Hyderabad,51,"Homestyle Curd Rice - a very spicy south indian dish, jain, priced at Rs.249. Served at Royal Table #186 in Hyderabad, rated 3.9 stars."
742,186,Royal Table #186,Cheesy Bagel,Bakery,179,medium,jain,3.9,Hyderabad,51,"Cheesy Bagel - a medium bakery dish, jain, priced at Rs.179. Served at Royal Table #186 in Hyderabad, rated 3.9 stars."
743,186,Royal Table #186,Cheesy Manchurian,Chinese,299,spicy,jain,3.9,Hyderabad,51,"Cheesy Manchurian - a spicy chinese dish, jain, priced at Rs.299. Served at Royal Table #186 in Hyderabad, rated 3.9 stars."
744,186,Royal Table #186,Steamed Fried Rice,Chinese,149,medium,veg,3.9,Hyderabad,51,"Steamed Fried Rice - a medium chinese dish, veg, priced at Rs.149. Served at Royal Table #186 in Hyderabad, rated 3.9 stars."
745,187,Grand House #187,Tangy Croissant,Bakery,349,very spicy,non-veg,3.8,Delhi,43,"Tangy Croissant - a very spicy bakery dish, non-veg, priced at Rs.349. Served at Grand House #187 in Delhi, rated 3.8 stars."
746,187,Grand House #187,Steamed Muffin,Bakery,299,very spicy,jain,3.8,Delhi,43,"Steamed Muffin - a very spicy bakery dish, jain, priced at Rs.299. Served at Grand House #187 in Delhi, rated 3.8 stars."
747,187,Grand House #187,Fiery Mutton Biryani,Biryani,399,very spicy,jain,3.8,Delhi,43,"Fiery Mutton Biryani - a very spicy biryani dish, jain, priced at Rs.399. Served at Grand House #187 in Delhi, rated 3.8 stars."
748,187,Grand House #187,Crispy Nachos,Mexican,149,very spicy,veg,3.8,Delhi,43,"Crispy Nachos - a very spicy mexican dish, veg, priced at Rs.149. Served at Grand House #187 in Delhi, rated 3.8 stars."
749,188,The House #188,Roasted Quesadilla,Mexican,179,spicy,jain,3.1,Pune,43,"Roasted Quesadilla - a spicy mexican dish, jain, priced at Rs.179. Served at The House #188 in Pune, rated 3.1 stars."
750,188,The House #188,Classic Enchiladas,Mexican,99,mild,jain,3.1,Pune,43,"Classic Enchiladas - a mild mexican dish, jain, priced at Rs.99. Served at The House #188 in Pune, rated 3.1 stars."
751,188,The House #188,Creamy Nachos,Mexican,349,mild,non-veg,3.1,Pune,43,"Creamy Nachos - a mild mexican dish, non-veg, priced at Rs.349. Served at The House #188 in Pune, rated 3.1 stars."
752,188,The House #188,Loaded Enchiladas,Mexican,349,mild,veg,3.1,Pune,43,"Loaded Enchiladas - a mild mexican dish, veg, priced at Rs.349. Served at The House #188 in Pune, rated 3.1 stars."
753,189,Spice House #189,Steamed Chole Bhature,North Indian,129,spicy,veg,4.2,Mumbai,54,"Steamed Chole Bhature - a spicy north indian dish, veg, priced at Rs.129. Served at Spice House #189 in Mumbai, rated 4.2 stars."
754,189,Spice House #189,Spicy Rogan Josh,North Indian,349,very spicy,jain,4.2,Mumbai,54,"Spicy Rogan Josh - a very spicy north indian dish, jain, priced at Rs.349. Served at Spice House #189 in Mumbai, rated 4.2 stars."
755,189,Spice House #189,Classic Chole Bhature,North Indian,199,spicy,non-veg,4.2,Mumbai,54,"Classic Chole Bhature - a spicy north indian dish, non-veg, priced at Rs.199. Served at Spice House #189 in Mumbai, rated 4.2 stars."
756,189,Spice House #189,Roasted Rogan Josh,North Indian,199,spicy,veg,4.2,Mumbai,54,"Roasted Rogan Josh - a spicy north indian dish, veg, priced at Rs.199. Served at Spice House #189 in Mumbai, rated 4.2 stars."
757,190,Cafe Junction #190,Grilled Milkshake,Beverages,149,mild,vegan,4.4,Chennai,43,"Grilled Milkshake - a mild beverages dish, vegan, priced at Rs.149. Served at Cafe Junction #190 in Chennai, rated 4.4 stars."
758,190,Cafe Junction #190,Spicy Iced Tea,Beverages,199,very spicy,veg,4.4,Chennai,43,"Spicy Iced Tea - a very spicy beverages dish, veg, priced at Rs.199. Served at Cafe Junction #190 in Chennai, rated 4.4 stars."
759,190,Cafe Junction #190,Creamy Soup,Continental,199,spicy,non-veg,4.4,Chennai,43,"Creamy Soup - a spicy continental dish, non-veg, priced at Rs.199. Served at Cafe Junction #190 in Chennai, rated 4.4 stars."
760,190,Cafe Junction #190,Loaded Fresh Lime Soda,Beverages,199,mild,veg,4.4,Chennai,43,"Loaded Fresh Lime Soda - a mild beverages dish, veg, priced at Rs.199. Served at Cafe Junction #190 in Chennai, rated 4.4 stars."
761,191,Cafe Corner #191,Grilled Mutton Biryani,Biryani,149,very spicy,vegan,3.3,Pune,43,"Grilled Mutton Biryani - a very spicy biryani dish, vegan, priced at Rs.149. Served at Cafe Corner #191 in Pune, rated 3.3 stars."
762,191,Cafe Corner #191,Roasted Donut,Bakery,179,very spicy,non-veg,3.3,Pune,43,"Roasted Donut - a very spicy bakery dish, non-veg, priced at Rs.179. Served at Cafe Corner #191 in Pune, rated 3.3 stars."
763,191,Cafe Corner #191,Classic Chicken Biryani,Biryani,129,medium,non-veg,3.3,Pune,43,"Classic Chicken Biryani - a medium biryani dish, non-veg, priced at Rs.129. Served at Cafe Corner #191 in Pune, rated 3.3 stars."
764,191,Cafe Corner #191,Homestyle Garlic Bread,Italian,179,very spicy,non-veg,3.3,Pune,43,"Homestyle Garlic Bread - a very spicy italian dish, non-veg, priced at Rs.179. Served at Cafe Corner #191 in Pune, rated 3.3 stars."
765,192,Spice Table #192,Roasted Kathi Roll,Street Food,249,mild,vegan,4.0,Mumbai,17,"Roasted Kathi Roll - a mild street food dish, vegan, priced at Rs.249. Served at Spice Table #192 in Mumbai, rated 4.0 stars."
766,192,Spice Table #192,Tangy Pani Puri,Street Food,349,very spicy,jain,4.0,Mumbai,17,"Tangy Pani Puri - a very spicy street food dish, jain, priced at Rs.349. Served at Spice Table #192 in Mumbai, rated 4.0 stars."
767,192,Spice Table #192,Roasted Pav Bhaji,Street Food,399,medium,jain,4.0,Mumbai,17,"Roasted Pav Bhaji - a medium street food dish, jain, priced at Rs.399. Served at Spice Table #192 in Mumbai, rated 4.0 stars."
768,192,Spice Table #192,Loaded Pav Bhaji,Street Food,149,very spicy,veg,4.0,Mumbai,17,"Loaded Pav Bhaji - a very spicy street food dish, veg, priced at Rs.149. Served at Spice Table #192 in Mumbai, rated 4.0 stars."
769,193,Urban Corner #193,Homestyle Oats Bowl,Healthy Food,249,mild,veg,4.0,Pune,38,"Homestyle Oats Bowl - a mild healthy food dish, veg, priced at Rs.249. Served at Urban Corner #193 in Pune, rated 4.0 stars."
770,193,Urban Corner #193,Grilled Oats Bowl,Healthy Food,199,spicy,vegan,4.0,Pune,38,"Grilled Oats Bowl - a spicy healthy food dish, vegan, priced at Rs.199. Served at Urban Corner #193 in Pune, rated 4.0 stars."
771,193,Urban Corner #193,Loaded Quinoa Salad,Healthy Food,299,very spicy,non-veg,4.0,Pune,38,"Loaded Quinoa Salad - a very spicy healthy food dish, non-veg, priced at Rs.299. Served at Urban Corner #193 in Pune, rated 4.0 stars."
772,193,Urban Corner #193,Classic Smoothie Bowl,Healthy Food,149,spicy,veg,4.0,Pune,38,"Classic Smoothie Bowl - a spicy healthy food dish, veg, priced at Rs.149. Served at Urban Corner #193 in Pune, rated 4.0 stars."
773,194,Urban House #194,Spicy Cheese Burger,Fast Food,299,mild,veg,4.1,Jamshedpur,19,"Spicy Cheese Burger - a mild fast food dish, veg, priced at Rs.299. Served at Urban House #194 in Jamshedpur, rated 4.1 stars."
774,194,Urban House #194,Crispy Ice Cream Sundae,Desserts,199,spicy,non-veg,4.1,Jamshedpur,19,"Crispy Ice Cream Sundae - a spicy desserts dish, non-veg, priced at Rs.199. Served at Urban House #194 in Jamshedpur, rated 4.1 stars."
775,194,Urban House #194,Grilled Cheese Burger,Fast Food,129,mild,non-veg,4.1,Jamshedpur,19,"Grilled Cheese Burger - a mild fast food dish, non-veg, priced at Rs.129. Served at Urban House #194 in Jamshedpur, rated 4.1 stars."
776,194,Urban House #194,Creamy Cheese Burger,Fast Food,149,very spicy,non-veg,4.1,Jamshedpur,19,"Creamy Cheese Burger - a very spicy fast food dish, non-veg, priced at Rs.149. Served at Urban House #194 in Jamshedpur, rated 4.1 stars."
777,195,Grand Corner #195,Loaded Idli Sambar,South Indian,199,very spicy,veg,3.5,Bangalore,36,"Loaded Idli Sambar - a very spicy south indian dish, veg, priced at Rs.199. Served at Grand Corner #195 in Bangalore, rated 3.5 stars."
778,195,Grand Corner #195,Homestyle Steak,Continental,249,spicy,non-veg,3.5,Bangalore,36,"Homestyle Steak - a spicy continental dish, non-veg, priced at Rs.249. Served at Grand Corner #195 in Bangalore, rated 3.5 stars."
779,195,Grand Corner #195,Spicy Uttapam,South Indian,299,very spicy,vegan,3.5,Bangalore,36,"Spicy Uttapam - a very spicy south indian dish, vegan, priced at Rs.299. Served at Grand Corner #195 in Bangalore, rated 3.5 stars."
780,195,Grand Corner #195,Loaded Uttapam,South Indian,149,very spicy,veg,3.5,Bangalore,36,"Loaded Uttapam - a very spicy south indian dish, veg, priced at Rs.149. Served at Grand Corner #195 in Bangalore, rated 3.5 stars."
781,196,Grand Bites #196,Grilled Burrito Bowl,Mexican,299,medium,jain,3.6,Bangalore,23,"Grilled Burrito Bowl - a medium mexican dish, jain, priced at Rs.299. Served at Grand Bites #196 in Bangalore, rated 3.6 stars."
782,196,Grand Bites #196,Cheesy Burrito Bowl,Mexican,299,medium,veg,3.6,Bangalore,23,"Cheesy Burrito Bowl - a medium mexican dish, veg, priced at Rs.299. Served at Grand Bites #196 in Bangalore, rated 3.6 stars."
783,196,Grand Bites #196,Creamy Nachos,Mexican,99,mild,veg,3.6,Bangalore,23,"Creamy Nachos - a mild mexican dish, veg, priced at Rs.99. Served at Grand Bites #196 in Bangalore, rated 3.6 stars."
784,196,Grand Bites #196,Spicy Quesadilla,Mexican,349,medium,veg,3.6,Bangalore,23,"Spicy Quesadilla - a medium mexican dish, veg, priced at Rs.349. Served at Grand Bites #196 in Bangalore, rated 3.6 stars."
785,197,Cafe Corner #197,Loaded Oats Bowl,Healthy Food,149,spicy,jain,4.5,Jamshedpur,48,"Loaded Oats Bowl - a spicy healthy food dish, jain, priced at Rs.149. Served at Cafe Corner #197 in Jamshedpur, rated 4.5 stars."
786,197,Cafe Corner #197,Cheesy Cheese Burger,Fast Food,349,very spicy,jain,4.5,Jamshedpur,48,"Cheesy Cheese Burger - a very spicy fast food dish, jain, priced at Rs.349. Served at Cafe Corner #197 in Jamshedpur, rated 4.5 stars."
787,197,Cafe Corner #197,Cheesy Masala Dosa,South Indian,179,mild,jain,4.5,Jamshedpur,48,"Cheesy Masala Dosa - a mild south indian dish, jain, priced at Rs.179. Served at Cafe Corner #197 in Jamshedpur, rated 4.5 stars."
788,197,Cafe Corner #197,Creamy Nuggets,Fast Food,399,spicy,vegan,4.5,Jamshedpur,48,"Creamy Nuggets - a spicy fast food dish, vegan, priced at Rs.399. Served at Cafe Corner #197 in Jamshedpur, rated 4.5 stars."
789,198,Grand Corner #198,Spicy Bagel,Bakery,129,spicy,vegan,3.7,Pune,34,"Spicy Bagel - a spicy bakery dish, vegan, priced at Rs.129. Served at Grand Corner #198 in Pune, rated 3.7 stars."
790,198,Grand Corner #198,Loaded Bagel,Bakery,179,medium,veg,3.7,Pune,34,"Loaded Bagel - a medium bakery dish, veg, priced at Rs.179. Served at Grand Corner #198 in Pune, rated 3.7 stars."
791,198,Grand Corner #198,Loaded Muffin,Bakery,299,mild,vegan,3.7,Pune,34,"Loaded Muffin - a mild bakery dish, vegan, priced at Rs.299. Served at Grand Corner #198 in Pune, rated 3.7 stars."
792,198,Grand Corner #198,Steamed Croissant,Bakery,349,medium,non-veg,3.7,Pune,34,"Steamed Croissant - a medium bakery dish, non-veg, priced at Rs.349. Served at Grand Corner #198 in Pune, rated 3.7 stars."
793,199,Spice Corner #199,Spicy Pasta Alfredo,Italian,179,very spicy,jain,3.4,Delhi,24,"Spicy Pasta Alfredo - a very spicy italian dish, jain, priced at Rs.179. Served at Spice Corner #199 in Delhi, rated 3.4 stars."
794,199,Spice Corner #199,Steamed Risotto,Italian,199,very spicy,jain,3.4,Delhi,24,"Steamed Risotto - a very spicy italian dish, jain, priced at Rs.199. Served at Spice Corner #199 in Delhi, rated 3.4 stars."
795,199,Spice Corner #199,Classic Margherita Pizza,Italian,99,spicy,veg,3.4,Delhi,24,"Classic Margherita Pizza - a spicy italian dish, veg, priced at Rs.99. Served at Spice Corner #199 in Delhi, rated 3.4 stars."
796,199,Spice Corner #199,Crispy Margherita Pizza,Italian,399,very spicy,non-veg,3.4,Delhi,24,"Crispy Margherita Pizza - a very spicy italian dish, non-veg, priced at Rs.399. Served at Spice Corner #199 in Delhi, rated 3.4 stars."
797,200,The Junction #200,Spicy Cheese Burger,Fast Food,149,very spicy,veg,4.0,Chennai,36,"Spicy Cheese Burger - a very spicy fast food dish, veg, priced at Rs.149. Served at The Junction #200 in Chennai, rated 4.0 stars."
798,200,The Junction #200,Spicy Hot Dog,Fast Food,179,medium,veg,4.0,Chennai,36,"Spicy Hot Dog - a medium fast food dish, veg, priced at Rs.179. Served at The Junction #200 in Chennai, rated 4.0 stars."
799,200,The Junction #200,Loaded Cheese Burger,Fast Food,129,very spicy,non-veg,4.0,Chennai,36,"Loaded Cheese Burger - a very spicy fast food dish, non-veg, priced at Rs.129. Served at The Junction #200 in Chennai, rated 4.0 stars."
800,200,The Junction #200,Creamy Cheese Burger,Fast Food,349,medium,veg,4.0,Chennai,36,"Creamy Cheese Burger - a medium fast food dish, veg, priced at Rs.349. Served at The Junction #200 in Chennai, rated 4.0 stars."
