user_id,query,dish_id,restaurant_id,user_pref_budget,user_pref_spice,clicked,ordered
1,vegan friendly dinner,776,194,500,medium,1,0
1,vegan friendly dinner,690,173,500,medium,1,1
1,vegan friendly dinner,456,114,500,medium,1,0
1,vegan friendly dinner,670,168,500,medium,0,0
1,vegan friendly dinner,551,138,500,medium,1,1
1,vegan friendly dinner,509,128,500,medium,1,0
1,vegan friendly dinner,13,4,500,medium,1,1
1,vegan friendly dinner,232,58,500,medium,1,0
1,vegan friendly dinner,384,96,500,medium,1,0
1,vegan friendly dinner,203,51,500,medium,1,0
1,biryani under 300 rupees,115,29,500,medium,1,0
1,biryani under 300 rupees,82,21,500,medium,1,1
1,biryani under 300 rupees,586,147,500,medium,0,0
1,biryani under 300 rupees,525,132,500,medium,1,0
1,biryani under 300 rupees,55,14,500,medium,1,1
1,biryani under 300 rupees,274,69,500,medium,0,0
1,biryani under 300 rupees,62,16,500,medium,0,0
1,biryani under 300 rupees,178,45,500,medium,1,1
1,biryani under 300 rupees,771,193,500,medium,1,1
1,biryani under 300 rupees,280,70,500,medium,0,0
1,healthy light dinner option,681,171,500,medium,1,1
1,healthy light dinner option,391,98,500,medium,1,1
1,healthy light dinner option,444,111,500,medium,1,0
1,healthy light dinner option,796,199,500,medium,1,1
1,healthy light dinner option,52,13,500,medium,1,1
1,healthy light dinner option,91,23,500,medium,1,0
1,healthy light dinner option,724,181,500,medium,1,1
1,healthy light dinner option,282,71,500,medium,1,0
1,healthy light dinner option,799,200,500,medium,1,0
1,healthy light dinner option,642,161,500,medium,1,1
1,street food cravings,507,127,500,medium,1,0
1,street food cravings,137,35,500,medium,1,0
1,street food cravings,402,101,500,medium,1,1
1,street food cravings,112,28,500,medium,1,0
1,street food cravings,789,198,500,medium,0,0
1,street food cravings,388,97,500,medium,1,1
1,street food cravings,314,79,500,medium,1,0
1,street food cravings,742,186,500,medium,1,1
1,street food cravings,654,164,500,medium,0,0
1,street food cravings,566,142,500,medium,0,0
1,cheesy comfort food,478,120,500,medium,1,1
1,cheesy comfort food,730,183,500,medium,1,1
1,cheesy comfort food,695,174,500,medium,1,0
1,cheesy comfort food,547,137,500,medium,1,0
1,cheesy comfort food,130,33,500,medium,1,1
1,cheesy comfort food,28,7,500,medium,1,0
1,cheesy comfort food,508,127,500,medium,1,0
1,cheesy comfort food,146,37,500,medium,0,0
1,cheesy comfort food,131,33,500,medium,1,1
1,cheesy comfort food,56,14,500,medium,0,0
1,quick breakfast idea,363,91,500,medium,1,0
1,quick breakfast idea,407,102,500,medium,1,0
1,quick breakfast idea,333,84,500,medium,1,0
1,quick breakfast idea,415,104,500,medium,1,1
1,quick breakfast idea,328,82,500,medium,1,1
1,quick breakfast idea,212,53,500,medium,1,1
1,quick breakfast idea,127,32,500,medium,0,0
1,quick breakfast idea,682,171,500,medium,0,0
1,quick breakfast idea,134,34,500,medium,0,0
1,quick breakfast idea,77,20,500,medium,1,0
1,street food cravings,254,64,500,medium,0,0
1,street food cravings,542,136,500,medium,0,0
1,street food cravings,177,45,500,medium,1,0
1,street food cravings,452,113,500,medium,0,0
1,street food cravings,466,117,500,medium,1,1
1,street food cravings,720,180,500,medium,1,0
1,street food cravings,6,2,500,medium,1,1
1,street food cravings,376,94,500,medium,1,0
1,street food cravings,494,124,500,medium,1,1
1,street food cravings,242,61,500,medium,1,0
1,vegan friendly dinner,242,61,500,medium,1,0
1,vegan friendly dinner,459,115,500,medium,1,1
1,vegan friendly dinner,237,60,500,medium,0,0
1,vegan friendly dinner,97,25,500,medium,1,0
1,vegan friendly dinner,140,35,500,medium,1,0
1,vegan friendly dinner,85,22,500,medium,1,1
1,vegan friendly dinner,411,103,500,medium,1,0
1,vegan friendly dinner,673,169,500,medium,1,0
1,vegan friendly dinner,328,82,500,medium,0,0
1,vegan friendly dinner,634,159,500,medium,0,0
2,cheesy comfort food,561,141,350,mild,1,0
2,cheesy comfort food,355,89,350,mild,1,1
2,cheesy comfort food,571,143,350,mild,1,0
2,cheesy comfort food,777,195,350,mild,1,0
2,cheesy comfort food,76,19,350,mild,1,0
2,cheesy comfort food,652,163,350,mild,1,1
2,cheesy comfort food,531,133,350,mild,1,0
2,cheesy comfort food,498,125,350,mild,0,0
2,cheesy comfort food,37,10,350,mild,1,0
2,cheesy comfort food,172,43,350,mild,1,0
2,biryani under 300 rupees,40,10,350,mild,1,1
2,biryani under 300 rupees,407,102,350,mild,1,1
2,biryani under 300 rupees,46,12,350,mild,1,0
2,biryani under 300 rupees,434,109,350,mild,1,1
2,biryani under 300 rupees,791,198,350,mild,1,0
2,biryani under 300 rupees,107,27,350,mild,1,1
2,biryani under 300 rupees,171,43,350,mild,1,0
2,biryani under 300 rupees,282,71,350,mild,1,0
2,biryani under 300 rupees,28,7,350,mild,0,0
2,biryani under 300 rupees,72,18,350,mild,1,0
2,vegan friendly dinner,746,187,350,mild,1,1
2,vegan friendly dinner,611,153,350,mild,1,0
2,vegan friendly dinner,125,32,350,mild,1,0
2,vegan friendly dinner,336,84,350,mild,1,0
2,vegan friendly dinner,50,13,350,mild,1,1
2,vegan friendly dinner,701,176,350,mild,1,1
2,vegan friendly dinner,661,166,350,mild,1,0
2,vegan friendly dinner,760,190,350,mild,1,1
2,vegan friendly dinner,112,28,350,mild,1,0
2,vegan friendly dinner,205,52,350,mild,1,1
2,cheesy comfort food,106,27,350,mild,0,0
2,cheesy comfort food,78,20,350,mild,1,1
2,cheesy comfort food,663,166,350,mild,1,0
2,cheesy comfort food,176,44,350,mild,0,0
2,cheesy comfort food,182,46,350,mild,0,0
2,cheesy comfort food,330,83,350,mild,1,0
2,cheesy comfort food,127,32,350,mild,0,0
2,cheesy comfort food,207,52,350,mild,0,0
2,cheesy comfort food,204,51,350,mild,1,1
2,cheesy comfort food,192,48,350,mild,0,0
2,quick breakfast idea,622,156,350,mild,1,0
2,quick breakfast idea,25,7,350,mild,0,0
2,quick breakfast idea,512,128,350,mild,1,1
2,quick breakfast idea,624,156,350,mild,1,0
2,quick breakfast idea,148,37,350,mild,1,0
2,quick breakfast idea,375,94,350,mild,1,0
2,quick breakfast idea,256,64,350,mild,1,0
2,quick breakfast idea,331,83,350,mild,1,0
2,quick breakfast idea,355,89,350,mild,1,0
2,quick breakfast idea,346,87,350,mild,1,1
2,something spicy and cheap under 200,545,137,350,mild,0,0
2,something spicy and cheap under 200,547,137,350,mild,1,0
2,something spicy and cheap under 200,448,112,350,mild,1,0
2,something spicy and cheap under 200,483,121,350,mild,0,0
2,something spicy and cheap under 200,378,95,350,mild,1,0
2,something spicy and cheap under 200,305,77,350,mild,1,0
2,something spicy and cheap under 200,728,182,350,mild,1,1
2,something spicy and cheap under 200,221,56,350,mild,1,0
2,something spicy and cheap under 200,259,65,350,mild,1,0
2,something spicy and cheap under 200,503,126,350,mild,1,0
2,healthy light dinner option,87,22,350,mild,1,0
2,healthy light dinner option,181,46,350,mild,1,1
2,healthy light dinner option,757,190,350,mild,1,0
2,healthy light dinner option,129,33,350,mild,1,0
2,healthy light dinner option,248,62,350,mild,1,0
2,healthy light dinner option,640,160,350,mild,1,1
2,healthy light dinner option,360,90,350,mild,1,0
2,healthy light dinner option,675,169,350,mild,0,0
2,healthy light dinner option,245,62,350,mild,0,0
2,healthy light dinner option,575,144,350,mild,1,0
2,street food cravings,713,179,350,mild,1,0
2,street food cravings,479,120,350,mild,0,0
2,street food cravings,192,48,350,mild,1,0
2,street food cravings,349,88,350,mild,1,0
2,street food cravings,223,56,350,mild,1,1
2,street food cravings,571,143,350,mild,1,0
2,street food cravings,275,69,350,mild,1,0
2,street food cravings,233,59,350,mild,0,0
2,street food cravings,454,114,350,mild,1,0
2,street food cravings,439,110,350,mild,1,1
3,cold coffee and snacks,186,47,150,medium,0,0
3,cold coffee and snacks,304,76,150,medium,1,1
3,cold coffee and snacks,322,81,150,medium,0,0
3,cold coffee and snacks,153,39,150,medium,0,0
3,cold coffee and snacks,358,90,150,medium,1,0
3,cold coffee and snacks,443,111,150,medium,0,0
3,cold coffee and snacks,369,93,150,medium,1,1
3,cold coffee and snacks,36,9,150,medium,1,0
3,cold coffee and snacks,790,198,150,medium,0,0
3,cold coffee and snacks,248,62,150,medium,0,0
3,something spicy and cheap under 200,736,184,150,medium,0,0
3,something spicy and cheap under 200,84,21,150,medium,1,0
3,something spicy and cheap under 200,563,141,150,medium,0,0
3,something spicy and cheap under 200,781,196,150,medium,1,1
3,something spicy and cheap under 200,374,94,150,medium,1,0
3,something spicy and cheap under 200,695,174,150,medium,0,0
3,something spicy and cheap under 200,122,31,150,medium,0,0
3,something spicy and cheap under 200,690,173,150,medium,0,0
3,something spicy and cheap under 200,508,127,150,medium,1,0
3,something spicy and cheap under 200,185,47,150,medium,1,0
3,cheesy comfort food,755,189,150,medium,1,1
3,cheesy comfort food,59,15,150,medium,1,1
3,cheesy comfort food,566,142,150,medium,1,0
3,cheesy comfort food,202,51,150,medium,0,0
3,cheesy comfort food,624,156,150,medium,0,0
3,cheesy comfort food,172,43,150,medium,0,0
3,cheesy comfort food,38,10,150,medium,1,0
3,cheesy comfort food,135,34,150,medium,0,0
3,cheesy comfort food,150,38,150,medium,1,1
3,cheesy comfort food,96,24,150,medium,1,1
3,street food cravings,388,97,150,medium,0,0
3,street food cravings,532,133,150,medium,0,0
3,street food cravings,530,133,150,medium,1,1
3,street food cravings,429,108,150,medium,1,1
3,street food cravings,767,192,150,medium,1,1
3,street food cravings,505,127,150,medium,0,0
3,street food cravings,571,143,150,medium,1,0
3,street food cravings,727,182,150,medium,1,0
3,street food cravings,154,39,150,medium,0,0
3,street food cravings,785,197,150,medium,0,0
3,biryani under 300 rupees,477,120,150,medium,0,0
3,biryani under 300 rupees,144,36,150,medium,0,0
3,biryani under 300 rupees,609,153,150,medium,1,0
3,biryani under 300 rupees,175,44,150,medium,0,0
3,biryani under 300 rupees,628,157,150,medium,0,0
3,biryani under 300 rupees,182,46,150,medium,1,1
3,biryani under 300 rupees,53,14,150,medium,0,0
3,biryani under 300 rupees,720,180,150,medium,1,1
3,biryani under 300 rupees,261,66,150,medium,1,1
3,biryani under 300 rupees,653,164,150,medium,1,1
3,cold coffee and snacks,681,171,150,medium,1,1
3,cold coffee and snacks,375,94,150,medium,0,0
3,cold coffee and snacks,636,159,150,medium,1,0
3,cold coffee and snacks,246,62,150,medium,1,0
3,cold coffee and snacks,234,59,150,medium,1,1
3,cold coffee and snacks,311,78,150,medium,1,1
3,cold coffee and snacks,374,94,150,medium,1,0
3,cold coffee and snacks,262,66,150,medium,1,1
3,cold coffee and snacks,510,128,150,medium,1,1
3,cold coffee and snacks,730,183,150,medium,1,0
3,cheesy comfort food,696,174,150,medium,1,0
3,cheesy comfort food,244,61,150,medium,1,1
3,cheesy comfort food,137,35,150,medium,1,0
3,cheesy comfort food,579,145,150,medium,0,0
3,cheesy comfort food,177,45,150,medium,1,0
3,cheesy comfort food,607,152,150,medium,1,1
3,cheesy comfort food,705,177,150,medium,1,1
3,cheesy comfort food,624,156,150,medium,0,0
3,cheesy comfort food,317,80,150,medium,1,0
3,cheesy comfort food,377,95,150,medium,0,0
3,cheesy comfort food,542,136,150,medium,1,1
3,cheesy comfort food,100,25,150,medium,0,0
3,cheesy comfort food,150,38,150,medium,1,0
3,cheesy comfort food,76,19,150,medium,0,0
3,cheesy comfort food,760,190,150,medium,1,1
3,cheesy comfort food,738,185,150,medium,0,0
3,cheesy comfort food,98,25,150,medium,0,0
3,cheesy comfort food,233,59,150,medium,1,1
3,cheesy comfort food,673,169,150,medium,1,1
3,cheesy comfort food,533,134,150,medium,0,0
4,biryani under 300 rupees,416,104,500,spicy,1,0
4,biryani under 300 rupees,144,36,500,spicy,1,0
4,biryani under 300 rupees,701,176,500,spicy,1,0
4,biryani under 300 rupees,157,40,500,spicy,1,1
4,biryani under 300 rupees,48,12,500,spicy,0,0
4,biryani under 300 rupees,607,152,500,spicy,1,1
4,biryani under 300 rupees,685,172,500,spicy,1,0
4,biryani under 300 rupees,771,193,500,spicy,1,1
4,biryani under 300 rupees,142,36,500,spicy,1,1
4,biryani under 300 rupees,761,191,500,spicy,1,0
4,cheesy comfort food,547,137,500,spicy,1,1
4,cheesy comfort food,84,21,500,spicy,1,1
4,cheesy comfort food,303,76,500,spicy,1,1
4,cheesy comfort food,102,26,500,spicy,1,1
4,cheesy comfort food,429,108,500,spicy,1,1
4,cheesy comfort food,88,22,500,spicy,1,0
4,cheesy comfort food,657,165,500,spicy,1,1
4,cheesy comfort food,197,50,500,spicy,1,1
4,cheesy comfort food,762,191,500,spicy,1,0
4,cheesy comfort food,40,10,500,spicy,0,0
4,something spicy and cheap under 200,387,97,500,spicy,1,0
4,something spicy and cheap under 200,74,19,500,spicy,1,0
4,something spicy and cheap under 200,77,20,500,spicy,1,0
4,something spicy and cheap under 200,459,115,500,spicy,1,1
4,something spicy and cheap under 200,603,151,500,spicy,1,0
4,something spicy and cheap under 200,767,192,500,spicy,0,0
4,something spicy and cheap under 200,746,187,500,spicy,1,0
4,something spicy and cheap under 200,132,33,500,spicy,1,1
4,something spicy and cheap under 200,555,139,500,spicy,1,1
4,something spicy and cheap under 200,129,33,500,spicy,1,0
4,cheesy comfort food,141,36,500,spicy,0,0
4,cheesy comfort food,637,160,500,spicy,1,1
4,cheesy comfort food,442,111,500,spicy,1,0
4,cheesy comfort food,46,12,500,spicy,1,1
4,cheesy comfort food,458,115,500,spicy,0,0
4,cheesy comfort food,781,196,500,spicy,1,0
4,cheesy comfort food,452,113,500,spicy,0,0
4,cheesy comfort food,224,56,500,spicy,1,0
4,cheesy comfort food,799,200,500,spicy,1,0
4,cheesy comfort food,511,128,500,spicy,1,0
4,cold coffee and snacks,622,156,500,spicy,1,0
4,cold coffee and snacks,327,82,500,spicy,1,1
4,cold coffee and snacks,406,102,500,spicy,1,0
4,cold coffee and snacks,249,63,500,spicy,1,0
4,cold coffee and snacks,616,154,500,spicy,1,0
4,cold coffee and snacks,617,155,500,spicy,1,1
4,cold coffee and snacks,442,111,500,spicy,1,1
4,cold coffee and snacks,758,190,500,spicy,1,0
4,cold coffee and snacks,126,32,500,spicy,1,1
4,cold coffee and snacks,753,189,500,spicy,1,1
4,healthy light dinner option,215,54,500,spicy,1,1
4,healthy light dinner option,356,89,500,spicy,1,0
4,healthy light dinner option,468,117,500,spicy,1,1
4,healthy light dinner option,740,185,500,spicy,1,0
4,healthy light dinner option,622,156,500,spicy,1,0
4,healthy light dinner option,416,104,500,spicy,0,0
4,healthy light dinner option,99,25,500,spicy,1,0
4,healthy light dinner option,565,142,500,spicy,1,0
4,healthy light dinner option,49,13,500,spicy,1,1
4,healthy light dinner option,635,159,500,spicy,0,0
4,sweet dessert to end the meal,151,38,500,spicy,0,0
4,sweet dessert to end the meal,212,53,500,spicy,1,0
4,sweet dessert to end the meal,643,161,500,spicy,1,1
4,sweet dessert to end the meal,407,102,500,spicy,1,0
4,sweet dessert to end the meal,577,145,500,spicy,1,0
4,sweet dessert to end the meal,389,98,500,spicy,1,1
4,sweet dessert to end the meal,472,118,500,spicy,1,0
4,sweet dessert to end the meal,135,34,500,spicy,0,0
4,sweet dessert to end the meal,729,183,500,spicy,1,0
4,sweet dessert to end the meal,337,85,500,spicy,1,0
4,biryani under 300 rupees,43,11,500,spicy,1,1
4,biryani under 300 rupees,163,41,500,spicy,1,0
4,biryani under 300 rupees,109,28,500,spicy,1,1
4,biryani under 300 rupees,133,34,500,spicy,1,1
4,biryani under 300 rupees,284,71,500,spicy,1,0
4,biryani under 300 rupees,402,101,500,spicy,1,0
4,biryani under 300 rupees,120,30,500,spicy,1,1
4,biryani under 300 rupees,527,132,500,spicy,1,1
4,biryani under 300 rupees,290,73,500,spicy,1,0
4,biryani under 300 rupees,508,127,500,spicy,1,1
5,healthy light dinner option,449,113,250,medium,1,0
5,healthy light dinner option,373,94,250,medium,1,0
5,healthy light dinner option,232,58,250,medium,1,0
5,healthy light dinner option,503,126,250,medium,1,1
5,healthy light dinner option,676,169,250,medium,1,0
5,healthy light dinner option,91,23,250,medium,1,0
5,healthy light dinner option,54,14,250,medium,1,0
5,healthy light dinner option,247,62,250,medium,1,0
5,healthy light dinner option,794,199,250,medium,1,0
5,healthy light dinner option,758,190,250,medium,0,0
5,healthy light dinner option,439,110,250,medium,0,0
5,healthy light dinner option,643,161,250,medium,0,0
5,healthy light dinner option,409,103,250,medium,0,0
5,healthy light dinner option,191,48,250,medium,1,0
5,healthy light dinner option,534,134,250,medium,1,1
5,healthy light dinner option,768,192,250,medium,1,0
5,healthy light dinner option,544,136,250,medium,1,1
5,healthy light dinner option,614,154,250,medium,0,0
5,healthy light dinner option,525,132,250,medium,0,0
5,healthy light dinner option,571,143,250,medium,0,0
5,vegan friendly dinner,701,176,250,medium,1,0
5,vegan friendly dinner,84,21,250,medium,1,0
5,vegan friendly dinner,451,113,250,medium,0,0
5,vegan friendly dinner,393,99,250,medium,0,0
5,vegan friendly dinner,24,6,250,medium,1,0
5,vegan friendly dinner,702,176,250,medium,1,0
5,vegan friendly dinner,147,37,250,medium,0,0
5,vegan friendly dinner,641,161,250,medium,1,1
5,vegan friendly dinner,7,2,250,medium,1,1
5,vegan friendly dinner,550,138,250,medium,1,1
5,mild non spicy food for kids,617,155,250,medium,1,0
5,mild non spicy food for kids,232,58,250,medium,1,0
5,mild non spicy food for kids,126,32,250,medium,0,0
5,mild non spicy food for kids,594,149,250,medium,1,0
5,mild non spicy food for kids,536,134,250,medium,1,1
5,mild non spicy food for kids,776,194,250,medium,1,1
5,mild non spicy food for kids,325,82,250,medium,1,1
5,mild non spicy food for kids,627,157,250,medium,0,0
5,mild non spicy food for kids,404,101,250,medium,1,1
5,mild non spicy food for kids,590,148,250,medium,0,0
5,quick breakfast idea,561,141,250,medium,1,0
5,quick breakfast idea,689,173,250,medium,1,1
5,quick breakfast idea,615,154,250,medium,1,0
5,quick breakfast idea,559,140,250,medium,0,0
5,quick breakfast idea,755,189,250,medium,1,0
5,quick breakfast idea,635,159,250,medium,1,0
5,quick breakfast idea,404,101,250,medium,1,0
5,quick breakfast idea,60,15,250,medium,1,1
5,quick breakfast idea,697,175,250,medium,0,0
5,quick breakfast idea,366,92,250,medium,1,0
5,quick breakfast idea,589,148,250,medium,1,0
5,quick breakfast idea,197,50,250,medium,1,1
5,quick breakfast idea,235,59,250,medium,0,0
5,quick breakfast idea,245,62,250,medium,1,0
5,quick breakfast idea,138,35,250,medium,1,0
5,quick breakfast idea,338,85,250,medium,1,0
5,quick breakfast idea,301,76,250,medium,1,0
5,quick breakfast idea,747,187,250,medium,1,0
5,quick breakfast idea,527,132,250,medium,1,1
5,quick breakfast idea,348,87,250,medium,1,0
5,something spicy and cheap under 200,598,150,250,medium,0,0
5,something spicy and cheap under 200,227,57,250,medium,1,0
5,something spicy and cheap under 200,603,151,250,medium,0,0
5,something spicy and cheap under 200,390,98,250,medium,0,0
5,something spicy and cheap under 200,79,20,250,medium,0,0
5,something spicy and cheap under 200,141,36,250,medium,1,0
5,something spicy and cheap under 200,285,72,250,medium,1,0
5,something spicy and cheap under 200,17,5,250,medium,1,0
5,something spicy and cheap under 200,568,142,250,medium,1,0
5,something spicy and cheap under 200,289,73,250,medium,0,0
5,healthy light dinner option,107,27,250,medium,1,1
5,healthy light dinner option,613,154,250,medium,1,0
5,healthy light dinner option,48,12,250,medium,1,1
5,healthy light dinner option,49,13,250,medium,0,0
5,healthy light dinner option,269,68,250,medium,1,0
5,healthy light dinner option,195,49,250,medium,0,0
5,healthy light dinner option,264,66,250,medium,1,0
5,healthy light dinner option,527,132,250,medium,1,0
5,healthy light dinner option,59,15,250,medium,1,1
5,healthy light dinner option,130,33,250,medium,1,0
6,cheesy comfort food,43,11,500,very spicy,1,1
6,cheesy comfort food,248,62,500,very spicy,1,0
6,cheesy comfort food,610,153,500,very spicy,1,0
6,cheesy comfort food,65,17,500,very spicy,1,0
6,cheesy comfort food,798,200,500,very spicy,1,0
6,cheesy comfort food,125,32,500,very spicy,1,1
6,cheesy comfort food,32,8,500,very spicy,1,1
6,cheesy comfort food,354,89,500,very spicy,1,0
6,cheesy comfort food,325,82,500,very spicy,1,1
6,cheesy comfort food,110,28,500,very spicy,1,1
6,something spicy and cheap under 200,139,35,500,very spicy,1,1
6,something spicy and cheap under 200,487,122,500,very spicy,1,1
6,something spicy and cheap under 200,389,98,500,very spicy,1,0
6,something spicy and cheap under 200,616,154,500,very spicy,0,0
6,something spicy and cheap under 200,702,176,500,very spicy,1,0
6,something spicy and cheap under 200,667,167,500,very spicy,1,0
6,something spicy and cheap under 200,255,64,500,very spicy,1,1
6,something spicy and cheap under 200,800,200,500,very spicy,1,0
6,something spicy and cheap under 200,789,198,500,very spicy,1,1
6,something spicy and cheap under 200,720,180,500,very spicy,1,1
6,vegan friendly dinner,651,163,500,very spicy,1,1
6,vegan friendly dinner,717,180,500,very spicy,1,1
6,vegan friendly dinner,376,94,500,very spicy,1,0
6,vegan friendly dinner,270,68,500,very spicy,1,0
6,vegan friendly dinner,572,143,500,very spicy,1,0
6,vegan friendly dinner,393,99,500,very spicy,1,0
6,vegan friendly dinner,716,179,500,very spicy,1,0
6,vegan friendly dinner,748,187,500,very spicy,1,0
6,vegan friendly dinner,324,81,500,very spicy,0,0
6,vegan friendly dinner,397,100,500,very spicy,1,0
6,quick breakfast idea,177,45,500,very spicy,0,0
6,quick breakfast idea,74,19,500,very spicy,1,0
6,quick breakfast idea,398,100,500,very spicy,1,0
6,quick breakfast idea,488,122,500,very spicy,0,0
6,quick breakfast idea,69,18,500,very spicy,1,1
6,quick breakfast idea,163,41,500,very spicy,1,1
6,quick breakfast idea,743,186,500,very spicy,1,0
6,quick breakfast idea,578,145,500,very spicy,1,1
6,quick breakfast idea,789,198,500,very spicy,0,0
6,quick breakfast idea,259,65,500,very spicy,1,0
6,sweet dessert to end the meal,247,62,500,very spicy,1,0
6,sweet dessert to end the meal,330,83,500,very spicy,0,0
6,sweet dessert to end the meal,427,107,500,very spicy,1,0
6,sweet dessert to end the meal,282,71,500,very spicy,1,0
6,sweet dessert to end the meal,519,130,500,very spicy,1,1
6,sweet dessert to end the meal,506,127,500,very spicy,0,0
6,sweet dessert to end the meal,155,39,500,very spicy,1,0
6,sweet dessert to end the meal,533,134,500,very spicy,1,1
6,sweet dessert to end the meal,93,24,500,very spicy,0,0
6,sweet dessert to end the meal,452,113,500,very spicy,1,0
6,street food cravings,551,138,500,very spicy,1,1
6,street food cravings,469,118,500,very spicy,1,1
6,street food cravings,430,108,500,very spicy,1,0
6,street food cravings,434,109,500,very spicy,1,1
6,street food cravings,248,62,500,very spicy,1,0
6,street food cravings,383,96,500,very spicy,1,0
6,street food cravings,16,4,500,very spicy,1,1
6,street food cravings,371,93,500,very spicy,1,0
6,street food cravings,648,162,500,very spicy,0,0
6,street food cravings,391,98,500,very spicy,1,0
6,cold coffee and snacks,312,78,500,very spicy,1,0
6,cold coffee and snacks,248,62,500,very spicy,1,0
6,cold coffee and snacks,290,73,500,very spicy,1,0
6,cold coffee and snacks,409,103,500,very spicy,0,0
6,cold coffee and snacks,546,137,500,very spicy,1,0
6,cold coffee and snacks,795,199,500,very spicy,1,0
6,cold coffee and snacks,517,130,500,very spicy,1,0
6,cold coffee and snacks,46,12,500,very spicy,1,1
6,cold coffee and snacks,299,75,500,very spicy,1,1
6,cold coffee and snacks,112,28,500,very spicy,1,1
6,healthy light dinner option,657,165,500,very spicy,1,0
6,healthy light dinner option,788,197,500,very spicy,1,0
6,healthy light dinner option,460,115,500,very spicy,1,0
6,healthy light dinner option,232,58,500,very spicy,1,0
6,healthy light dinner option,158,40,500,very spicy,1,0
6,healthy light dinner option,125,32,500,very spicy,1,0
6,healthy light dinner option,480,120,500,very spicy,1,0
6,healthy light dinner option,432,108,500,very spicy,1,1
6,healthy light dinner option,7,2,500,very spicy,1,1
6,healthy light dinner option,695,174,500,very spicy,1,1
7,cheesy comfort food,313,79,250,mild,1,0
7,cheesy comfort food,283,71,250,mild,0,0
7,cheesy comfort food,558,140,250,mild,1,0
7,cheesy comfort food,735,184,250,mild,1,0
7,cheesy comfort food,692,173,250,mild,0,0
7,cheesy comfort food,147,37,250,mild,1,0
7,cheesy comfort food,196,49,250,mild,1,0
7,cheesy comfort food,81,21,250,mild,1,1
7,cheesy comfort food,200,50,250,mild,0,0
7,cheesy comfort food,468,117,250,mild,1,0
7,cold coffee and snacks,758,190,250,mild,1,1
7,cold coffee and snacks,56,14,250,mild,1,1
7,cold coffee and snacks,331,83,250,mild,1,0
7,cold coffee and snacks,521,131,250,mild,1,1
7,cold coffee and snacks,586,147,250,mild,1,0
7,cold coffee and snacks,770,193,250,mild,1,0
7,cold coffee and snacks,655,164,250,mild,1,1
7,cold coffee and snacks,485,122,250,mild,0,0
7,cold coffee and snacks,745,187,250,mild,1,1
7,cold coffee and snacks,403,101,250,mild,0,0
7,healthy light dinner option,292,73,250,mild,1,0
7,healthy light dinner option,419,105,250,mild,1,1
7,healthy light dinner option,40,10,250,mild,0,0
7,healthy light dinner option,288,72,250,mild,0,0
7,healthy light dinner option,428,107,250,mild,0,0
7,healthy light dinner option,716,179,250,mild,1,0
7,healthy light dinner option,442,111,250,mild,1,0
7,healthy light dinner option,714,179,250,mild,1,0
7,healthy light dinner option,376,94,250,mild,0,0
7,healthy light dinner option,611,153,250,mild,1,1
7,quick breakfast idea,508,127,250,mild,1,0
7,quick breakfast idea,21,6,250,mild,1,1
7,quick breakfast idea,441,111,250,mild,0,0
7,quick breakfast idea,604,151,250,mild,1,0
7,quick breakfast idea,681,171,250,mild,0,0
7,quick breakfast idea,100,25,250,mild,0,0
7,quick breakfast idea,101,26,250,mild,1,1
7,quick breakfast idea,298,75,250,mild,1,1
7,quick breakfast idea,388,97,250,mild,1,1
7,quick breakfast idea,98,25,250,mild,1,1
7,cold coffee and snacks,22,6,250,mild,1,0
7,cold coffee and snacks,324,81,250,mild,0,0
7,cold coffee and snacks,484,121,250,mild,1,0
7,cold coffee and snacks,165,42,250,mild,0,0
7,cold coffee and snacks,533,134,250,mild,1,0
7,cold coffee and snacks,673,169,250,mild,1,0
7,cold coffee and snacks,679,170,250,mild,0,0
7,cold coffee and snacks,43,11,250,mild,1,0
7,cold coffee and snacks,152,38,250,mild,1,0
7,cold coffee and snacks,180,45,250,mild,0,0
7,street food cravings,264,66,250,mild,1,0
7,street food cravings,5,2,250,mild,0,0
7,street food cravings,656,164,250,mild,1,0
7,street food cravings,104,26,250,mild,1,0
7,street food cravings,735,184,250,mild,0,0
7,street food cravings,43,11,250,mild,1,1
7,street food cravings,750,188,250,mild,1,1
7,street food cravings,649,163,250,mild,0,0
7,street food cravings,666,167,250,mild,1,0
7,street food cravings,785,197,250,mild,1,0
7,biryani under 300 rupees,455,114,250,mild,0,0
7,biryani under 300 rupees,744,186,250,mild,1,1
7,biryani under 300 rupees,247,62,250,mild,1,0
7,biryani under 300 rupees,795,199,250,mild,1,0
7,biryani under 300 rupees,341,86,250,mild,1,1
7,biryani under 300 rupees,681,171,250,mild,0,0
7,biryani under 300 rupees,507,127,250,mild,1,0
7,biryani under 300 rupees,583,146,250,mild,1,0
7,biryani under 300 rupees,332,83,250,mild,1,0
7,biryani under 300 rupees,430,108,250,mild,1,0
7,vegan friendly dinner,364,91,250,mild,1,1
7,vegan friendly dinner,381,96,250,mild,1,1
7,vegan friendly dinner,89,23,250,mild,0,0
7,vegan friendly dinner,98,25,250,mild,1,1
7,vegan friendly dinner,369,93,250,mild,1,0
7,vegan friendly dinner,505,127,250,mild,1,0
7,vegan friendly dinner,745,187,250,mild,1,0
7,vegan friendly dinner,105,27,250,mild,1,1
7,vegan friendly dinner,736,184,250,mild,1,1
7,vegan friendly dinner,409,103,250,mild,1,0
8,quick breakfast idea,611,153,350,mild,0,0
8,quick breakfast idea,465,117,350,mild,1,0
8,quick breakfast idea,585,147,350,mild,1,0
8,quick breakfast idea,630,158,350,mild,1,0
8,quick breakfast idea,256,64,350,mild,1,0
8,quick breakfast idea,767,192,350,mild,0,0
8,quick breakfast idea,350,88,350,mild,1,0
8,quick breakfast idea,414,104,350,mild,1,1
8,quick breakfast idea,380,95,350,mild,1,0
8,quick breakfast idea,448,112,350,mild,1,1
8,quick breakfast idea,378,95,350,mild,1,0
8,quick breakfast idea,620,155,350,mild,0,0
8,quick breakfast idea,587,147,350,mild,1,1
8,quick breakfast idea,742,186,350,mild,1,0
8,quick breakfast idea,415,104,350,mild,1,0
8,quick breakfast idea,291,73,350,mild,0,0
8,quick breakfast idea,239,60,350,mild,1,1
8,quick breakfast idea,154,39,350,mild,0,0
8,quick breakfast idea,45,12,350,mild,1,0
8,quick breakfast idea,461,116,350,mild,1,0
8,biryani under 300 rupees,314,79,350,mild,1,0
8,biryani under 300 rupees,285,72,350,mild,1,0
8,biryani under 300 rupees,597,150,350,mild,1,1
8,biryani under 300 rupees,775,194,350,mild,0,0
8,biryani under 300 rupees,692,173,350,mild,1,1
8,biryani under 300 rupees,507,127,350,mild,1,0
8,biryani under 300 rupees,791,198,350,mild,1,0
8,biryani under 300 rupees,432,108,350,mild,1,1
8,biryani under 300 rupees,733,184,350,mild,1,1
8,biryani under 300 rupees,735,184,350,mild,1,0
8,biryani under 300 rupees,217,55,350,mild,1,1
8,biryani under 300 rupees,737,185,350,mild,0,0
8,biryani under 300 rupees,609,153,350,mild,0,0
8,biryani under 300 rupees,232,58,350,mild,1,0
8,biryani under 300 rupees,130,33,350,mild,1,1
8,biryani under 300 rupees,351,88,350,mild,1,0
8,biryani under 300 rupees,26,7,350,mild,0,0
8,biryani under 300 rupees,689,173,350,mild,0,0
8,biryani under 300 rupees,234,59,350,mild,1,1
8,biryani under 300 rupees,253,64,350,mild,1,0
8,healthy light dinner option,103,26,350,mild,0,0
8,healthy light dinner option,517,130,350,mild,1,0
8,healthy light dinner option,259,65,350,mild,1,0
8,healthy light dinner option,288,72,350,mild,1,0
8,healthy light dinner option,262,66,350,mild,1,0
8,healthy light dinner option,226,57,350,mild,0,0
8,healthy light dinner option,463,116,350,mild,1,0
8,healthy light dinner option,126,32,350,mild,1,0
8,healthy light dinner option,617,155,350,mild,1,0
8,healthy light dinner option,467,117,350,mild,1,1
8,street food cravings,98,25,350,mild,1,0
8,street food cravings,542,136,350,mild,1,1
8,street food cravings,119,30,350,mild,1,0
8,street food cravings,93,24,350,mild,0,0
8,street food cravings,728,182,350,mild,0,0
8,street food cravings,351,88,350,mild,1,0
8,street food cravings,718,180,350,mild,1,1
8,street food cravings,17,5,350,mild,1,0
8,street food cravings,312,78,350,mild,1,1
8,street food cravings,175,44,350,mild,0,0
8,something spicy and cheap under 200,655,164,350,mild,1,0
8,something spicy and cheap under 200,248,62,350,mild,1,0
8,something spicy and cheap under 200,551,138,350,mild,0,0
8,something spicy and cheap under 200,103,26,350,mild,1,0
8,something spicy and cheap under 200,79,20,350,mild,1,0
8,something spicy and cheap under 200,181,46,350,mild,1,0
8,something spicy and cheap under 200,137,35,350,mild,1,1
8,something spicy and cheap under 200,470,118,350,mild,1,0
8,something spicy and cheap under 200,265,67,350,mild,1,0
8,something spicy and cheap under 200,473,119,350,mild,1,0
8,cheesy comfort food,462,116,350,mild,1,1
8,cheesy comfort food,591,148,350,mild,1,0
8,cheesy comfort food,789,198,350,mild,1,0
8,cheesy comfort food,16,4,350,mild,1,1
8,cheesy comfort food,435,109,350,mild,1,0
8,cheesy comfort food,323,81,350,mild,1,1
8,cheesy comfort food,404,101,350,mild,1,1
8,cheesy comfort food,108,27,350,mild,0,0
8,cheesy comfort food,552,138,350,mild,1,0
8,cheesy comfort food,330,83,350,mild,1,0
9,biryani under 300 rupees,413,104,250,very spicy,1,0
9,biryani under 300 rupees,247,62,250,very spicy,1,1
9,biryani under 300 rupees,637,160,250,very spicy,1,0
9,biryani under 300 rupees,309,78,250,very spicy,0,0
9,biryani under 300 rupees,453,114,250,very spicy,1,0
9,biryani under 300 rupees,779,195,250,very spicy,0,0
9,biryani under 300 rupees,350,88,250,very spicy,1,1
9,biryani under 300 rupees,268,67,250,very spicy,0,0
9,biryani under 300 rupees,30,8,250,very spicy,0,0
9,biryani under 300 rupees,729,183,250,very spicy,1,0
9,cheesy comfort food,656,164,250,very spicy,1,1
9,cheesy comfort food,676,169,250,very spicy,0,0
9,cheesy comfort food,465,117,250,very spicy,1,1
9,cheesy comfort food,449,113,250,very spicy,0,0
9,cheesy comfort food,269,68,250,very spicy,0,0
9,cheesy comfort food,307,77,250,very spicy,1,0
9,cheesy comfort food,389,98,250,very spicy,0,0
9,cheesy comfort food,763,191,250,very spicy,1,0
9,cheesy comfort food,522,131,250,very spicy,1,0
9,cheesy comfort food,674,169,250,very spicy,1,1
9,quick breakfast idea,655,164,250,very spicy,0,0
9,quick breakfast idea,765,192,250,very spicy,1,0
9,quick breakfast idea,380,95,250,very spicy,1,0
9,quick breakfast idea,404,101,250,very spicy,1,0
9,quick breakfast idea,288,72,250,very spicy,0,0
9,quick breakfast idea,169,43,250,very spicy,0,0
9,quick breakfast idea,11,3,250,very spicy,1,0
9,quick breakfast idea,633,159,250,very spicy,1,1
9,quick breakfast idea,680,170,250,very spicy,1,1
9,quick breakfast idea,729,183,250,very spicy,0,0
9,vegan friendly dinner,374,94,250,very spicy,1,1
9,vegan friendly dinner,734,184,250,very spicy,0,0
9,vegan friendly dinner,550,138,250,very spicy,0,0
9,vegan friendly dinner,391,98,250,very spicy,0,0
9,vegan friendly dinner,203,51,250,very spicy,1,0
9,vegan friendly dinner,438,110,250,very spicy,0,0
9,vegan friendly dinner,180,45,250,very spicy,1,0
9,vegan friendly dinner,251,63,250,very spicy,1,0
9,vegan friendly dinner,527,132,250,very spicy,0,0
9,vegan friendly dinner,725,182,250,very spicy,0,0
9,quick breakfast idea,755,189,250,very spicy,1,0
9,quick breakfast idea,654,164,250,very spicy,1,0
9,quick breakfast idea,571,143,250,very spicy,0,0
9,quick breakfast idea,324,81,250,very spicy,1,1
9,quick breakfast idea,160,40,250,very spicy,1,0
9,quick breakfast idea,220,55,250,very spicy,0,0
9,quick breakfast idea,332,83,250,very spicy,1,0
9,quick breakfast idea,392,98,250,very spicy,0,0
9,quick breakfast idea,169,43,250,very spicy,1,1
9,quick breakfast idea,448,112,250,very spicy,0,0
9,cheesy comfort food,208,52,250,very spicy,0,0
9,cheesy comfort food,591,148,250,very spicy,1,0
9,cheesy comfort food,202,51,250,very spicy,1,0
9,cheesy comfort food,375,94,250,very spicy,1,1
9,cheesy comfort food,579,145,250,very spicy,1,0
9,cheesy comfort food,108,27,250,very spicy,0,0
9,cheesy comfort food,568,142,250,very spicy,1,0
9,cheesy comfort food,80,20,250,very spicy,1,0
9,cheesy comfort food,457,115,250,very spicy,1,0
9,cheesy comfort food,155,39,250,very spicy,1,1
9,street food cravings,98,25,250,very spicy,1,1
9,street food cravings,689,173,250,very spicy,0,0
9,street food cravings,363,91,250,very spicy,1,0
9,street food cravings,185,47,250,very spicy,1,0
9,street food cravings,163,41,250,very spicy,0,0
9,street food cravings,57,15,250,very spicy,1,0
9,street food cravings,498,125,250,very spicy,0,0
9,street food cravings,548,137,250,very spicy,1,0
9,street food cravings,116,29,250,very spicy,0,0
9,street food cravings,427,107,250,very spicy,1,0
9,sweet dessert to end the meal,174,44,250,very spicy,1,1
9,sweet dessert to end the meal,95,24,250,very spicy,1,1
9,sweet dessert to end the meal,403,101,250,very spicy,0,0
9,sweet dessert to end the meal,398,100,250,very spicy,0,0
9,sweet dessert to end the meal,429,108,250,very spicy,1,0
9,sweet dessert to end the meal,151,38,250,very spicy,0,0
9,sweet dessert to end the meal,725,182,250,very spicy,1,0
9,sweet dessert to end the meal,674,169,250,very spicy,1,0
9,sweet dessert to end the meal,500,125,250,very spicy,1,0
9,sweet dessert to end the meal,732,183,250,very spicy,1,0
10,cold coffee and snacks,424,106,500,mild,1,1
10,cold coffee and snacks,700,175,500,mild,0,0
10,cold coffee and snacks,310,78,500,mild,1,0
10,cold coffee and snacks,130,33,500,mild,1,1
10,cold coffee and snacks,655,164,500,mild,0,0
10,cold coffee and snacks,715,179,500,mild,1,0
10,cold coffee and snacks,64,16,500,mild,1,1
10,cold coffee and snacks,165,42,500,mild,1,1
10,cold coffee and snacks,540,135,500,mild,1,0
10,cold coffee and snacks,48,12,500,mild,1,0
10,cheesy comfort food,157,40,500,mild,1,0
10,cheesy comfort food,555,139,500,mild,1,1
10,cheesy comfort food,359,90,500,mild,1,0
10,cheesy comfort food,348,87,500,mild,0,0
10,cheesy comfort food,84,21,500,mild,1,0
10,cheesy comfort food,454,114,500,mild,1,1
10,cheesy comfort food,375,94,500,mild,1,0
10,cheesy comfort food,299,75,500,mild,1,0
10,cheesy comfort food,426,107,500,mild,1,0
10,cheesy comfort food,154,39,500,mild,0,0
10,vegan friendly dinner,259,65,500,mild,1,0
10,vegan friendly dinner,590,148,500,mild,1,1
10,vegan friendly dinner,616,154,500,mild,1,0
10,vegan friendly dinner,219,55,500,mild,1,0
10,vegan friendly dinner,409,103,500,mild,1,0
10,vegan friendly dinner,697,175,500,mild,1,1
10,vegan friendly dinner,304,76,500,mild,1,1
10,vegan friendly dinner,687,172,500,mild,1,0
10,vegan friendly dinner,230,58,500,mild,1,0
10,vegan friendly dinner,563,141,500,mild,1,1
10,sweet dessert to end the meal,686,172,500,mild,1,1
10,sweet dessert to end the meal,311,78,500,mild,1,1
10,sweet dessert to end the meal,112,28,500,mild,1,0
10,sweet dessert to end the meal,411,103,500,mild,1,0
10,sweet dessert to end the meal,189,48,500,mild,1,1
10,sweet dessert to end the meal,800,200,500,mild,1,0
10,sweet dessert to end the meal,282,71,500,mild,1,0
10,sweet dessert to end the meal,153,39,500,mild,1,1
10,sweet dessert to end the meal,31,8,500,mild,1,0
10,sweet dessert to end the meal,646,162,500,mild,0,0
10,cheesy comfort food,132,33,500,mild,0,0
10,cheesy comfort food,528,132,500,mild,0,0
10,cheesy comfort food,254,64,500,mild,1,1
10,cheesy comfort food,267,67,500,mild,1,0
10,cheesy comfort food,424,106,500,mild,1,1
10,cheesy comfort food,389,98,500,mild,1,0
10,cheesy comfort food,481,121,500,mild,1,1
10,cheesy comfort food,535,134,500,mild,0,0
10,cheesy comfort food,787,197,500,mild,1,0
10,cheesy comfort food,12,3,500,mild,1,0
10,street food cravings,554,139,500,mild,0,0
10,street food cravings,662,166,500,mild,1,1
10,street food cravings,571,143,500,mild,1,0
10,street food cravings,493,124,500,mild,1,0
10,street food cravings,77,20,500,mild,1,0
10,street food cravings,724,181,500,mild,1,0
10,street food cravings,207,52,500,mild,1,0
10,street food cravings,549,138,500,mild,1,1
10,street food cravings,408,102,500,mild,1,0
10,street food cravings,425,107,500,mild,0,0
10,street food cravings,412,103,500,mild,1,1
10,street food cravings,549,138,500,mild,1,0
10,street food cravings,53,14,500,mild,1,0
10,street food cravings,598,150,500,mild,1,0
10,street food cravings,704,176,500,mild,1,0
10,street food cravings,310,78,500,mild,1,1
10,street food cravings,657,165,500,mild,1,0
10,street food cravings,83,21,500,mild,1,1
10,street food cravings,520,130,500,mild,1,0
10,street food cravings,477,120,500,mild,1,0
10,quick breakfast idea,728,182,500,mild,1,1
10,quick breakfast idea,587,147,500,mild,1,1
10,quick breakfast idea,285,72,500,mild,0,0
10,quick breakfast idea,578,145,500,mild,1,0
10,quick breakfast idea,438,110,500,mild,1,0
10,quick breakfast idea,753,189,500,mild,0,0
10,quick breakfast idea,771,193,500,mild,1,0
10,quick breakfast idea,647,162,500,mild,1,0
10,quick breakfast idea,166,42,500,mild,1,0
10,quick breakfast idea,3,1,500,mild,1,1
11,quick breakfast idea,392,98,500,very spicy,0,0
11,quick breakfast idea,638,160,500,very spicy,1,1
11,quick breakfast idea,308,77,500,very spicy,1,0
11,quick breakfast idea,277,70,500,very spicy,1,0
11,quick breakfast idea,112,28,500,very spicy,1,1
11,quick breakfast idea,450,113,500,very spicy,1,1
11,quick breakfast idea,245,62,500,very spicy,1,0
11,quick breakfast idea,154,39,500,very spicy,0,0
11,quick breakfast idea,428,107,500,very spicy,0,0
11,quick breakfast idea,525,132,500,very spicy,1,0
11,cold coffee and snacks,294,74,500,very spicy,1,0
11,cold coffee and snacks,731,183,500,very spicy,0,0
11,cold coffee and snacks,388,97,500,very spicy,0,0
11,cold coffee and snacks,419,105,500,very spicy,1,0
11,cold coffee and snacks,250,63,500,very spicy,1,1
11,cold coffee and snacks,538,135,500,very spicy,1,1
11,cold coffee and snacks,662,166,500,very spicy,0,0
11,cold coffee and snacks,214,54,500,very spicy,1,0
11,cold coffee and snacks,629,158,500,very spicy,1,0
11,cold coffee and snacks,43,11,500,very spicy,0,0
11,sweet dessert to end the meal,214,54,500,very spicy,0,0
11,sweet dessert to end the meal,649,163,500,very spicy,1,0
11,sweet dessert to end the meal,689,173,500,very spicy,1,0
11,sweet dessert to end the meal,456,114,500,very spicy,0,0
11,sweet dessert to end the meal,425,107,500,very spicy,1,0
11,sweet dessert to end the meal,323,81,500,very spicy,1,1
11,sweet dessert to end the meal,774,194,500,very spicy,0,0
11,sweet dessert to end the meal,39,10,500,very spicy,1,1
11,sweet dessert to end the meal,773,194,500,very spicy,1,0
11,sweet dessert to end the meal,799,200,500,very spicy,1,0
11,biryani under 300 rupees,503,126,500,very spicy,1,0
11,biryani under 300 rupees,463,116,500,very spicy,0,0
11,biryani under 300 rupees,758,190,500,very spicy,1,0
11,biryani under 300 rupees,137,35,500,very spicy,1,0
11,biryani under 300 rupees,784,196,500,very spicy,1,1
11,biryani under 300 rupees,478,120,500,very spicy,0,0
11,biryani under 300 rupees,193,49,500,very spicy,1,1
11,biryani under 300 rupees,325,82,500,very spicy,1,0
11,biryani under 300 rupees,598,150,500,very spicy,1,0
11,biryani under 300 rupees,271,68,500,very spicy,1,1
11,quick breakfast idea,111,28,500,very spicy,0,0
11,quick breakfast idea,683,171,500,very spicy,1,0
11,quick breakfast idea,406,102,500,very spicy,1,0
11,quick breakfast idea,614,154,500,very spicy,0,0
11,quick breakfast idea,404,101,500,very spicy,1,1
11,quick breakfast idea,367,92,500,very spicy,0,0
11,quick breakfast idea,120,30,500,very spicy,0,0
11,quick breakfast idea,13,4,500,very spicy,1,1
11,quick breakfast idea,124,31,500,very spicy,0,0
11,quick breakfast idea,657,165,500,very spicy,1,0
11,vegan friendly dinner,527,132,500,very spicy,1,0
11,vegan friendly dinner,630,158,500,very spicy,1,0
11,vegan friendly dinner,517,130,500,very spicy,1,1
11,vegan friendly dinner,587,147,500,very spicy,1,1
11,vegan friendly dinner,768,192,500,very spicy,1,1
11,vegan friendly dinner,49,13,500,very spicy,1,1
11,vegan friendly dinner,274,69,500,very spicy,1,1
11,vegan friendly dinner,59,15,500,very spicy,1,1
11,vegan friendly dinner,408,102,500,very spicy,0,0
11,vegan friendly dinner,67,17,500,very spicy,0,0
11,street food cravings,425,107,500,very spicy,1,0
11,street food cravings,282,71,500,very spicy,1,0
11,street food cravings,647,162,500,very spicy,1,0
11,street food cravings,50,13,500,very spicy,1,1
11,street food cravings,704,176,500,very spicy,0,0
11,street food cravings,198,50,500,very spicy,1,0
11,street food cravings,510,128,500,very spicy,1,0
11,street food cravings,642,161,500,very spicy,1,1
11,street food cravings,619,155,500,very spicy,1,0
11,street food cravings,765,192,500,very spicy,1,1
11,street food cravings,53,14,500,very spicy,1,0
11,street food cravings,702,176,500,very spicy,1,0
11,street food cravings,392,98,500,very spicy,1,0
11,street food cravings,560,140,500,very spicy,0,0
11,street food cravings,67,17,500,very spicy,1,1
11,street food cravings,77,20,500,very spicy,1,0
11,street food cravings,741,186,500,very spicy,1,1
11,street food cravings,61,16,500,very spicy,1,1
11,street food cravings,274,69,500,very spicy,1,1
11,street food cravings,705,177,500,very spicy,1,0
12,something spicy and cheap under 200,196,49,500,mild,1,1
12,something spicy and cheap under 200,388,97,500,mild,1,1
12,something spicy and cheap under 200,30,8,500,mild,1,0
12,something spicy and cheap under 200,518,130,500,mild,1,0
12,something spicy and cheap under 200,777,195,500,mild,0,0
12,something spicy and cheap under 200,648,162,500,mild,1,0
12,something spicy and cheap under 200,542,136,500,mild,1,0
12,something spicy and cheap under 200,683,171,500,mild,0,0
12,something spicy and cheap under 200,103,26,500,mild,1,1
12,something spicy and cheap under 200,326,82,500,mild,1,1
12,cold coffee and snacks,156,39,500,mild,1,1
12,cold coffee and snacks,458,115,500,mild,1,1
12,cold coffee and snacks,72,18,500,mild,1,1
12,cold coffee and snacks,620,155,500,mild,0,0
12,cold coffee and snacks,293,74,500,mild,1,1
12,cold coffee and snacks,648,162,500,mild,1,1
12,cold coffee and snacks,260,65,500,mild,1,0
12,cold coffee and snacks,299,75,500,mild,1,1
12,cold coffee and snacks,148,37,500,mild,1,1
12,cold coffee and snacks,404,101,500,mild,1,1
12,mild non spicy food for kids,464,116,500,mild,1,0
12,mild non spicy food for kids,284,71,500,mild,1,0
12,mild non spicy food for kids,541,136,500,mild,1,1
12,mild non spicy food for kids,136,34,500,mild,1,0
12,mild non spicy food for kids,620,155,500,mild,0,0
12,mild non spicy food for kids,92,23,500,mild,1,1
12,mild non spicy food for kids,63,16,500,mild,1,0
12,mild non spicy food for kids,595,149,500,mild,1,1
12,mild non spicy food for kids,684,171,500,mild,1,1
12,mild non spicy food for kids,250,63,500,mild,0,0
12,biryani under 300 rupees,340,85,500,mild,1,1
12,biryani under 300 rupees,428,107,500,mild,1,0
12,biryani under 300 rupees,537,135,500,mild,1,0
12,biryani under 300 rupees,320,80,500,mild,1,0
12,biryani under 300 rupees,604,151,500,mild,1,0
12,biryani under 300 rupees,736,184,500,mild,1,1
12,biryani under 300 rupees,717,180,500,mild,1,0
12,biryani under 300 rupees,147,37,500,mild,0,0
12,biryani under 300 rupees,2,1,500,mild,1,1
12,biryani under 300 rupees,87,22,500,mild,1,0
12,biryani under 300 rupees,628,157,500,mild,1,1
12,biryani under 300 rupees,327,82,500,mild,1,0
12,biryani under 300 rupees,185,47,500,mild,1,1
12,biryani under 300 rupees,650,163,500,mild,0,0
12,biryani under 300 rupees,288,72,500,mild,1,1
12,biryani under 300 rupees,276,69,500,mild,1,0
12,biryani under 300 rupees,321,81,500,mild,1,0
12,biryani under 300 rupees,57,15,500,mild,1,1
12,biryani under 300 rupees,259,65,500,mild,0,0
12,biryani under 300 rupees,443,111,500,mild,0,0
12,healthy light dinner option,757,190,500,mild,1,0
12,healthy light dinner option,646,162,500,mild,0,0
12,healthy light dinner option,372,93,500,mild,0,0
12,healthy light dinner option,530,133,500,mild,1,0
12,healthy light dinner option,785,197,500,mild,1,1
12,healthy light dinner option,374,94,500,mild,0,0
12,healthy light dinner option,630,158,500,mild,1,1
12,healthy light dinner option,347,87,500,mild,1,1
12,healthy light dinner option,302,76,500,mild,0,0
12,healthy light dinner option,500,125,500,mild,1,0
12,cold coffee and snacks,11,3,500,mild,1,1
12,cold coffee and snacks,778,195,500,mild,1,0
12,cold coffee and snacks,611,153,500,mild,1,0
12,cold coffee and snacks,486,122,500,mild,1,0
12,cold coffee and snacks,86,22,500,mild,0,0
12,cold coffee and snacks,638,160,500,mild,1,1
12,cold coffee and snacks,401,101,500,mild,0,0
12,cold coffee and snacks,243,61,500,mild,1,1
12,cold coffee and snacks,540,135,500,mild,1,1
12,cold coffee and snacks,322,81,500,mild,0,0
12,healthy light dinner option,417,105,500,mild,1,1
12,healthy light dinner option,189,48,500,mild,1,0
12,healthy light dinner option,40,10,500,mild,0,0
12,healthy light dinner option,213,54,500,mild,1,1
12,healthy light dinner option,154,39,500,mild,1,0
12,healthy light dinner option,313,79,500,mild,0,0
12,healthy light dinner option,350,88,500,mild,1,0
12,healthy light dinner option,796,199,500,mild,1,1
12,healthy light dinner option,64,16,500,mild,1,1
12,healthy light dinner option,573,144,500,mild,1,0
13,quick breakfast idea,567,142,500,mild,1,0
13,quick breakfast idea,144,36,500,mild,1,0
13,quick breakfast idea,500,125,500,mild,1,0
13,quick breakfast idea,746,187,500,mild,0,0
13,quick breakfast idea,132,33,500,mild,0,0
13,quick breakfast idea,683,171,500,mild,1,1
13,quick breakfast idea,135,34,500,mild,1,0
13,quick breakfast idea,726,182,500,mild,1,0
13,quick breakfast idea,715,179,500,mild,0,0
13,quick breakfast idea,254,64,500,mild,1,0
13,vegan friendly dinner,459,115,500,mild,1,1
13,vegan friendly dinner,288,72,500,mild,1,1
13,vegan friendly dinner,654,164,500,mild,1,0
13,vegan friendly dinner,634,159,500,mild,1,1
13,vegan friendly dinner,267,67,500,mild,1,1
13,vegan friendly dinner,585,147,500,mild,1,0
13,vegan friendly dinner,96,24,500,mild,1,0
13,vegan friendly dinner,66,17,500,mild,1,0
13,vegan friendly dinner,131,33,500,mild,1,1
13,vegan friendly dinner,400,100,500,mild,0,0
13,quick breakfast idea,227,57,500,mild,1,0
13,quick breakfast idea,521,131,500,mild,1,1
13,quick breakfast idea,208,52,500,mild,1,0
13,quick breakfast idea,680,170,500,mild,1,0
13,quick breakfast idea,256,64,500,mild,0,0
13,quick breakfast idea,615,154,500,mild,1,0
13,quick breakfast idea,513,129,500,mild,1,1
13,quick breakfast idea,87,22,500,mild,1,0
13,quick breakfast idea,593,149,500,mild,1,1
13,quick breakfast idea,752,188,500,mild,0,0
13,healthy light dinner option,68,17,500,mild,1,1
13,healthy light dinner option,27,7,500,mild,1,1
13,healthy light dinner option,306,77,500,mild,1,0
13,healthy light dinner option,416,104,500,mild,1,0
13,healthy light dinner option,769,193,500,mild,1,1
13,healthy light dinner option,254,64,500,mild,1,0
13,healthy light dinner option,62,16,500,mild,1,0
13,healthy light dinner option,136,34,500,mild,1,0
13,healthy light dinner option,696,174,500,mild,1,1
13,healthy light dinner option,360,90,500,mild,1,1
13,cold coffee and snacks,764,191,500,mild,1,1
13,cold coffee and snacks,651,163,500,mild,1,0
13,cold coffee and snacks,662,166,500,mild,1,0
13,cold coffee and snacks,122,31,500,mild,1,1
13,cold coffee and snacks,301,76,500,mild,1,1
13,cold coffee and snacks,622,156,500,mild,1,0
13,cold coffee and snacks,225,57,500,mild,1,0
13,cold coffee and snacks,233,59,500,mild,1,1
13,cold coffee and snacks,359,90,500,mild,0,0
13,cold coffee and snacks,548,137,500,mild,1,1
13,sweet dessert to end the meal,498,125,500,mild,1,0
13,sweet dessert to end the meal,443,111,500,mild,1,0
13,sweet dessert to end the meal,686,172,500,mild,1,0
13,sweet dessert to end the meal,482,121,500,mild,0,0
13,sweet dessert to end the meal,141,36,500,mild,1,0
13,sweet dessert to end the meal,77,20,500,mild,0,0
13,sweet dessert to end the meal,739,185,500,mild,1,0
13,sweet dessert to end the meal,302,76,500,mild,1,1
13,sweet dessert to end the meal,57,15,500,mild,1,0
13,sweet dessert to end the meal,448,112,500,mild,1,0
13,cold coffee and snacks,130,33,500,mild,1,1
13,cold coffee and snacks,569,143,500,mild,0,0
13,cold coffee and snacks,729,183,500,mild,1,1
13,cold coffee and snacks,39,10,500,mild,1,0
13,cold coffee and snacks,354,89,500,mild,1,1
13,cold coffee and snacks,345,87,500,mild,0,0
13,cold coffee and snacks,57,15,500,mild,1,0
13,cold coffee and snacks,385,97,500,mild,1,1
13,cold coffee and snacks,745,187,500,mild,1,0
13,cold coffee and snacks,675,169,500,mild,1,1
13,street food cravings,588,147,500,mild,1,1
13,street food cravings,136,34,500,mild,1,0
13,street food cravings,646,162,500,mild,1,0
13,street food cravings,544,136,500,mild,1,0
13,street food cravings,277,70,500,mild,1,0
13,street food cravings,685,172,500,mild,1,0
13,street food cravings,301,76,500,mild,1,1
13,street food cravings,664,166,500,mild,1,1
13,street food cravings,639,160,500,mild,1,0
13,street food cravings,316,79,500,mild,1,0
14,cheesy comfort food,747,187,500,very spicy,1,1
14,cheesy comfort food,283,71,500,very spicy,1,0
14,cheesy comfort food,590,148,500,very spicy,1,1
14,cheesy comfort food,62,16,500,very spicy,1,1
14,cheesy comfort food,424,106,500,very spicy,1,1
14,cheesy comfort food,82,21,500,very spicy,1,0
14,cheesy comfort food,607,152,500,very spicy,0,0
14,cheesy comfort food,150,38,500,very spicy,0,0
14,cheesy comfort food,130,33,500,very spicy,1,0
14,cheesy comfort food,220,55,500,very spicy,0,0
14,biryani under 300 rupees,240,60,500,very spicy,1,0
14,biryani under 300 rupees,364,91,500,very spicy,1,0
14,biryani under 300 rupees,294,74,500,very spicy,1,0
14,biryani under 300 rupees,255,64,500,very spicy,1,0
14,biryani under 300 rupees,651,163,500,very spicy,1,0
14,biryani under 300 rupees,511,128,500,very spicy,1,1
14,biryani under 300 rupees,657,165,500,very spicy,1,1
14,biryani under 300 rupees,66,17,500,very spicy,1,1
14,biryani under 300 rupees,543,136,500,very spicy,1,1
14,biryani under 300 rupees,122,31,500,very spicy,1,0
14,vegan friendly dinner,725,182,500,very spicy,1,0
14,vegan friendly dinner,285,72,500,very spicy,1,0
14,vegan friendly dinner,727,182,500,very spicy,1,0
14,vegan friendly dinner,563,141,500,very spicy,0,0
14,vegan friendly dinner,161,41,500,very spicy,1,0
14,vegan friendly dinner,13,4,500,very spicy,1,0
14,vegan friendly dinner,288,72,500,very spicy,1,1
14,vegan friendly dinner,388,97,500,very spicy,1,0
14,vegan friendly dinner,83,21,500,very spicy,0,0
14,vegan friendly dinner,698,175,500,very spicy,1,0
14,cold coffee and snacks,471,118,500,very spicy,1,1
14,cold coffee and snacks,8,2,500,very spicy,1,0
14,cold coffee and snacks,674,169,500,very spicy,1,1
14,cold coffee and snacks,74,19,500,very spicy,1,0
14,cold coffee and snacks,70,18,500,very spicy,1,0
14,cold coffee and snacks,209,53,500,very spicy,1,0
14,cold coffee and snacks,392,98,500,very spicy,0,0
14,cold coffee and snacks,382,96,500,very spicy,0,0
14,cold coffee and snacks,189,48,500,very spicy,1,0
14,cold coffee and snacks,683,171,500,very spicy,0,0
14,something spicy and cheap under 200,534,134,500,very spicy,1,0
14,something spicy and cheap under 200,380,95,500,very spicy,1,0
14,something spicy and cheap under 200,375,94,500,very spicy,0,0
14,something spicy and cheap under 200,540,135,500,very spicy,1,0
14,something spicy and cheap under 200,713,179,500,very spicy,1,1
14,something spicy and cheap under 200,363,91,500,very spicy,1,1
14,something spicy and cheap under 200,137,35,500,very spicy,1,0
14,something spicy and cheap under 200,533,134,500,very spicy,0,0
14,something spicy and cheap under 200,635,159,500,very spicy,1,0
14,something spicy and cheap under 200,136,34,500,very spicy,1,0
14,healthy light dinner option,423,106,500,very spicy,1,0
14,healthy light dinner option,568,142,500,very spicy,1,1
14,healthy light dinner option,614,154,500,very spicy,1,1
14,healthy light dinner option,24,6,500,very spicy,1,0
14,healthy light dinner option,316,79,500,very spicy,1,0
14,healthy light dinner option,136,34,500,very spicy,1,0
14,healthy light dinner option,609,153,500,very spicy,1,0
14,healthy light dinner option,729,183,500,very spicy,1,1
14,healthy light dinner option,46,12,500,very spicy,1,1
14,healthy light dinner option,767,192,500,very spicy,1,0
14,vegan friendly dinner,472,118,500,very spicy,1,0
14,vegan friendly dinner,683,171,500,very spicy,1,0
14,vegan friendly dinner,309,78,500,very spicy,1,0
14,vegan friendly dinner,197,50,500,very spicy,1,0
14,vegan friendly dinner,144,36,500,very spicy,1,1
14,vegan friendly dinner,162,41,500,very spicy,1,1
14,vegan friendly dinner,490,123,500,very spicy,1,0
14,vegan friendly dinner,28,7,500,very spicy,1,0
14,vegan friendly dinner,441,111,500,very spicy,1,1
14,vegan friendly dinner,113,29,500,very spicy,1,1
14,something spicy and cheap under 200,627,157,500,very spicy,1,1
14,something spicy and cheap under 200,244,61,500,very spicy,1,1
14,something spicy and cheap under 200,799,200,500,very spicy,0,0
14,something spicy and cheap under 200,354,89,500,very spicy,0,0
14,something spicy and cheap under 200,598,150,500,very spicy,1,1
14,something spicy and cheap under 200,599,150,500,very spicy,1,0
14,something spicy and cheap under 200,541,136,500,very spicy,1,0
14,something spicy and cheap under 200,317,80,500,very spicy,0,0
14,something spicy and cheap under 200,426,107,500,very spicy,1,1
14,something spicy and cheap under 200,230,58,500,very spicy,1,0
15,street food cravings,186,47,350,very spicy,1,1
15,street food cravings,581,146,350,very spicy,0,0
15,street food cravings,44,11,350,very spicy,1,0
15,street food cravings,519,130,350,very spicy,1,0
15,street food cravings,471,118,350,very spicy,1,0
15,street food cravings,636,159,350,very spicy,0,0
15,street food cravings,334,84,350,very spicy,1,1
15,street food cravings,189,48,350,very spicy,1,0
15,street food cravings,169,43,350,very spicy,1,0
15,street food cravings,246,62,350,very spicy,0,0
15,street food cravings,294,74,350,very spicy,1,0
15,street food cravings,791,198,350,very spicy,1,0
15,street food cravings,220,55,350,very spicy,1,0
15,street food cravings,604,151,350,very spicy,1,0
15,street food cravings,648,162,350,very spicy,1,1
15,street food cravings,66,17,350,very spicy,1,0
15,street food cravings,356,89,350,very spicy,1,0
15,street food cravings,464,116,350,very spicy,1,0
15,street food cravings,730,183,350,very spicy,1,0
15,street food cravings,528,132,350,very spicy,1,0
15,healthy light dinner option,654,164,350,very spicy,1,1
15,healthy light dinner option,395,99,350,very spicy,1,1
15,healthy light dinner option,522,131,350,very spicy,1,1
15,healthy light dinner option,455,114,350,very spicy,1,1
15,healthy light dinner option,241,61,350,very spicy,1,0
15,healthy light dinner option,37,10,350,very spicy,0,0
15,healthy light dinner option,607,152,350,very spicy,0,0
15,healthy light dinner option,737,185,350,very spicy,0,0
15,healthy light dinner option,87,22,350,very spicy,1,0
15,healthy light dinner option,601,151,350,very spicy,0,0
15,vegan friendly dinner,168,42,350,very spicy,1,0
15,vegan friendly dinner,149,38,350,very spicy,1,1
15,vegan friendly dinner,327,82,350,very spicy,0,0
15,vegan friendly dinner,304,76,350,very spicy,1,1
15,vegan friendly dinner,496,124,350,very spicy,1,1
15,vegan friendly dinner,253,64,350,very spicy,1,1
15,vegan friendly dinner,257,65,350,very spicy,1,0
15,vegan friendly dinner,297,75,350,very spicy,1,1
15,vegan friendly dinner,157,40,350,very spicy,1,1
15,vegan friendly dinner,88,22,350,very spicy,1,1
15,something spicy and cheap under 200,215,54,350,very spicy,1,1
15,something spicy and cheap under 200,431,108,350,very spicy,0,0
15,something spicy and cheap under 200,628,157,350,very spicy,1,0
15,something spicy and cheap under 200,644,161,350,very spicy,1,0
15,something spicy and cheap under 200,381,96,350,very spicy,1,1
15,something spicy and cheap under 200,600,150,350,very spicy,1,1
15,something spicy and cheap under 200,741,186,350,very spicy,0,0
15,something spicy and cheap under 200,531,133,350,very spicy,1,0
15,something spicy and cheap under 200,772,193,350,very spicy,1,0
15,something spicy and cheap under 200,437,110,350,very spicy,1,0
15,vegan friendly dinner,254,64,350,very spicy,0,0
15,vegan friendly dinner,271,68,350,very spicy,0,0
15,vegan friendly dinner,506,127,350,very spicy,1,0
15,vegan friendly dinner,404,101,350,very spicy,1,0
15,vegan friendly dinner,659,165,350,very spicy,1,0
15,vegan friendly dinner,711,178,350,very spicy,1,1
15,vegan friendly dinner,666,167,350,very spicy,1,1
15,vegan friendly dinner,454,114,350,very spicy,0,0
15,vegan friendly dinner,316,79,350,very spicy,1,0
15,vegan friendly dinner,344,86,350,very spicy,1,1
15,healthy light dinner option,359,90,350,very spicy,1,1
15,healthy light dinner option,89,23,350,very spicy,1,1
15,healthy light dinner option,412,103,350,very spicy,1,0
15,healthy light dinner option,762,191,350,very spicy,1,0
15,healthy light dinner option,748,187,350,very spicy,1,1
15,healthy light dinner option,148,37,350,very spicy,0,0
15,healthy light dinner option,58,15,350,very spicy,1,0
15,healthy light dinner option,168,42,350,very spicy,0,0
15,healthy light dinner option,764,191,350,very spicy,1,1
15,healthy light dinner option,644,161,350,very spicy,0,0
15,vegan friendly dinner,541,136,350,very spicy,1,0
15,vegan friendly dinner,150,38,350,very spicy,1,0
15,vegan friendly dinner,26,7,350,very spicy,1,1
15,vegan friendly dinner,280,70,350,very spicy,1,0
15,vegan friendly dinner,417,105,350,very spicy,1,0
15,vegan friendly dinner,618,155,350,very spicy,1,0
15,vegan friendly dinner,335,84,350,very spicy,1,0
15,vegan friendly dinner,743,186,350,very spicy,1,0
15,vegan friendly dinner,373,94,350,very spicy,1,1
15,vegan friendly dinner,282,71,350,very spicy,1,1
16,vegan friendly dinner,152,38,350,mild,1,0
16,vegan friendly dinner,485,122,350,mild,1,0
16,vegan friendly dinner,25,7,350,mild,0,0
16,vegan friendly dinner,28,7,350,mild,1,1
16,vegan friendly dinner,568,142,350,mild,1,0
16,vegan friendly dinner,261,66,350,mild,1,0
16,vegan friendly dinner,249,63,350,mild,0,0
16,vegan friendly dinner,170,43,350,mild,0,0
16,vegan friendly dinner,581,146,350,mild,1,0
16,vegan friendly dinner,396,99,350,mild,1,0
16,mild non spicy food for kids,68,17,350,mild,1,1
16,mild non spicy food for kids,654,164,350,mild,1,0
16,mild non spicy food for kids,462,116,350,mild,1,1
16,mild non spicy food for kids,772,193,350,mild,1,0
16,mild non spicy food for kids,518,130,350,mild,1,0
16,mild non spicy food for kids,461,116,350,mild,1,1
16,mild non spicy food for kids,242,61,350,mild,1,1
16,mild non spicy food for kids,434,109,350,mild,0,0
16,mild non spicy food for kids,373,94,350,mild,0,0
16,mild non spicy food for kids,484,121,350,mild,1,1
16,healthy light dinner option,423,106,350,mild,1,1
16,healthy light dinner option,231,58,350,mild,0,0
16,healthy light dinner option,682,171,350,mild,1,1
16,healthy light dinner option,396,99,350,mild,1,0
16,healthy light dinner option,561,141,350,mild,1,0
16,healthy light dinner option,329,83,350,mild,0,0
16,healthy light dinner option,790,198,350,mild,1,0
16,healthy light dinner option,444,111,350,mild,0,0
16,healthy light dinner option,44,11,350,mild,1,0
16,healthy light dinner option,579,145,350,mild,1,0
16,quick breakfast idea,532,133,350,mild,1,1
16,quick breakfast idea,493,124,350,mild,1,1
16,quick breakfast idea,246,62,350,mild,1,0
16,quick breakfast idea,159,40,350,mild,1,1
16,quick breakfast idea,228,57,350,mild,1,0
16,quick breakfast idea,115,29,350,mild,1,1
16,quick breakfast idea,296,74,350,mild,1,0
16,quick breakfast idea,586,147,350,mild,1,0
16,quick breakfast idea,15,4,350,mild,1,0
16,quick breakfast idea,113,29,350,mild,1,1
16,vegan friendly dinner,666,167,350,mild,1,0
16,vegan friendly dinner,51,13,350,mild,1,0
16,vegan friendly dinner,360,90,350,mild,1,0
16,vegan friendly dinner,45,12,350,mild,1,1
16,vegan friendly dinner,234,59,350,mild,1,0
16,vegan friendly dinner,727,182,350,mild,0,0
16,vegan friendly dinner,669,168,350,mild,1,1
16,vegan friendly dinner,526,132,350,mild,1,0
16,vegan friendly dinner,194,49,350,mild,0,0
16,vegan friendly dinner,664,166,350,mild,1,0
16,mild non spicy food for kids,541,136,350,mild,1,0
16,mild non spicy food for kids,656,164,350,mild,1,1
16,mild non spicy food for kids,542,136,350,mild,1,1
16,mild non spicy food for kids,224,56,350,mild,1,0
16,mild non spicy food for kids,353,89,350,mild,1,0
16,mild non spicy food for kids,96,24,350,mild,1,1
16,mild non spicy food for kids,549,138,350,mild,0,0
16,mild non spicy food for kids,121,31,350,mild,1,0
16,mild non spicy food for kids,4,1,350,mild,1,0
16,mild non spicy food for kids,246,62,350,mild,1,1
16,cold coffee and snacks,570,143,350,mild,1,0
16,cold coffee and snacks,417,105,350,mild,1,0
16,cold coffee and snacks,520,130,350,mild,0,0
16,cold coffee and snacks,735,184,350,mild,1,1
16,cold coffee and snacks,636,159,350,mild,1,0
16,cold coffee and snacks,775,194,350,mild,0,0
16,cold coffee and snacks,451,113,350,mild,1,1
16,cold coffee and snacks,479,120,350,mild,1,0
16,cold coffee and snacks,272,68,350,mild,1,1
16,cold coffee and snacks,602,151,350,mild,1,1
16,street food cravings,260,65,350,mild,0,0
16,street food cravings,758,190,350,mild,1,1
16,street food cravings,693,174,350,mild,0,0
16,street food cravings,496,124,350,mild,1,0
16,street food cravings,787,197,350,mild,1,0
16,street food cravings,177,45,350,mild,1,0
16,street food cravings,343,86,350,mild,1,1
16,street food cravings,5,2,350,mild,0,0
16,street food cravings,705,177,350,mild,1,1
16,street food cravings,31,8,350,mild,0,0
17,vegan friendly dinner,124,31,250,medium,1,0
17,vegan friendly dinner,458,115,250,medium,1,0
17,vegan friendly dinner,177,45,250,medium,1,1
17,vegan friendly dinner,449,113,250,medium,0,0
17,vegan friendly dinner,143,36,250,medium,1,1
17,vegan friendly dinner,762,191,250,medium,1,0
17,vegan friendly dinner,515,129,250,medium,0,0
17,vegan friendly dinner,280,70,250,medium,1,0
17,vegan friendly dinner,326,82,250,medium,1,0
17,vegan friendly dinner,432,108,250,medium,1,0
17,sweet dessert to end the meal,61,16,250,medium,1,1
17,sweet dessert to end the meal,703,176,250,medium,0,0
17,sweet dessert to end the meal,129,33,250,medium,1,0
17,sweet dessert to end the meal,660,165,250,medium,1,0
17,sweet dessert to end the meal,598,150,250,medium,1,1
17,sweet dessert to end the meal,311,78,250,medium,1,0
17,sweet dessert to end the meal,107,27,250,medium,1,0
17,sweet dessert to end the meal,613,154,250,medium,0,0
17,sweet dessert to end the meal,584,146,250,medium,0,0
17,sweet dessert to end the meal,82,21,250,medium,0,0
17,biryani under 300 rupees,660,165,250,medium,1,0
17,biryani under 300 rupees,732,183,250,medium,1,1
17,biryani under 300 rupees,460,115,250,medium,0,0
17,biryani under 300 rupees,401,101,250,medium,1,1
17,biryani under 300 rupees,686,172,250,medium,0,0
17,biryani under 300 rupees,690,173,250,medium,1,1
17,biryani under 300 rupees,608,152,250,medium,0,0
17,biryani under 300 rupees,169,43,250,medium,1,0
17,biryani under 300 rupees,264,66,250,medium,1,0
17,biryani under 300 rupees,170,43,250,medium,1,1
17,something spicy and cheap under 200,4,1,250,medium,1,0
17,something spicy and cheap under 200,735,184,250,medium,1,1
17,something spicy and cheap under 200,800,200,250,medium,1,1
17,something spicy and cheap under 200,259,65,250,medium,1,1
17,something spicy and cheap under 200,561,141,250,medium,1,1
17,something spicy and cheap under 200,25,7,250,medium,1,1
17,something spicy and cheap under 200,113,29,250,medium,0,0
17,something spicy and cheap under 200,41,11,250,medium,1,1
17,something spicy and cheap under 200,404,101,250,medium,1,0
17,something spicy and cheap under 200,455,114,250,medium,1,0
17,vegan friendly dinner,158,40,250,medium,1,0
17,vegan friendly dinner,112,28,250,medium,1,0
17,vegan friendly dinner,258,65,250,medium,0,0
17,vegan friendly dinner,438,110,250,medium,1,1
17,vegan friendly dinner,711,178,250,medium,1,1
17,vegan friendly dinner,663,166,250,medium,1,0
17,vegan friendly dinner,109,28,250,medium,1,1
17,vegan friendly dinner,209,53,250,medium,1,0
17,vegan friendly dinner,189,48,250,medium,1,0
17,vegan friendly dinner,271,68,250,medium,0,0
17,cold coffee and snacks,138,35,250,medium,1,0
17,cold coffee and snacks,252,63,250,medium,1,0
17,cold coffee and snacks,380,95,250,medium,1,0
17,cold coffee and snacks,6,2,250,medium,1,1
17,cold coffee and snacks,696,174,250,medium,1,0
17,cold coffee and snacks,749,188,250,medium,1,0
17,cold coffee and snacks,553,139,250,medium,1,0
17,cold coffee and snacks,748,187,250,medium,1,0
17,cold coffee and snacks,40,10,250,medium,0,0
17,cold coffee and snacks,47,12,250,medium,1,1
17,mild non spicy food for kids,454,114,250,medium,0,0
17,mild non spicy food for kids,248,62,250,medium,1,0
17,mild non spicy food for kids,458,115,250,medium,0,0
17,mild non spicy food for kids,751,188,250,medium,0,0
17,mild non spicy food for kids,800,200,250,medium,1,1
17,mild non spicy food for kids,103,26,250,medium,1,0
17,mild non spicy food for kids,26,7,250,medium,1,1
17,mild non spicy food for kids,534,134,250,medium,1,0
17,mild non spicy food for kids,77,20,250,medium,1,1
17,mild non spicy food for kids,765,192,250,medium,1,0
17,healthy light dinner option,770,193,250,medium,1,1
17,healthy light dinner option,268,67,250,medium,1,1
17,healthy light dinner option,617,155,250,medium,0,0
17,healthy light dinner option,156,39,250,medium,1,0
17,healthy light dinner option,373,94,250,medium,1,1
17,healthy light dinner option,372,93,250,medium,1,1
17,healthy light dinner option,609,153,250,medium,1,1
17,healthy light dinner option,374,94,250,medium,1,1
17,healthy light dinner option,726,182,250,medium,1,1
17,healthy light dinner option,463,116,250,medium,1,0
18,street food cravings,357,90,500,spicy,1,0
18,street food cravings,48,12,500,spicy,1,0
18,street food cravings,132,33,500,spicy,1,1
18,street food cravings,200,50,500,spicy,1,0
18,street food cravings,327,82,500,spicy,1,1
18,street food cravings,323,81,500,spicy,1,1
18,street food cravings,520,130,500,spicy,1,1
18,street food cravings,679,170,500,spicy,1,1
18,street food cravings,491,123,500,spicy,1,0
18,street food cravings,277,70,500,spicy,1,0
18,healthy light dinner option,469,118,500,spicy,1,0
18,healthy light dinner option,217,55,500,spicy,1,1
18,healthy light dinner option,114,29,500,spicy,1,0
18,healthy light dinner option,226,57,500,spicy,1,0
18,healthy light dinner option,43,11,500,spicy,1,0
18,healthy light dinner option,701,176,500,spicy,1,1
18,healthy light dinner option,542,136,500,spicy,1,1
18,healthy light dinner option,544,136,500,spicy,1,0
18,healthy light dinner option,298,75,500,spicy,1,0
18,healthy light dinner option,643,161,500,spicy,1,1
18,cold coffee and snacks,498,125,500,spicy,1,1
18,cold coffee and snacks,706,177,500,spicy,1,0
18,cold coffee and snacks,695,174,500,spicy,1,1
18,cold coffee and snacks,440,110,500,spicy,1,0
18,cold coffee and snacks,780,195,500,spicy,1,0
18,cold coffee and snacks,490,123,500,spicy,1,1
18,cold coffee and snacks,316,79,500,spicy,1,0
18,cold coffee and snacks,449,113,500,spicy,1,1
18,cold coffee and snacks,469,118,500,spicy,1,1
18,cold coffee and snacks,641,161,500,spicy,1,0
18,healthy light dinner option,642,161,500,spicy,1,1
18,healthy light dinner option,587,147,500,spicy,1,0
18,healthy light dinner option,276,69,500,spicy,1,0
18,healthy light dinner option,568,142,500,spicy,1,0
18,healthy light dinner option,443,111,500,spicy,1,0
18,healthy light dinner option,289,73,500,spicy,1,1
18,healthy light dinner option,436,109,500,spicy,1,1
18,healthy light dinner option,85,22,500,spicy,1,0
18,healthy light dinner option,114,29,500,spicy,1,0
18,healthy light dinner option,333,84,500,spicy,1,0
18,cheesy comfort food,118,30,500,spicy,1,1
18,cheesy comfort food,418,105,500,spicy,1,0
18,cheesy comfort food,97,25,500,spicy,1,0
18,cheesy comfort food,517,130,500,spicy,1,0
18,cheesy comfort food,158,40,500,spicy,1,0
18,cheesy comfort food,219,55,500,spicy,1,1
18,cheesy comfort food,582,146,500,spicy,1,0
18,cheesy comfort food,759,190,500,spicy,1,0
18,cheesy comfort food,703,176,500,spicy,1,1
18,cheesy comfort food,522,131,500,spicy,1,0
18,healthy light dinner option,211,53,500,spicy,1,0
18,healthy light dinner option,560,140,500,spicy,1,0
18,healthy light dinner option,197,50,500,spicy,1,0
18,healthy light dinner option,176,44,500,spicy,0,0
18,healthy light dinner option,472,118,500,spicy,0,0
18,healthy light dinner option,4,1,500,spicy,1,0
18,healthy light dinner option,591,148,500,spicy,1,0
18,healthy light dinner option,767,192,500,spicy,1,1
18,healthy light dinner option,61,16,500,spicy,1,1
18,healthy light dinner option,118,30,500,spicy,1,1
18,cheesy comfort food,137,35,500,spicy,1,1
18,cheesy comfort food,347,87,500,spicy,1,0
18,cheesy comfort food,758,190,500,spicy,1,0
18,cheesy comfort food,173,44,500,spicy,1,0
18,cheesy comfort food,732,183,500,spicy,1,0
18,cheesy comfort food,413,104,500,spicy,1,1
18,cheesy comfort food,448,112,500,spicy,1,0
18,cheesy comfort food,323,81,500,spicy,1,0
18,cheesy comfort food,221,56,500,spicy,1,1
18,cheesy comfort food,33,9,500,spicy,1,1
18,healthy light dinner option,534,134,500,spicy,1,0
18,healthy light dinner option,764,191,500,spicy,1,0
18,healthy light dinner option,204,51,500,spicy,1,1
18,healthy light dinner option,567,142,500,spicy,1,0
18,healthy light dinner option,765,192,500,spicy,0,0
18,healthy light dinner option,114,29,500,spicy,1,1
18,healthy light dinner option,245,62,500,spicy,1,0
18,healthy light dinner option,303,76,500,spicy,1,1
18,healthy light dinner option,108,27,500,spicy,1,0
18,healthy light dinner option,719,180,500,spicy,1,0
19,cheesy comfort food,542,136,500,medium,1,1
19,cheesy comfort food,424,106,500,medium,1,0
19,cheesy comfort food,28,7,500,medium,1,0
19,cheesy comfort food,329,83,500,medium,1,1
19,cheesy comfort food,614,154,500,medium,1,1
19,cheesy comfort food,263,66,500,medium,1,1
19,cheesy comfort food,259,65,500,medium,1,0
19,cheesy comfort food,165,42,500,medium,0,0
19,cheesy comfort food,652,163,500,medium,1,0
19,cheesy comfort food,186,47,500,medium,0,0
19,mild non spicy food for kids,167,42,500,medium,0,0
19,mild non spicy food for kids,765,192,500,medium,1,1
19,mild non spicy food for kids,232,58,500,medium,1,0
19,mild non spicy food for kids,369,93,500,medium,1,0
19,mild non spicy food for kids,153,39,500,medium,1,0
19,mild non spicy food for kids,204,51,500,medium,0,0
19,mild non spicy food for kids,3,1,500,medium,1,0
19,mild non spicy food for kids,290,73,500,medium,1,0
19,mild non spicy food for kids,101,26,500,medium,1,0
19,mild non spicy food for kids,364,91,500,medium,1,1
19,something spicy and cheap under 200,61,16,500,medium,1,0
19,something spicy and cheap under 200,718,180,500,medium,1,0
19,something spicy and cheap under 200,742,186,500,medium,1,0
19,something spicy and cheap under 200,510,128,500,medium,1,1
19,something spicy and cheap under 200,305,77,500,medium,1,1
19,something spicy and cheap under 200,514,129,500,medium,1,0
19,something spicy and cheap under 200,400,100,500,medium,1,0
19,something spicy and cheap under 200,557,140,500,medium,1,1
19,something spicy and cheap under 200,248,62,500,medium,1,1
19,something spicy and cheap under 200,351,88,500,medium,1,0
19,biryani under 300 rupees,177,45,500,medium,1,0
19,biryani under 300 rupees,530,133,500,medium,0,0
19,biryani under 300 rupees,99,25,500,medium,1,0
19,biryani under 300 rupees,23,6,500,medium,1,0
19,biryani under 300 rupees,57,15,500,medium,1,1
19,biryani under 300 rupees,609,153,500,medium,0,0
19,biryani under 300 rupees,563,141,500,medium,1,0
19,biryani under 300 rupees,178,45,500,medium,1,0
19,biryani under 300 rupees,22,6,500,medium,1,1
19,biryani under 300 rupees,440,110,500,medium,1,1
19,mild non spicy food for kids,39,10,500,medium,1,0
19,mild non spicy food for kids,744,186,500,medium,1,1
19,mild non spicy food for kids,665,167,500,medium,1,0
19,mild non spicy food for kids,650,163,500,medium,0,0
19,mild non spicy food for kids,395,99,500,medium,0,0
19,mild non spicy food for kids,56,14,500,medium,1,1
19,mild non spicy food for kids,288,72,500,medium,1,0
19,mild non spicy food for kids,63,16,500,medium,1,0
19,mild non spicy food for kids,556,139,500,medium,1,1
19,mild non spicy food for kids,162,41,500,medium,0,0
19,cold coffee and snacks,208,52,500,medium,1,0
19,cold coffee and snacks,565,142,500,medium,1,0
19,cold coffee and snacks,29,8,500,medium,1,1
19,cold coffee and snacks,740,185,500,medium,1,1
19,cold coffee and snacks,678,170,500,medium,0,0
19,cold coffee and snacks,210,53,500,medium,1,0
19,cold coffee and snacks,165,42,500,medium,0,0
19,cold coffee and snacks,388,97,500,medium,1,1
19,cold coffee and snacks,145,37,500,medium,1,1
19,cold coffee and snacks,482,121,500,medium,1,1
19,biryani under 300 rupees,155,39,500,medium,1,1
19,biryani under 300 rupees,90,23,500,medium,1,1
19,biryani under 300 rupees,161,41,500,medium,0,0
19,biryani under 300 rupees,738,185,500,medium,1,0
19,biryani under 300 rupees,56,14,500,medium,1,0
19,biryani under 300 rupees,494,124,500,medium,1,1
19,biryani under 300 rupees,60,15,500,medium,0,0
19,biryani under 300 rupees,350,88,500,medium,1,0
19,biryani under 300 rupees,196,49,500,medium,1,0
19,biryani under 300 rupees,591,148,500,medium,0,0
19,something spicy and cheap under 200,687,172,500,medium,1,0
19,something spicy and cheap under 200,161,41,500,medium,1,1
19,something spicy and cheap under 200,170,43,500,medium,0,0
19,something spicy and cheap under 200,66,17,500,medium,1,0
19,something spicy and cheap under 200,411,103,500,medium,1,0
19,something spicy and cheap under 200,327,82,500,medium,0,0
19,something spicy and cheap under 200,707,177,500,medium,1,0
19,something spicy and cheap under 200,658,165,500,medium,1,0
19,something spicy and cheap under 200,670,168,500,medium,1,1
19,something spicy and cheap under 200,71,18,500,medium,1,0
20,something spicy and cheap under 200,344,86,150,medium,1,0
20,something spicy and cheap under 200,149,38,150,medium,1,1
20,something spicy and cheap under 200,196,49,150,medium,1,0
20,something spicy and cheap under 200,663,166,150,medium,0,0
20,something spicy and cheap under 200,482,121,150,medium,1,0
20,something spicy and cheap under 200,390,98,150,medium,1,0
20,something spicy and cheap under 200,768,192,150,medium,1,1
20,something spicy and cheap under 200,676,169,150,medium,1,0
20,something spicy and cheap under 200,790,198,150,medium,1,1
20,something spicy and cheap under 200,526,132,150,medium,0,0
20,mild non spicy food for kids,311,78,150,medium,1,1
20,mild non spicy food for kids,680,170,150,medium,1,0
20,mild non spicy food for kids,508,127,150,medium,1,1
20,mild non spicy food for kids,4,1,150,medium,1,0
20,mild non spicy food for kids,22,6,150,medium,1,1
20,mild non spicy food for kids,682,171,150,medium,0,0
20,mild non spicy food for kids,41,11,150,medium,0,0
20,mild non spicy food for kids,480,120,150,medium,0,0
20,mild non spicy food for kids,717,180,150,medium,0,0
20,mild non spicy food for kids,290,73,150,medium,1,0
20,vegan friendly dinner,166,42,150,medium,0,0
20,vegan friendly dinner,491,123,150,medium,1,0
20,vegan friendly dinner,568,142,150,medium,0,0
20,vegan friendly dinner,764,191,150,medium,0,0
20,vegan friendly dinner,531,133,150,medium,1,1
20,vegan friendly dinner,298,75,150,medium,1,0
20,vegan friendly dinner,602,151,150,medium,1,1
20,vegan friendly dinner,112,28,150,medium,1,0
20,vegan friendly dinner,520,130,150,medium,1,1
20,vegan friendly dinner,245,62,150,medium,1,0
20,street food cravings,577,145,150,medium,1,0
20,street food cravings,721,181,150,medium,1,1
20,street food cravings,568,142,150,medium,1,0
20,street food cravings,486,122,150,medium,0,0
20,street food cravings,692,173,150,medium,0,0
20,street food cravings,608,152,150,medium,1,0
20,street food cravings,230,58,150,medium,1,0
20,street food cravings,573,144,150,medium,0,0
20,street food cravings,297,75,150,medium,0,0
20,street food cravings,51,13,150,medium,0,0
20,vegan friendly dinner,44,11,150,medium,1,1
20,vegan friendly dinner,530,133,150,medium,1,1
20,vegan friendly dinner,570,143,150,medium,1,1
20,vegan friendly dinner,314,79,150,medium,1,1
20,vegan friendly dinner,795,199,150,medium,1,0
20,vegan friendly dinner,674,169,150,medium,1,0
20,vegan friendly dinner,366,92,150,medium,1,1
20,vegan friendly dinner,346,87,150,medium,0,0
20,vegan friendly dinner,661,166,150,medium,1,1
20,vegan friendly dinner,267,67,150,medium,1,0
20,street food cravings,747,187,150,medium,1,1
20,street food cravings,169,43,150,medium,0,0
20,street food cravings,317,80,150,medium,1,1
20,street food cravings,728,182,150,medium,0,0
20,street food cravings,586,147,150,medium,1,0
20,street food cravings,711,178,150,medium,1,0
20,street food cravings,436,109,150,medium,1,1
20,street food cravings,511,128,150,medium,1,1
20,street food cravings,26,7,150,medium,0,0
20,street food cravings,35,9,150,medium,1,1
20,mild non spicy food for kids,718,180,150,medium,0,0
20,mild non spicy food for kids,27,7,150,medium,0,0
20,mild non spicy food for kids,683,171,150,medium,1,1
20,mild non spicy food for kids,492,123,150,medium,0,0
20,mild non spicy food for kids,67,17,150,medium,1,1
20,mild non spicy food for kids,252,63,150,medium,0,0
20,mild non spicy food for kids,732,183,150,medium,1,0
20,mild non spicy food for kids,30,8,150,medium,1,0
20,mild non spicy food for kids,279,70,150,medium,1,1
20,mild non spicy food for kids,444,111,150,medium,0,0
20,cold coffee and snacks,449,113,150,medium,1,1
20,cold coffee and snacks,526,132,150,medium,1,0
20,cold coffee and snacks,79,20,150,medium,1,0
20,cold coffee and snacks,406,102,150,medium,1,1
20,cold coffee and snacks,188,47,150,medium,1,0
20,cold coffee and snacks,54,14,150,medium,0,0
20,cold coffee and snacks,163,41,150,medium,0,0
20,cold coffee and snacks,752,188,150,medium,1,0
20,cold coffee and snacks,53,14,150,medium,1,0
20,cold coffee and snacks,63,16,150,medium,1,0
21,sweet dessert to end the meal,125,32,250,spicy,1,1
21,sweet dessert to end the meal,321,81,250,spicy,1,1
21,sweet dessert to end the meal,585,147,250,spicy,1,0
21,sweet dessert to end the meal,382,96,250,spicy,1,0
21,sweet dessert to end the meal,45,12,250,spicy,0,0
21,sweet dessert to end the meal,726,182,250,spicy,1,0
21,sweet dessert to end the meal,405,102,250,spicy,1,0
21,sweet dessert to end the meal,750,188,250,spicy,1,0
21,sweet dessert to end the meal,153,39,250,spicy,0,0
21,sweet dessert to end the meal,44,11,250,spicy,1,1
21,sweet dessert to end the meal,235,59,250,spicy,0,0
21,sweet dessert to end the meal,219,55,250,spicy,1,0
21,sweet dessert to end the meal,297,75,250,spicy,1,0
21,sweet dessert to end the meal,438,110,250,spicy,0,0
21,sweet dessert to end the meal,509,128,250,spicy,0,0
21,sweet dessert to end the meal,76,19,250,spicy,1,0
21,sweet dessert to end the meal,790,198,250,spicy,1,0
21,sweet dessert to end the meal,789,198,250,spicy,1,1
21,sweet dessert to end the meal,232,58,250,spicy,1,0
21,sweet dessert to end the meal,791,198,250,spicy,0,0
21,cold coffee and snacks,93,24,250,spicy,0,0
21,cold coffee and snacks,479,120,250,spicy,0,0
21,cold coffee and snacks,527,132,250,spicy,1,0
21,cold coffee and snacks,750,188,250,spicy,1,0
21,cold coffee and snacks,695,174,250,spicy,1,0
21,cold coffee and snacks,669,168,250,spicy,1,1
21,cold coffee and snacks,255,64,250,spicy,1,1
21,cold coffee and snacks,412,103,250,spicy,0,0
21,cold coffee and snacks,659,165,250,spicy,0,0
21,cold coffee and snacks,392,98,250,spicy,0,0
21,sweet dessert to end the meal,453,114,250,spicy,0,0
21,sweet dessert to end the meal,615,154,250,spicy,1,1
21,sweet dessert to end the meal,591,148,250,spicy,1,1
21,sweet dessert to end the meal,233,59,250,spicy,1,0
21,sweet dessert to end the meal,754,189,250,spicy,0,0
21,sweet dessert to end the meal,594,149,250,spicy,1,1
21,sweet dessert to end the meal,368,92,250,spicy,0,0
21,sweet dessert to end the meal,734,184,250,spicy,1,1
21,sweet dessert to end the meal,342,86,250,spicy,1,0
21,sweet dessert to end the meal,232,58,250,spicy,0,0
21,cheesy comfort food,405,102,250,spicy,1,0
21,cheesy comfort food,209,53,250,spicy,0,0
21,cheesy comfort food,95,24,250,spicy,1,0
21,cheesy comfort food,678,170,250,spicy,1,0
21,cheesy comfort food,218,55,250,spicy,1,1
21,cheesy comfort food,70,18,250,spicy,0,0
21,cheesy comfort food,444,111,250,spicy,1,0
21,cheesy comfort food,91,23,250,spicy,1,0
21,cheesy comfort food,613,154,250,spicy,1,0
21,cheesy comfort food,302,76,250,spicy,1,1
21,sweet dessert to end the meal,286,72,250,spicy,1,1
21,sweet dessert to end the meal,709,178,250,spicy,1,0
21,sweet dessert to end the meal,455,114,250,spicy,1,1
21,sweet dessert to end the meal,450,113,250,spicy,1,0
21,sweet dessert to end the meal,523,131,250,spicy,0,0
21,sweet dessert to end the meal,742,186,250,spicy,1,0
21,sweet dessert to end the meal,436,109,250,spicy,1,1
21,sweet dessert to end the meal,77,20,250,spicy,1,0
21,sweet dessert to end the meal,4,1,250,spicy,0,0
21,sweet dessert to end the meal,576,144,250,spicy,1,0
21,cheesy comfort food,348,87,250,spicy,1,0
21,cheesy comfort food,126,32,250,spicy,1,0
21,cheesy comfort food,691,173,250,spicy,1,0
21,cheesy comfort food,747,187,250,spicy,0,0
21,cheesy comfort food,329,83,250,spicy,0,0
21,cheesy comfort food,82,21,250,spicy,1,0
21,cheesy comfort food,593,149,250,spicy,1,1
21,cheesy comfort food,580,145,250,spicy,1,0
21,cheesy comfort food,294,74,250,spicy,1,0
21,cheesy comfort food,326,82,250,spicy,1,0
21,cheesy comfort food,735,184,250,spicy,1,0
21,cheesy comfort food,90,23,250,spicy,1,0
21,cheesy comfort food,462,116,250,spicy,1,1
21,cheesy comfort food,662,166,250,spicy,1,1
21,cheesy comfort food,463,116,250,spicy,0,0
21,cheesy comfort food,477,120,250,spicy,0,0
21,cheesy comfort food,690,173,250,spicy,0,0
21,cheesy comfort food,573,144,250,spicy,1,0
21,cheesy comfort food,511,128,250,spicy,0,0
21,cheesy comfort food,366,92,250,spicy,0,0
22,cheesy comfort food,292,73,250,spicy,1,0
22,cheesy comfort food,714,179,250,spicy,0,0
22,cheesy comfort food,792,198,250,spicy,1,1
22,cheesy comfort food,737,185,250,spicy,1,0
22,cheesy comfort food,73,19,250,spicy,1,0
22,cheesy comfort food,161,41,250,spicy,1,0
22,cheesy comfort food,585,147,250,spicy,0,0
22,cheesy comfort food,90,23,250,spicy,0,0
22,cheesy comfort food,9,3,250,spicy,1,0
22,cheesy comfort food,64,16,250,spicy,0,0
22,cheesy comfort food,603,151,250,spicy,0,0
22,cheesy comfort food,662,166,250,spicy,1,1
22,cheesy comfort food,400,100,250,spicy,1,1
22,cheesy comfort food,766,192,250,spicy,0,0
22,cheesy comfort food,452,113,250,spicy,1,1
22,cheesy comfort food,796,199,250,spicy,1,0
22,cheesy comfort food,167,42,250,spicy,1,0
22,cheesy comfort food,404,101,250,spicy,1,0
22,cheesy comfort food,174,44,250,spicy,0,0
22,cheesy comfort food,137,35,250,spicy,1,0
22,quick breakfast idea,54,14,250,spicy,0,0
22,quick breakfast idea,125,32,250,spicy,1,0
22,quick breakfast idea,393,99,250,spicy,0,0
22,quick breakfast idea,112,28,250,spicy,1,1
22,quick breakfast idea,653,164,250,spicy,0,0
22,quick breakfast idea,210,53,250,spicy,1,0
22,quick breakfast idea,23,6,250,spicy,1,1
22,quick breakfast idea,204,51,250,spicy,1,0
22,quick breakfast idea,407,102,250,spicy,0,0
22,quick breakfast idea,496,124,250,spicy,1,0
22,something spicy and cheap under 200,310,78,250,spicy,1,0
22,something spicy and cheap under 200,492,123,250,spicy,1,1
22,something spicy and cheap under 200,360,90,250,spicy,1,0
22,something spicy and cheap under 200,600,150,250,spicy,1,1
22,something spicy and cheap under 200,589,148,250,spicy,1,1
22,something spicy and cheap under 200,231,58,250,spicy,1,1
22,something spicy and cheap under 200,444,111,250,spicy,0,0
22,something spicy and cheap under 200,5,2,250,spicy,1,0
22,something spicy and cheap under 200,516,129,250,spicy,1,0
22,something spicy and cheap under 200,765,192,250,spicy,1,1
22,street food cravings,516,129,250,spicy,1,1
22,street food cravings,384,96,250,spicy,0,0
22,street food cravings,353,89,250,spicy,0,0
22,street food cravings,613,154,250,spicy,0,0
22,street food cravings,380,95,250,spicy,1,0
22,street food cravings,311,78,250,spicy,1,1
22,street food cravings,286,72,250,spicy,1,0
22,street food cravings,497,125,250,spicy,1,1
22,street food cravings,537,135,250,spicy,1,0
22,street food cravings,661,166,250,spicy,1,1
22,cold coffee and snacks,449,113,250,spicy,1,1
22,cold coffee and snacks,364,91,250,spicy,1,1
22,cold coffee and snacks,657,165,250,spicy,1,1
22,cold coffee and snacks,631,158,250,spicy,1,0
22,cold coffee and snacks,686,172,250,spicy,0,0
22,cold coffee and snacks,18,5,250,spicy,1,0
22,cold coffee and snacks,210,53,250,spicy,1,1
22,cold coffee and snacks,429,108,250,spicy,1,1
22,cold coffee and snacks,558,140,250,spicy,1,0
22,cold coffee and snacks,48,12,250,spicy,1,1
22,vegan friendly dinner,204,51,250,spicy,1,0
22,vegan friendly dinner,637,160,250,spicy,1,1
22,vegan friendly dinner,48,12,250,spicy,0,0
22,vegan friendly dinner,442,111,250,spicy,0,0
22,vegan friendly dinner,736,184,250,spicy,0,0
22,vegan friendly dinner,467,117,250,spicy,0,0
22,vegan friendly dinner,216,54,250,spicy,1,1
22,vegan friendly dinner,769,193,250,spicy,1,0
22,vegan friendly dinner,705,177,250,spicy,1,1
22,vegan friendly dinner,171,43,250,spicy,0,0
22,quick breakfast idea,297,75,250,spicy,1,1
22,quick breakfast idea,33,9,250,spicy,1,0
22,quick breakfast idea,787,197,250,spicy,1,0
22,quick breakfast idea,147,37,250,spicy,1,0
22,quick breakfast idea,736,184,250,spicy,1,0
22,quick breakfast idea,512,128,250,spicy,0,0
22,quick breakfast idea,781,196,250,spicy,0,0
22,quick breakfast idea,486,122,250,spicy,1,1
22,quick breakfast idea,537,135,250,spicy,1,0
22,quick breakfast idea,620,155,250,spicy,1,0
23,vegan friendly dinner,610,153,350,mild,1,1
23,vegan friendly dinner,316,79,350,mild,1,0
23,vegan friendly dinner,439,110,350,mild,1,0
23,vegan friendly dinner,186,47,350,mild,1,0
23,vegan friendly dinner,30,8,350,mild,1,1
23,vegan friendly dinner,506,127,350,mild,1,0
23,vegan friendly dinner,500,125,350,mild,0,0
23,vegan friendly dinner,586,147,350,mild,1,0
23,vegan friendly dinner,109,28,350,mild,0,0
23,vegan friendly dinner,182,46,350,mild,1,0
23,vegan friendly dinner,497,125,350,mild,1,1
23,vegan friendly dinner,794,199,350,mild,0,0
23,vegan friendly dinner,385,97,350,mild,0,0
23,vegan friendly dinner,306,77,350,mild,1,1
23,vegan friendly dinner,329,83,350,mild,1,0
23,vegan friendly dinner,424,106,350,mild,1,1
23,vegan friendly dinner,578,145,350,mild,1,0
23,vegan friendly dinner,720,180,350,mild,1,1
23,vegan friendly dinner,198,50,350,mild,1,0
23,vegan friendly dinner,337,85,350,mild,1,0
23,mild non spicy food for kids,356,89,350,mild,1,0
23,mild non spicy food for kids,211,53,350,mild,1,0
23,mild non spicy food for kids,445,112,350,mild,1,1
23,mild non spicy food for kids,237,60,350,mild,1,0
23,mild non spicy food for kids,305,77,350,mild,0,0
23,mild non spicy food for kids,231,58,350,mild,1,1
23,mild non spicy food for kids,102,26,350,mild,1,1
23,mild non spicy food for kids,403,101,350,mild,1,1
23,mild non spicy food for kids,646,162,350,mild,1,1
23,mild non spicy food for kids,537,135,350,mild,1,1
23,mild non spicy food for kids,706,177,350,mild,1,1
23,mild non spicy food for kids,156,39,350,mild,1,0
23,mild non spicy food for kids,422,106,350,mild,1,1
23,mild non spicy food for kids,525,132,350,mild,1,1
23,mild non spicy food for kids,579,145,350,mild,1,0
23,mild non spicy food for kids,52,13,350,mild,1,0
23,mild non spicy food for kids,643,161,350,mild,0,0
23,mild non spicy food for kids,732,183,350,mild,1,0
23,mild non spicy food for kids,702,176,350,mild,0,0
23,mild non spicy food for kids,425,107,350,mild,1,0
23,healthy light dinner option,662,166,350,mild,1,0
23,healthy light dinner option,348,87,350,mild,1,1
23,healthy light dinner option,620,155,350,mild,1,0
23,healthy light dinner option,580,145,350,mild,1,0
23,healthy light dinner option,164,41,350,mild,1,0
23,healthy light dinner option,740,185,350,mild,1,1
23,healthy light dinner option,223,56,350,mild,1,0
23,healthy light dinner option,522,131,350,mild,1,0
23,healthy light dinner option,542,136,350,mild,1,0
23,healthy light dinner option,365,92,350,mild,1,0
23,biryani under 300 rupees,398,100,350,mild,1,0
23,biryani under 300 rupees,202,51,350,mild,1,0
23,biryani under 300 rupees,675,169,350,mild,1,1
23,biryani under 300 rupees,156,39,350,mild,1,1
23,biryani under 300 rupees,92,23,350,mild,1,0
23,biryani under 300 rupees,668,167,350,mild,1,1
23,biryani under 300 rupees,420,105,350,mild,1,0
23,biryani under 300 rupees,446,112,350,mild,1,0
23,biryani under 300 rupees,341,86,350,mild,1,1
23,biryani under 300 rupees,642,161,350,mild,1,1
23,cheesy comfort food,502,126,350,mild,0,0
23,cheesy comfort food,50,13,350,mild,0,0
23,cheesy comfort food,220,55,350,mild,1,0
23,cheesy comfort food,433,109,350,mild,1,0
23,cheesy comfort food,612,153,350,mild,0,0
23,cheesy comfort food,157,40,350,mild,1,0
23,cheesy comfort food,701,176,350,mild,0,0
23,cheesy comfort food,623,156,350,mild,0,0
23,cheesy comfort food,201,51,350,mild,1,0
23,cheesy comfort food,730,183,350,mild,0,0
23,vegan friendly dinner,377,95,350,mild,1,1
23,vegan friendly dinner,487,122,350,mild,1,0
23,vegan friendly dinner,93,24,350,mild,1,0
23,vegan friendly dinner,330,83,350,mild,0,0
23,vegan friendly dinner,746,187,350,mild,1,1
23,vegan friendly dinner,3,1,350,mild,0,0
23,vegan friendly dinner,537,135,350,mild,1,0
23,vegan friendly dinner,349,88,350,mild,0,0
23,vegan friendly dinner,641,161,350,mild,1,1
23,vegan friendly dinner,739,185,350,mild,0,0
24,sweet dessert to end the meal,452,113,350,mild,0,0
24,sweet dessert to end the meal,563,141,350,mild,0,0
24,sweet dessert to end the meal,381,96,350,mild,1,0
24,sweet dessert to end the meal,678,170,350,mild,0,0
24,sweet dessert to end the meal,58,15,350,mild,0,0
24,sweet dessert to end the meal,761,191,350,mild,0,0
24,sweet dessert to end the meal,525,132,350,mild,1,1
24,sweet dessert to end the meal,383,96,350,mild,0,0
24,sweet dessert to end the meal,147,37,350,mild,1,0
24,sweet dessert to end the meal,110,28,350,mild,1,1
24,sweet dessert to end the meal,345,87,350,mild,1,0
24,sweet dessert to end the meal,70,18,350,mild,1,1
24,sweet dessert to end the meal,736,184,350,mild,1,1
24,sweet dessert to end the meal,386,97,350,mild,1,0
24,sweet dessert to end the meal,471,118,350,mild,1,1
24,sweet dessert to end the meal,209,53,350,mild,1,0
24,sweet dessert to end the meal,306,77,350,mild,1,0
24,sweet dessert to end the meal,31,8,350,mild,1,1
24,sweet dessert to end the meal,37,10,350,mild,0,0
24,sweet dessert to end the meal,784,196,350,mild,1,1
24,street food cravings,462,116,350,mild,1,0
24,street food cravings,197,50,350,mild,1,1
24,street food cravings,372,93,350,mild,1,0
24,street food cravings,510,128,350,mild,1,0
24,street food cravings,198,50,350,mild,1,0
24,street food cravings,55,14,350,mild,1,1
24,street food cravings,244,61,350,mild,1,1
24,street food cravings,176,44,350,mild,1,0
24,street food cravings,106,27,350,mild,1,0
24,street food cravings,68,17,350,mild,1,0
24,cheesy comfort food,497,125,350,mild,1,0
24,cheesy comfort food,226,57,350,mild,1,1
24,cheesy comfort food,634,159,350,mild,1,0
24,cheesy comfort food,254,64,350,mild,1,0
24,cheesy comfort food,392,98,350,mild,0,0
24,cheesy comfort food,371,93,350,mild,1,0
24,cheesy comfort food,119,30,350,mild,1,1
24,cheesy comfort food,201,51,350,mild,1,1
24,cheesy comfort food,162,41,350,mild,0,0
24,cheesy comfort food,794,199,350,mild,1,1
24,cold coffee and snacks,87,22,350,mild,1,1
24,cold coffee and snacks,592,148,350,mild,0,0
24,cold coffee and snacks,613,154,350,mild,0,0
24,cold coffee and snacks,571,143,350,mild,1,0
24,cold coffee and snacks,27,7,350,mild,1,1
24,cold coffee and snacks,448,112,350,mild,1,0
24,cold coffee and snacks,476,119,350,mild,0,0
24,cold coffee and snacks,198,50,350,mild,1,0
24,cold coffee and snacks,303,76,350,mild,1,0
24,cold coffee and snacks,627,157,350,mild,0,0
24,healthy light dinner option,401,101,350,mild,1,0
24,healthy light dinner option,782,196,350,mild,1,0
24,healthy light dinner option,747,187,350,mild,0,0
24,healthy light dinner option,199,50,350,mild,1,1
24,healthy light dinner option,314,79,350,mild,1,0
24,healthy light dinner option,204,51,350,mild,1,0
24,healthy light dinner option,281,71,350,mild,1,1
24,healthy light dinner option,106,27,350,mild,0,0
24,healthy light dinner option,456,114,350,mild,1,0
24,healthy light dinner option,622,156,350,mild,1,1
24,cold coffee and snacks,472,118,350,mild,0,0
24,cold coffee and snacks,26,7,350,mild,0,0
24,cold coffee and snacks,765,192,350,mild,1,0
24,cold coffee and snacks,723,181,350,mild,0,0
24,cold coffee and snacks,286,72,350,mild,1,0
24,cold coffee and snacks,571,143,350,mild,0,0
24,cold coffee and snacks,697,175,350,mild,1,1
24,cold coffee and snacks,367,92,350,mild,0,0
24,cold coffee and snacks,23,6,350,mild,1,0
24,cold coffee and snacks,238,60,350,mild,1,0
24,cheesy comfort food,401,101,350,mild,1,1
24,cheesy comfort food,572,143,350,mild,1,0
24,cheesy comfort food,495,124,350,mild,0,0
24,cheesy comfort food,98,25,350,mild,1,0
24,cheesy comfort food,231,58,350,mild,1,0
24,cheesy comfort food,194,49,350,mild,1,1
24,cheesy comfort food,740,185,350,mild,1,0
24,cheesy comfort food,202,51,350,mild,1,0
24,cheesy comfort food,479,120,350,mild,1,0
24,cheesy comfort food,418,105,350,mild,0,0
25,something spicy and cheap under 200,19,5,350,mild,1,1
25,something spicy and cheap under 200,736,184,350,mild,0,0
25,something spicy and cheap under 200,571,143,350,mild,1,1
25,something spicy and cheap under 200,155,39,350,mild,1,1
25,something spicy and cheap under 200,594,149,350,mild,1,1
25,something spicy and cheap under 200,178,45,350,mild,1,1
25,something spicy and cheap under 200,127,32,350,mild,1,1
25,something spicy and cheap under 200,324,81,350,mild,1,0
25,something spicy and cheap under 200,515,129,350,mild,1,0
25,something spicy and cheap under 200,310,78,350,mild,1,1
25,street food cravings,797,200,350,mild,1,0
25,street food cravings,685,172,350,mild,1,0
25,street food cravings,568,142,350,mild,1,1
25,street food cravings,148,37,350,mild,1,1
25,street food cravings,544,136,350,mild,1,0
25,street food cravings,277,70,350,mild,0,0
25,street food cravings,327,82,350,mild,1,0
25,street food cravings,703,176,350,mild,1,1
25,street food cravings,121,31,350,mild,0,0
25,street food cravings,768,192,350,mild,1,0
25,cold coffee and snacks,529,133,350,mild,1,1
25,cold coffee and snacks,190,48,350,mild,1,1
25,cold coffee and snacks,325,82,350,mild,0,0
25,cold coffee and snacks,80,20,350,mild,1,1
25,cold coffee and snacks,399,100,350,mild,1,0
25,cold coffee and snacks,280,70,350,mild,1,1
25,cold coffee and snacks,767,192,350,mild,1,0
25,cold coffee and snacks,151,38,350,mild,1,0
25,cold coffee and snacks,372,93,350,mild,1,0
25,cold coffee and snacks,436,109,350,mild,1,0
25,healthy light dinner option,259,65,350,mild,1,0
25,healthy light dinner option,576,144,350,mild,1,0
25,healthy light dinner option,273,69,350,mild,1,1
25,healthy light dinner option,659,165,350,mild,1,1
25,healthy light dinner option,6,2,350,mild,1,1
25,healthy light dinner option,121,31,350,mild,1,0
25,healthy light dinner option,165,42,350,mild,0,0
25,healthy light dinner option,730,183,350,mild,1,1
25,healthy light dinner option,430,108,350,mild,1,0
25,healthy light dinner option,742,186,350,mild,1,0
25,something spicy and cheap under 200,527,132,350,mild,1,0
25,something spicy and cheap under 200,353,89,350,mild,0,0
25,something spicy and cheap under 200,43,11,350,mild,1,0
25,something spicy and cheap under 200,118,30,350,mild,1,0
25,something spicy and cheap under 200,1,1,350,mild,1,1
25,something spicy and cheap under 200,110,28,350,mild,0,0
25,something spicy and cheap under 200,712,178,350,mild,0,0
25,something spicy and cheap under 200,448,112,350,mild,0,0
25,something spicy and cheap under 200,438,110,350,mild,1,1
25,something spicy and cheap under 200,165,42,350,mild,1,0
25,quick breakfast idea,527,132,350,mild,1,0
25,quick breakfast idea,533,134,350,mild,1,0
25,quick breakfast idea,611,153,350,mild,0,0
25,quick breakfast idea,213,54,350,mild,1,1
25,quick breakfast idea,522,131,350,mild,0,0
25,quick breakfast idea,164,41,350,mild,1,0
25,quick breakfast idea,162,41,350,mild,0,0
25,quick breakfast idea,175,44,350,mild,1,0
25,quick breakfast idea,662,166,350,mild,1,0
25,quick breakfast idea,374,94,350,mild,1,1
25,mild non spicy food for kids,725,182,350,mild,0,0
25,mild non spicy food for kids,253,64,350,mild,1,0
25,mild non spicy food for kids,385,97,350,mild,1,0
25,mild non spicy food for kids,178,45,350,mild,1,0
25,mild non spicy food for kids,305,77,350,mild,1,1
25,mild non spicy food for kids,483,121,350,mild,0,0
25,mild non spicy food for kids,238,60,350,mild,1,1
25,mild non spicy food for kids,210,53,350,mild,1,0
25,mild non spicy food for kids,637,160,350,mild,1,0
25,mild non spicy food for kids,303,76,350,mild,1,0
25,sweet dessert to end the meal,178,45,350,mild,0,0
25,sweet dessert to end the meal,529,133,350,mild,1,0
25,sweet dessert to end the meal,120,30,350,mild,0,0
25,sweet dessert to end the meal,77,20,350,mild,1,1
25,sweet dessert to end the meal,153,39,350,mild,1,0
25,sweet dessert to end the meal,598,150,350,mild,0,0
25,sweet dessert to end the meal,788,197,350,mild,1,0
25,sweet dessert to end the meal,4,1,350,mild,1,1
25,sweet dessert to end the meal,187,47,350,mild,1,1
25,sweet dessert to end the meal,778,195,350,mild,1,0
26,mild non spicy food for kids,562,141,150,mild,0,0
26,mild non spicy food for kids,191,48,150,mild,0,0
26,mild non spicy food for kids,731,183,150,mild,1,0
26,mild non spicy food for kids,163,41,150,mild,1,0
26,mild non spicy food for kids,89,23,150,mild,0,0
26,mild non spicy food for kids,284,71,150,mild,1,0
26,mild non spicy food for kids,110,28,150,mild,1,0
26,mild non spicy food for kids,100,25,150,mild,1,0
26,mild non spicy food for kids,671,168,150,mild,1,0
26,mild non spicy food for kids,523,131,150,mild,1,1
26,healthy light dinner option,372,93,150,mild,1,0
26,healthy light dinner option,282,71,150,mild,0,0
26,healthy light dinner option,130,33,150,mild,1,1
26,healthy light dinner option,207,52,150,mild,0,0
26,healthy light dinner option,724,181,150,mild,1,1
26,healthy light dinner option,23,6,150,mild,1,0
26,healthy light dinner option,760,190,150,mild,1,1
26,healthy light dinner option,671,168,150,mild,1,1
26,healthy light dinner option,168,42,150,mild,0,0
26,healthy light dinner option,96,24,150,mild,1,1
26,biryani under 300 rupees,527,132,150,mild,0,0
26,biryani under 300 rupees,463,116,150,mild,1,0
26,biryani under 300 rupees,132,33,150,mild,1,0
26,biryani under 300 rupees,143,36,150,mild,0,0
26,biryani under 300 rupees,383,96,150,mild,1,0
26,biryani under 300 rupees,778,195,150,mild,0,0
26,biryani under 300 rupees,56,14,150,mild,1,1
26,biryani under 300 rupees,798,200,150,mild,1,1
26,biryani under 300 rupees,763,191,150,mild,1,0
26,biryani under 300 rupees,558,140,150,mild,1,1
26,cold coffee and snacks,610,153,150,mild,1,0
26,cold coffee and snacks,413,104,150,mild,0,0
26,cold coffee and snacks,690,173,150,mild,0,0
26,cold coffee and snacks,451,113,150,mild,0,0
26,cold coffee and snacks,193,49,150,mild,1,1
26,cold coffee and snacks,707,177,150,mild,1,0
26,cold coffee and snacks,141,36,150,mild,0,0
26,cold coffee and snacks,392,98,150,mild,1,0
26,cold coffee and snacks,64,16,150,mild,1,1
26,cold coffee and snacks,586,147,150,mild,1,0
26,street food cravings,385,97,150,mild,1,0
26,street food cravings,599,150,150,mild,1,1
26,street food cravings,800,200,150,mild,0,0
26,street food cravings,724,181,150,mild,1,1
26,street food cravings,440,110,150,mild,1,0
26,street food cravings,362,91,150,mild,1,0
26,street food cravings,240,60,150,mild,1,1
26,street food cravings,554,139,150,mild,1,1
26,street food cravings,51,13,150,mild,1,1
26,street food cravings,542,136,150,mild,1,1
26,mild non spicy food for kids,22,6,150,mild,0,0
26,mild non spicy food for kids,458,115,150,mild,0,0
26,mild non spicy food for kids,709,178,150,mild,0,0
26,mild non spicy food for kids,587,147,150,mild,1,1
26,mild non spicy food for kids,633,159,150,mild,1,0
26,mild non spicy food for kids,544,136,150,mild,0,0
26,mild non spicy food for kids,239,60,150,mild,1,0
26,mild non spicy food for kids,513,129,150,mild,0,0
26,mild non spicy food for kids,49,13,150,mild,0,0
26,mild non spicy food for kids,595,149,150,mild,1,0
26,vegan friendly dinner,327,82,150,mild,1,0
26,vegan friendly dinner,163,41,150,mild,1,0
26,vegan friendly dinner,472,118,150,mild,1,1
26,vegan friendly dinner,799,200,150,mild,0,0
26,vegan friendly dinner,567,142,150,mild,0,0
26,vegan friendly dinner,68,17,150,mild,1,1
26,vegan friendly dinner,287,72,150,mild,0,0
26,vegan friendly dinner,669,168,150,mild,1,0
26,vegan friendly dinner,510,128,150,mild,1,1
26,vegan friendly dinner,34,9,150,mild,0,0
26,cheesy comfort food,503,126,150,mild,1,0
26,cheesy comfort food,305,77,150,mild,1,1
26,cheesy comfort food,573,144,150,mild,1,0
26,cheesy comfort food,147,37,150,mild,1,1
26,cheesy comfort food,698,175,150,mild,1,0
26,cheesy comfort food,293,74,150,mild,0,0
26,cheesy comfort food,547,137,150,mild,1,1
26,cheesy comfort food,132,33,150,mild,1,0
26,cheesy comfort food,223,56,150,mild,1,0
26,cheesy comfort food,134,34,150,mild,1,1
27,biryani under 300 rupees,9,3,350,very spicy,1,0
27,biryani under 300 rupees,376,94,350,very spicy,1,1
27,biryani under 300 rupees,202,51,350,very spicy,1,0
27,biryani under 300 rupees,170,43,350,very spicy,1,1
27,biryani under 300 rupees,118,30,350,very spicy,1,1
27,biryani under 300 rupees,540,135,350,very spicy,1,1
27,biryani under 300 rupees,499,125,350,very spicy,1,1
27,biryani under 300 rupees,762,191,350,very spicy,1,0
27,biryani under 300 rupees,443,111,350,very spicy,1,0
27,biryani under 300 rupees,639,160,350,very spicy,1,1
27,something spicy and cheap under 200,74,19,350,very spicy,1,0
27,something spicy and cheap under 200,246,62,350,very spicy,1,0
27,something spicy and cheap under 200,9,3,350,very spicy,1,0
27,something spicy and cheap under 200,351,88,350,very spicy,1,0
27,something spicy and cheap under 200,327,82,350,very spicy,1,0
27,something spicy and cheap under 200,7,2,350,very spicy,0,0
27,something spicy and cheap under 200,582,146,350,very spicy,1,0
27,something spicy and cheap under 200,649,163,350,very spicy,1,1
27,something spicy and cheap under 200,774,194,350,very spicy,1,0
27,something spicy and cheap under 200,135,34,350,very spicy,1,1
27,vegan friendly dinner,541,136,350,very spicy,0,0
27,vegan friendly dinner,155,39,350,very spicy,1,1
27,vegan friendly dinner,694,174,350,very spicy,0,0
27,vegan friendly dinner,676,169,350,very spicy,0,0
27,vegan friendly dinner,397,100,350,very spicy,1,1
27,vegan friendly dinner,536,134,350,very spicy,1,0
27,vegan friendly dinner,752,188,350,very spicy,1,0
27,vegan friendly dinner,292,73,350,very spicy,1,0
27,vegan friendly dinner,431,108,350,very spicy,0,0
27,vegan friendly dinner,554,139,350,very spicy,1,0
27,sweet dessert to end the meal,354,89,350,very spicy,0,0
27,sweet dessert to end the meal,359,90,350,very spicy,1,0
27,sweet dessert to end the meal,25,7,350,very spicy,1,0
27,sweet dessert to end the meal,5,2,350,very spicy,1,1
27,sweet dessert to end the meal,582,146,350,very spicy,1,1
27,sweet dessert to end the meal,449,113,350,very spicy,0,0
27,sweet dessert to end the meal,94,24,350,very spicy,0,0
27,sweet dessert to end the meal,57,15,350,very spicy,1,0
27,sweet dessert to end the meal,170,43,350,very spicy,0,0
27,sweet dessert to end the meal,392,98,350,very spicy,1,1
27,mild non spicy food for kids,577,145,350,very spicy,1,0
27,mild non spicy food for kids,489,123,350,very spicy,0,0
27,mild non spicy food for kids,94,24,350,very spicy,0,0
27,mild non spicy food for kids,493,124,350,very spicy,0,0
27,mild non spicy food for kids,26,7,350,very spicy,0,0
27,mild non spicy food for kids,442,111,350,very spicy,1,0
27,mild non spicy food for kids,273,69,350,very spicy,1,0
27,mild non spicy food for kids,517,130,350,very spicy,1,0
27,mild non spicy food for kids,588,147,350,very spicy,1,1
27,mild non spicy food for kids,145,37,350,very spicy,1,0
27,quick breakfast idea,465,117,350,very spicy,1,0
27,quick breakfast idea,381,96,350,very spicy,1,1
27,quick breakfast idea,656,164,350,very spicy,1,0
27,quick breakfast idea,496,124,350,very spicy,1,0
27,quick breakfast idea,789,198,350,very spicy,1,0
27,quick breakfast idea,107,27,350,very spicy,1,0
27,quick breakfast idea,247,62,350,very spicy,0,0
27,quick breakfast idea,23,6,350,very spicy,1,0
27,quick breakfast idea,644,161,350,very spicy,1,1
27,quick breakfast idea,293,74,350,very spicy,1,0
27,cold coffee and snacks,780,195,350,very spicy,0,0
27,cold coffee and snacks,190,48,350,very spicy,1,0
27,cold coffee and snacks,111,28,350,very spicy,1,0
27,cold coffee and snacks,486,122,350,very spicy,1,0
27,cold coffee and snacks,71,18,350,very spicy,1,1
27,cold coffee and snacks,262,66,350,very spicy,1,1
27,cold coffee and snacks,325,82,350,very spicy,1,1
27,cold coffee and snacks,88,22,350,very spicy,0,0
27,cold coffee and snacks,528,132,350,very spicy,1,0
27,cold coffee and snacks,101,26,350,very spicy,1,0
27,biryani under 300 rupees,738,185,350,very spicy,1,1
27,biryani under 300 rupees,233,59,350,very spicy,0,0
27,biryani under 300 rupees,182,46,350,very spicy,1,0
27,biryani under 300 rupees,30,8,350,very spicy,1,1
27,biryani under 300 rupees,567,142,350,very spicy,1,0
27,biryani under 300 rupees,776,194,350,very spicy,1,0
27,biryani under 300 rupees,6,2,350,very spicy,0,0
27,biryani under 300 rupees,472,118,350,very spicy,1,0
27,biryani under 300 rupees,497,125,350,very spicy,0,0
27,biryani under 300 rupees,552,138,350,very spicy,1,0
28,biryani under 300 rupees,425,107,250,spicy,1,1
28,biryani under 300 rupees,663,166,250,spicy,1,1
28,biryani under 300 rupees,202,51,250,spicy,1,0
28,biryani under 300 rupees,613,154,250,spicy,1,1
28,biryani under 300 rupees,581,146,250,spicy,0,0
28,biryani under 300 rupees,661,166,250,spicy,1,1
28,biryani under 300 rupees,470,118,250,spicy,1,0
28,biryani under 300 rupees,376,94,250,spicy,1,1
28,biryani under 300 rupees,790,198,250,spicy,0,0
28,biryani under 300 rupees,389,98,250,spicy,1,1
28,biryani under 300 rupees,144,36,250,spicy,0,0
28,biryani under 300 rupees,178,45,250,spicy,0,0
28,biryani under 300 rupees,629,158,250,spicy,1,0
28,biryani under 300 rupees,543,136,250,spicy,1,1
28,biryani under 300 rupees,273,69,250,spicy,1,1
28,biryani under 300 rupees,462,116,250,spicy,0,0
28,biryani under 300 rupees,459,115,250,spicy,1,1
28,biryani under 300 rupees,346,87,250,spicy,0,0
28,biryani under 300 rupees,203,51,250,spicy,1,1
28,biryani under 300 rupees,735,184,250,spicy,1,0
28,street food cravings,472,118,250,spicy,1,0
28,street food cravings,154,39,250,spicy,1,1
28,street food cravings,117,30,250,spicy,1,0
28,street food cravings,775,194,250,spicy,1,1
28,street food cravings,538,135,250,spicy,0,0
28,street food cravings,556,139,250,spicy,0,0
28,street food cravings,41,11,250,spicy,1,0
28,street food cravings,124,31,250,spicy,0,0
28,street food cravings,26,7,250,spicy,0,0
28,street food cravings,59,15,250,spicy,1,0
28,healthy light dinner option,3,1,250,spicy,1,1
28,healthy light dinner option,369,93,250,spicy,1,0
28,healthy light dinner option,178,45,250,spicy,0,0
28,healthy light dinner option,23,6,250,spicy,1,0
28,healthy light dinner option,99,25,250,spicy,1,0
28,healthy light dinner option,51,13,250,spicy,1,1
28,healthy light dinner option,370,93,250,spicy,1,1
28,healthy light dinner option,60,15,250,spicy,1,1
28,healthy light dinner option,693,174,250,spicy,1,0
28,healthy light dinner option,606,152,250,spicy,0,0
28,quick breakfast idea,159,40,250,spicy,0,0
28,quick breakfast idea,505,127,250,spicy,1,1
28,quick breakfast idea,144,36,250,spicy,1,1
28,quick breakfast idea,318,80,250,spicy,1,0
28,quick breakfast idea,323,81,250,spicy,1,0
28,quick breakfast idea,6,2,250,spicy,1,1
28,quick breakfast idea,57,15,250,spicy,0,0
28,quick breakfast idea,273,69,250,spicy,1,1
28,quick breakfast idea,294,74,250,spicy,1,0
28,quick breakfast idea,633,159,250,spicy,1,0
28,cold coffee and snacks,1,1,250,spicy,0,0
28,cold coffee and snacks,733,184,250,spicy,0,0
28,cold coffee and snacks,316,79,250,spicy,1,0
28,cold coffee and snacks,60,15,250,spicy,1,1
28,cold coffee and snacks,605,152,250,spicy,0,0
28,cold coffee and snacks,652,163,250,spicy,0,0
28,cold coffee and snacks,273,69,250,spicy,1,1
28,cold coffee and snacks,778,195,250,spicy,1,0
28,cold coffee and snacks,800,200,250,spicy,1,1
28,cold coffee and snacks,676,169,250,spicy,1,1
28,vegan friendly dinner,435,109,250,spicy,1,0
28,vegan friendly dinner,282,71,250,spicy,1,0
28,vegan friendly dinner,774,194,250,spicy,1,0
28,vegan friendly dinner,196,49,250,spicy,1,0
28,vegan friendly dinner,408,102,250,spicy,1,0
28,vegan friendly dinner,100,25,250,spicy,1,1
28,vegan friendly dinner,762,191,250,spicy,0,0
28,vegan friendly dinner,180,45,250,spicy,1,0
28,vegan friendly dinner,750,188,250,spicy,0,0
28,vegan friendly dinner,709,178,250,spicy,1,1
28,street food cravings,400,100,250,spicy,1,1
28,street food cravings,39,10,250,spicy,1,0
28,street food cravings,64,16,250,spicy,1,1
28,street food cravings,538,135,250,spicy,1,0
28,street food cravings,125,32,250,spicy,1,1
28,street food cravings,663,166,250,spicy,0,0
28,street food cravings,297,75,250,spicy,1,1
28,street food cravings,305,77,250,spicy,1,0
28,street food cravings,391,98,250,spicy,1,1
28,street food cravings,596,149,250,spicy,0,0
29,something spicy and cheap under 200,27,7,150,very spicy,0,0
29,something spicy and cheap under 200,351,88,150,very spicy,0,0
29,something spicy and cheap under 200,620,155,150,very spicy,1,0
29,something spicy and cheap under 200,713,179,150,very spicy,1,0
29,something spicy and cheap under 200,487,122,150,very spicy,1,1
29,something spicy and cheap under 200,616,154,150,very spicy,1,1
29,something spicy and cheap under 200,45,12,150,very spicy,0,0
29,something spicy and cheap under 200,176,44,150,very spicy,0,0
29,something spicy and cheap under 200,130,33,150,very spicy,0,0
29,something spicy and cheap under 200,368,92,150,very spicy,0,0
29,sweet dessert to end the meal,92,23,150,very spicy,1,1
29,sweet dessert to end the meal,188,47,150,very spicy,0,0
29,sweet dessert to end the meal,658,165,150,very spicy,1,0
29,sweet dessert to end the meal,174,44,150,very spicy,0,0
29,sweet dessert to end the meal,373,94,150,very spicy,1,0
29,sweet dessert to end the meal,730,183,150,very spicy,1,0
29,sweet dessert to end the meal,412,103,150,very spicy,0,0
29,sweet dessert to end the meal,190,48,150,very spicy,0,0
29,sweet dessert to end the meal,765,192,150,very spicy,0,0
29,sweet dessert to end the meal,547,137,150,very spicy,1,0
29,cheesy comfort food,348,87,150,very spicy,1,1
29,cheesy comfort food,639,160,150,very spicy,1,0
29,cheesy comfort food,73,19,150,very spicy,1,1
29,cheesy comfort food,13,4,150,very spicy,1,1
29,cheesy comfort food,725,182,150,very spicy,1,0
29,cheesy comfort food,202,51,150,very spicy,0,0
29,cheesy comfort food,616,154,150,very spicy,1,1
29,cheesy comfort food,588,147,150,very spicy,1,0
29,cheesy comfort food,133,34,150,very spicy,1,0
29,cheesy comfort food,271,68,150,very spicy,1,0
29,cold coffee and snacks,504,126,150,very spicy,1,0
29,cold coffee and snacks,413,104,150,very spicy,1,0
29,cold coffee and snacks,464,116,150,very spicy,1,0
29,cold coffee and snacks,195,49,150,very spicy,0,0
29,cold coffee and snacks,686,172,150,very spicy,1,0
29,cold coffee and snacks,11,3,150,very spicy,1,0
29,cold coffee and snacks,467,117,150,very spicy,0,0
29,cold coffee and snacks,558,140,150,very spicy,0,0
29,cold coffee and snacks,342,86,150,very spicy,1,1
29,cold coffee and snacks,459,115,150,very spicy,1,0
29,street food cravings,278,70,150,very spicy,0,0
29,street food cravings,29,8,150,very spicy,1,0
29,street food cravings,340,85,150,very spicy,1,1
29,street food cravings,706,177,150,very spicy,0,0
29,street food cravings,463,116,150,very spicy,0,0
29,street food cravings,77,20,150,very spicy,1,1
29,street food cravings,784,196,150,very spicy,1,0
29,street food cravings,660,165,150,very spicy,1,0
29,street food cravings,185,47,150,very spicy,1,0
29,street food cravings,138,35,150,very spicy,1,0
29,cheesy comfort food,178,45,150,very spicy,0,0
29,cheesy comfort food,179,45,150,very spicy,1,1
29,cheesy comfort food,515,129,150,very spicy,0,0
29,cheesy comfort food,415,104,150,very spicy,1,0
29,cheesy comfort food,697,175,150,very spicy,1,0
29,cheesy comfort food,457,115,150,very spicy,1,0
29,cheesy comfort food,14,4,150,very spicy,1,0
29,cheesy comfort food,540,135,150,very spicy,1,0
29,cheesy comfort food,238,60,150,very spicy,0,0
29,cheesy comfort food,659,165,150,very spicy,1,1
29,cheesy comfort food,703,176,150,very spicy,1,1
29,cheesy comfort food,358,90,150,very spicy,0,0
29,cheesy comfort food,505,127,150,very spicy,1,1
29,cheesy comfort food,590,148,150,very spicy,1,1
29,cheesy comfort food,504,126,150,very spicy,1,0
29,cheesy comfort food,250,63,150,very spicy,0,0
29,cheesy comfort food,757,190,150,very spicy,0,0
29,cheesy comfort food,640,160,150,very spicy,0,0
29,cheesy comfort food,644,161,150,very spicy,1,0
29,cheesy comfort food,438,110,150,very spicy,1,1
29,sweet dessert to end the meal,61,16,150,very spicy,0,0
29,sweet dessert to end the meal,441,111,150,very spicy,1,0
29,sweet dessert to end the meal,556,139,150,very spicy,0,0
29,sweet dessert to end the meal,155,39,150,very spicy,1,1
29,sweet dessert to end the meal,228,57,150,very spicy,1,1
29,sweet dessert to end the meal,187,47,150,very spicy,1,1
29,sweet dessert to end the meal,581,146,150,very spicy,1,0
29,sweet dessert to end the meal,78,20,150,very spicy,1,1
29,sweet dessert to end the meal,789,198,150,very spicy,1,1
29,sweet dessert to end the meal,541,136,150,very spicy,1,0
30,sweet dessert to end the meal,111,28,150,very spicy,0,0
30,sweet dessert to end the meal,217,55,150,very spicy,1,0
30,sweet dessert to end the meal,502,126,150,very spicy,0,0
30,sweet dessert to end the meal,671,168,150,very spicy,1,1
30,sweet dessert to end the meal,500,125,150,very spicy,1,0
30,sweet dessert to end the meal,669,168,150,very spicy,1,0
30,sweet dessert to end the meal,131,33,150,very spicy,0,0
30,sweet dessert to end the meal,169,43,150,very spicy,0,0
30,sweet dessert to end the meal,261,66,150,very spicy,1,1
30,sweet dessert to end the meal,700,175,150,very spicy,0,0
30,sweet dessert to end the meal,355,89,150,very spicy,1,1
30,sweet dessert to end the meal,9,3,150,very spicy,0,0
30,sweet dessert to end the meal,406,102,150,very spicy,0,0
30,sweet dessert to end the meal,789,198,150,very spicy,1,0
30,sweet dessert to end the meal,710,178,150,very spicy,1,0
30,sweet dessert to end the meal,291,73,150,very spicy,0,0
30,sweet dessert to end the meal,719,180,150,very spicy,1,0
30,sweet dessert to end the meal,278,70,150,very spicy,1,0
30,sweet dessert to end the meal,503,126,150,very spicy,1,1
30,sweet dessert to end the meal,674,169,150,very spicy,1,0
30,mild non spicy food for kids,425,107,150,very spicy,1,1
30,mild non spicy food for kids,193,49,150,very spicy,1,0
30,mild non spicy food for kids,113,29,150,very spicy,1,0
30,mild non spicy food for kids,607,152,150,very spicy,1,0
30,mild non spicy food for kids,685,172,150,very spicy,1,1
30,mild non spicy food for kids,28,7,150,very spicy,1,0
30,mild non spicy food for kids,520,130,150,very spicy,1,0
30,mild non spicy food for kids,145,37,150,very spicy,0,0
30,mild non spicy food for kids,245,62,150,very spicy,1,1
30,mild non spicy food for kids,739,185,150,very spicy,1,0
30,cold coffee and snacks,505,127,150,very spicy,0,0
30,cold coffee and snacks,734,184,150,very spicy,1,1
30,cold coffee and snacks,141,36,150,very spicy,0,0
30,cold coffee and snacks,794,199,150,very spicy,1,0
30,cold coffee and snacks,393,99,150,very spicy,1,0
30,cold coffee and snacks,109,28,150,very spicy,0,0
30,cold coffee and snacks,480,120,150,very spicy,1,1
30,cold coffee and snacks,297,75,150,very spicy,0,0
30,cold coffee and snacks,260,65,150,very spicy,1,0
30,cold coffee and snacks,482,121,150,very spicy,1,0
30,something spicy and cheap under 200,194,49,150,very spicy,1,0
30,something spicy and cheap under 200,410,103,150,very spicy,1,0
30,something spicy and cheap under 200,456,114,150,very spicy,1,0
30,something spicy and cheap under 200,551,138,150,very spicy,0,0
30,something spicy and cheap under 200,236,59,150,very spicy,1,0
30,something spicy and cheap under 200,620,155,150,very spicy,1,1
30,something spicy and cheap under 200,526,132,150,very spicy,1,0
30,something spicy and cheap under 200,506,127,150,very spicy,1,0
30,something spicy and cheap under 200,535,134,150,very spicy,1,0
30,something spicy and cheap under 200,192,48,150,very spicy,1,1
30,cheesy comfort food,628,157,150,very spicy,1,1
30,cheesy comfort food,537,135,150,very spicy,1,0
30,cheesy comfort food,713,179,150,very spicy,1,0
30,cheesy comfort food,425,107,150,very spicy,0,0
30,cheesy comfort food,512,128,150,very spicy,1,1
30,cheesy comfort food,541,136,150,very spicy,1,0
30,cheesy comfort food,473,119,150,very spicy,0,0
30,cheesy comfort food,709,178,150,very spicy,1,1
30,cheesy comfort food,433,109,150,very spicy,1,0
30,cheesy comfort food,774,194,150,very spicy,1,1
30,sweet dessert to end the meal,51,13,150,very spicy,1,0
30,sweet dessert to end the meal,598,150,150,very spicy,0,0
30,sweet dessert to end the meal,113,29,150,very spicy,1,0
30,sweet dessert to end the meal,386,97,150,very spicy,1,0
30,sweet dessert to end the meal,301,76,150,very spicy,0,0
30,sweet dessert to end the meal,541,136,150,very spicy,0,0
30,sweet dessert to end the meal,147,37,150,very spicy,1,1
30,sweet dessert to end the meal,389,98,150,very spicy,1,1
30,sweet dessert to end the meal,292,73,150,very spicy,1,0
30,sweet dessert to end the meal,392,98,150,very spicy,0,0
30,cold coffee and snacks,403,101,150,very spicy,0,0
30,cold coffee and snacks,96,24,150,very spicy,0,0
30,cold coffee and snacks,361,91,150,very spicy,1,0
30,cold coffee and snacks,315,79,150,very spicy,1,0
30,cold coffee and snacks,665,167,150,very spicy,0,0
30,cold coffee and snacks,110,28,150,very spicy,0,0
30,cold coffee and snacks,518,130,150,very spicy,0,0
30,cold coffee and snacks,531,133,150,very spicy,0,0
30,cold coffee and snacks,118,30,150,very spicy,1,1
30,cold coffee and snacks,580,145,150,very spicy,1,0
31,cheesy comfort food,545,137,500,spicy,0,0
31,cheesy comfort food,611,153,500,spicy,0,0
31,cheesy comfort food,768,192,500,spicy,1,0
31,cheesy comfort food,713,179,500,spicy,1,1
31,cheesy comfort food,557,140,500,spicy,1,1
31,cheesy comfort food,525,132,500,spicy,1,1
31,cheesy comfort food,15,4,500,spicy,1,1
31,cheesy comfort food,673,169,500,spicy,1,0
31,cheesy comfort food,631,158,500,spicy,1,0
31,cheesy comfort food,251,63,500,spicy,1,1
31,quick breakfast idea,503,126,500,spicy,1,1
31,quick breakfast idea,454,114,500,spicy,1,0
31,quick breakfast idea,281,71,500,spicy,1,1
31,quick breakfast idea,136,34,500,spicy,0,0
31,quick breakfast idea,508,127,500,spicy,1,1
31,quick breakfast idea,715,179,500,spicy,1,1
31,quick breakfast idea,293,74,500,spicy,1,1
31,quick breakfast idea,680,170,500,spicy,1,1
31,quick breakfast idea,393,99,500,spicy,1,0
31,quick breakfast idea,386,97,500,spicy,1,1
31,healthy light dinner option,717,180,500,spicy,0,0
31,healthy light dinner option,54,14,500,spicy,1,0
31,healthy light dinner option,410,103,500,spicy,1,0
31,healthy light dinner option,67,17,500,spicy,1,0
31,healthy light dinner option,782,196,500,spicy,1,0
31,healthy light dinner option,162,41,500,spicy,1,0
31,healthy light dinner option,788,197,500,spicy,1,1
31,healthy light dinner option,566,142,500,spicy,1,1
31,healthy light dinner option,310,78,500,spicy,0,0
31,healthy light dinner option,332,83,500,spicy,1,0
31,cold coffee and snacks,631,158,500,spicy,1,0
31,cold coffee and snacks,119,30,500,spicy,1,0
31,cold coffee and snacks,167,42,500,spicy,1,0
31,cold coffee and snacks,461,116,500,spicy,1,1
31,cold coffee and snacks,133,34,500,spicy,1,0
31,cold coffee and snacks,403,101,500,spicy,1,0
31,cold coffee and snacks,607,152,500,spicy,1,1
31,cold coffee and snacks,680,170,500,spicy,0,0
31,cold coffee and snacks,632,158,500,spicy,1,0
31,cold coffee and snacks,217,55,500,spicy,1,1
31,street food cravings,649,163,500,spicy,1,1
31,street food cravings,587,147,500,spicy,1,1
31,street food cravings,207,52,500,spicy,1,1
31,street food cravings,772,193,500,spicy,1,0
31,street food cravings,612,153,500,spicy,1,1
31,street food cravings,721,181,500,spicy,0,0
31,street food cravings,180,45,500,spicy,1,1
31,street food cravings,321,81,500,spicy,0,0
31,street food cravings,452,113,500,spicy,1,0
31,street food cravings,210,53,500,spicy,1,0
31,vegan friendly dinner,216,54,500,spicy,1,0
31,vegan friendly dinner,172,43,500,spicy,1,0
31,vegan friendly dinner,477,120,500,spicy,1,0
31,vegan friendly dinner,621,156,500,spicy,1,0
31,vegan friendly dinner,790,198,500,spicy,1,0
31,vegan friendly dinner,29,8,500,spicy,1,0
31,vegan friendly dinner,136,34,500,spicy,1,1
31,vegan friendly dinner,675,169,500,spicy,1,1
31,vegan friendly dinner,627,157,500,spicy,1,0
31,vegan friendly dinner,210,53,500,spicy,1,1
31,cold coffee and snacks,785,197,500,spicy,1,1
31,cold coffee and snacks,582,146,500,spicy,1,1
31,cold coffee and snacks,759,190,500,spicy,1,0
31,cold coffee and snacks,374,94,500,spicy,1,1
31,cold coffee and snacks,324,81,500,spicy,1,0
31,cold coffee and snacks,446,112,500,spicy,1,0
31,cold coffee and snacks,201,51,500,spicy,1,1
31,cold coffee and snacks,465,117,500,spicy,1,1
31,cold coffee and snacks,304,76,500,spicy,1,1
31,cold coffee and snacks,760,190,500,spicy,1,0
31,biryani under 300 rupees,110,28,500,spicy,0,0
31,biryani under 300 rupees,646,162,500,spicy,1,0
31,biryani under 300 rupees,599,150,500,spicy,1,0
31,biryani under 300 rupees,293,74,500,spicy,1,0
31,biryani under 300 rupees,676,169,500,spicy,1,0
31,biryani under 300 rupees,427,107,500,spicy,1,0
31,biryani under 300 rupees,53,14,500,spicy,0,0
31,biryani under 300 rupees,224,56,500,spicy,1,0
31,biryani under 300 rupees,480,120,500,spicy,1,0
31,biryani under 300 rupees,160,40,500,spicy,0,0
32,vegan friendly dinner,94,24,150,very spicy,0,0
32,vegan friendly dinner,220,55,150,very spicy,1,0
32,vegan friendly dinner,577,145,150,very spicy,1,1
32,vegan friendly dinner,560,140,150,very spicy,0,0
32,vegan friendly dinner,561,141,150,very spicy,0,0
32,vegan friendly dinner,454,114,150,very spicy,1,1
32,vegan friendly dinner,181,46,150,very spicy,0,0
32,vegan friendly dinner,384,96,150,very spicy,0,0
32,vegan friendly dinner,98,25,150,very spicy,0,0
32,vegan friendly dinner,442,111,150,very spicy,0,0
32,street food cravings,402,101,150,very spicy,1,1
32,street food cravings,319,80,150,very spicy,1,0
32,street food cravings,257,65,150,very spicy,0,0
32,street food cravings,487,122,150,very spicy,1,0
32,street food cravings,131,33,150,very spicy,1,0
32,street food cravings,639,160,150,very spicy,0,0
32,street food cravings,657,165,150,very spicy,0,0
32,street food cravings,286,72,150,very spicy,1,0
32,street food cravings,227,57,150,very spicy,1,0
32,street food cravings,638,160,150,very spicy,1,1
32,sweet dessert to end the meal,790,198,150,very spicy,0,0
32,sweet dessert to end the meal,126,32,150,very spicy,0,0
32,sweet dessert to end the meal,593,149,150,very spicy,0,0
32,sweet dessert to end the meal,522,131,150,very spicy,1,0
32,sweet dessert to end the meal,67,17,150,very spicy,1,0
32,sweet dessert to end the meal,84,21,150,very spicy,1,1
32,sweet dessert to end the meal,534,134,150,very spicy,0,0
32,sweet dessert to end the meal,194,49,150,very spicy,1,0
32,sweet dessert to end the meal,85,22,150,very spicy,0,0
32,sweet dessert to end the meal,504,126,150,very spicy,1,0
32,street food cravings,542,136,150,very spicy,1,0
32,street food cravings,340,85,150,very spicy,0,0
32,street food cravings,199,50,150,very spicy,1,0
32,street food cravings,688,172,150,very spicy,0,0
32,street food cravings,772,193,150,very spicy,1,0
32,street food cravings,216,54,150,very spicy,1,1
32,street food cravings,683,171,150,very spicy,0,0
32,street food cravings,304,76,150,very spicy,1,1
32,street food cravings,388,97,150,very spicy,0,0
32,street food cravings,728,182,150,very spicy,0,0
32,cheesy comfort food,211,53,150,very spicy,1,1
32,cheesy comfort food,566,142,150,very spicy,0,0
32,cheesy comfort food,463,116,150,very spicy,0,0
32,cheesy comfort food,125,32,150,very spicy,1,0
32,cheesy comfort food,515,129,150,very spicy,0,0
32,cheesy comfort food,6,2,150,very spicy,1,0
32,cheesy comfort food,677,170,150,very spicy,1,0
32,cheesy comfort food,134,34,150,very spicy,1,1
32,cheesy comfort food,101,26,150,very spicy,0,0
32,cheesy comfort food,533,134,150,very spicy,1,1
32,cold coffee and snacks,294,74,150,very spicy,1,1
32,cold coffee and snacks,241,61,150,very spicy,1,1
32,cold coffee and snacks,127,32,150,very spicy,0,0
32,cold coffee and snacks,404,101,150,very spicy,1,0
32,cold coffee and snacks,719,180,150,very spicy,1,0
32,cold coffee and snacks,231,58,150,very spicy,0,0
32,cold coffee and snacks,40,10,150,very spicy,0,0
32,cold coffee and snacks,529,133,150,very spicy,0,0
32,cold coffee and snacks,687,172,150,very spicy,1,0
32,cold coffee and snacks,250,63,150,very spicy,0,0
32,cheesy comfort food,788,197,150,very spicy,1,0
32,cheesy comfort food,127,32,150,very spicy,0,0
32,cheesy comfort food,790,198,150,very spicy,1,1
32,cheesy comfort food,563,141,150,very spicy,1,0
32,cheesy comfort food,218,55,150,very spicy,0,0
32,cheesy comfort food,396,99,150,very spicy,1,0
32,cheesy comfort food,133,34,150,very spicy,0,0
32,cheesy comfort food,245,62,150,very spicy,1,0
32,cheesy comfort food,62,16,150,very spicy,1,0
32,cheesy comfort food,400,100,150,very spicy,1,0
32,cheesy comfort food,519,130,150,very spicy,1,0
32,cheesy comfort food,45,12,150,very spicy,0,0
32,cheesy comfort food,710,178,150,very spicy,1,1
32,cheesy comfort food,350,88,150,very spicy,1,0
32,cheesy comfort food,617,155,150,very spicy,1,0
32,cheesy comfort food,307,77,150,very spicy,1,0
32,cheesy comfort food,417,105,150,very spicy,0,0
32,cheesy comfort food,741,186,150,very spicy,0,0
32,cheesy comfort food,251,63,150,very spicy,1,0
32,cheesy comfort food,349,88,150,very spicy,1,0
33,biryani under 300 rupees,272,68,350,spicy,1,1
33,biryani under 300 rupees,613,154,350,spicy,0,0
33,biryani under 300 rupees,409,103,350,spicy,1,1
33,biryani under 300 rupees,536,134,350,spicy,0,0
33,biryani under 300 rupees,328,82,350,spicy,1,0
33,biryani under 300 rupees,581,146,350,spicy,1,0
33,biryani under 300 rupees,280,70,350,spicy,1,0
33,biryani under 300 rupees,651,163,350,spicy,0,0
33,biryani under 300 rupees,322,81,350,spicy,1,1
33,biryani under 300 rupees,170,43,350,spicy,1,0
33,vegan friendly dinner,120,30,350,spicy,0,0
33,vegan friendly dinner,688,172,350,spicy,1,0
33,vegan friendly dinner,191,48,350,spicy,1,1
33,vegan friendly dinner,579,145,350,spicy,1,1
33,vegan friendly dinner,736,184,350,spicy,0,0
33,vegan friendly dinner,164,41,350,spicy,1,0
33,vegan friendly dinner,799,200,350,spicy,0,0
33,vegan friendly dinner,461,116,350,spicy,1,0
33,vegan friendly dinner,47,12,350,spicy,1,0
33,vegan friendly dinner,565,142,350,spicy,1,1
33,sweet dessert to end the meal,91,23,350,spicy,1,1
33,sweet dessert to end the meal,511,128,350,spicy,0,0
33,sweet dessert to end the meal,616,154,350,spicy,1,0
33,sweet dessert to end the meal,283,71,350,spicy,0,0
33,sweet dessert to end the meal,298,75,350,spicy,1,0
33,sweet dessert to end the meal,338,85,350,spicy,1,0
33,sweet dessert to end the meal,784,196,350,spicy,1,1
33,sweet dessert to end the meal,464,116,350,spicy,1,0
33,sweet dessert to end the meal,85,22,350,spicy,0,0
33,sweet dessert to end the meal,738,185,350,spicy,1,0
33,mild non spicy food for kids,508,127,350,spicy,0,0
33,mild non spicy food for kids,245,62,350,spicy,1,0
33,mild non spicy food for kids,307,77,350,spicy,1,0
33,mild non spicy food for kids,461,116,350,spicy,1,0
33,mild non spicy food for kids,496,124,350,spicy,1,0
33,mild non spicy food for kids,381,96,350,spicy,0,0
33,mild non spicy food for kids,88,22,350,spicy,1,1
33,mild non spicy food for kids,609,153,350,spicy,0,0
33,mild non spicy food for kids,494,124,350,spicy,1,0
33,mild non spicy food for kids,142,36,350,spicy,1,1
33,healthy light dinner option,512,128,350,spicy,1,1
33,healthy light dinner option,537,135,350,spicy,1,0
33,healthy light dinner option,499,125,350,spicy,1,1
33,healthy light dinner option,478,120,350,spicy,0,0
33,healthy light dinner option,41,11,350,spicy,1,0
33,healthy light dinner option,514,129,350,spicy,1,0
33,healthy light dinner option,321,81,350,spicy,1,1
33,healthy light dinner option,604,151,350,spicy,0,0
33,healthy light dinner option,798,200,350,spicy,1,0
33,healthy light dinner option,142,36,350,spicy,1,0
33,quick breakfast idea,578,145,350,spicy,1,0
33,quick breakfast idea,318,80,350,spicy,1,0
33,quick breakfast idea,111,28,350,spicy,1,1
33,quick breakfast idea,54,14,350,spicy,1,0
33,quick breakfast idea,735,184,350,spicy,1,0
33,quick breakfast idea,248,62,350,spicy,1,0
33,quick breakfast idea,657,165,350,spicy,1,1
33,quick breakfast idea,366,92,350,spicy,0,0
33,quick breakfast idea,580,145,350,spicy,1,1
33,quick breakfast idea,489,123,350,spicy,1,0
33,cheesy comfort food,538,135,350,spicy,0,0
33,cheesy comfort food,774,194,350,spicy,1,1
33,cheesy comfort food,394,99,350,spicy,1,1
33,cheesy comfort food,268,67,350,spicy,1,1
33,cheesy comfort food,348,87,350,spicy,1,0
33,cheesy comfort food,574,144,350,spicy,1,0
33,cheesy comfort food,593,149,350,spicy,1,0
33,cheesy comfort food,115,29,350,spicy,0,0
33,cheesy comfort food,22,6,350,spicy,1,0
33,cheesy comfort food,725,182,350,spicy,1,0
33,street food cravings,120,30,350,spicy,1,0
33,street food cravings,531,133,350,spicy,1,1
33,street food cravings,100,25,350,spicy,1,1
33,street food cravings,2,1,350,spicy,1,0
33,street food cravings,330,83,350,spicy,0,0
33,street food cravings,642,161,350,spicy,1,1
33,street food cravings,188,47,350,spicy,0,0
33,street food cravings,460,115,350,spicy,0,0
33,street food cravings,526,132,350,spicy,0,0
33,street food cravings,116,29,350,spicy,1,0
34,vegan friendly dinner,301,76,350,medium,1,0
34,vegan friendly dinner,646,162,350,medium,1,0
34,vegan friendly dinner,110,28,350,medium,1,1
34,vegan friendly dinner,543,136,350,medium,1,1
34,vegan friendly dinner,265,67,350,medium,1,0
34,vegan friendly dinner,616,154,350,medium,1,1
34,vegan friendly dinner,638,160,350,medium,1,0
34,vegan friendly dinner,108,27,350,medium,1,0
34,vegan friendly dinner,659,165,350,medium,1,0
34,vegan friendly dinner,76,19,350,medium,1,0
34,sweet dessert to end the meal,399,100,350,medium,0,0
34,sweet dessert to end the meal,235,59,350,medium,1,0
34,sweet dessert to end the meal,323,81,350,medium,1,0
34,sweet dessert to end the meal,81,21,350,medium,1,1
34,sweet dessert to end the meal,240,60,350,medium,1,0
34,sweet dessert to end the meal,490,123,350,medium,1,1
34,sweet dessert to end the meal,406,102,350,medium,1,0
34,sweet dessert to end the meal,725,182,350,medium,1,0
34,sweet dessert to end the meal,296,74,350,medium,1,1
34,sweet dessert to end the meal,532,133,350,medium,1,1
34,vegan friendly dinner,778,195,350,medium,0,0
34,vegan friendly dinner,331,83,350,medium,1,0
34,vegan friendly dinner,604,151,350,medium,1,0
34,vegan friendly dinner,71,18,350,medium,1,0
34,vegan friendly dinner,606,152,350,medium,1,0
34,vegan friendly dinner,739,185,350,medium,0,0
34,vegan friendly dinner,599,150,350,medium,0,0
34,vegan friendly dinner,339,85,350,medium,1,0
34,vegan friendly dinner,380,95,350,medium,1,1
34,vegan friendly dinner,279,70,350,medium,1,1
34,mild non spicy food for kids,510,128,350,medium,1,0
34,mild non spicy food for kids,396,99,350,medium,1,0
34,mild non spicy food for kids,494,124,350,medium,0,0
34,mild non spicy food for kids,776,194,350,medium,1,0
34,mild non spicy food for kids,78,20,350,medium,1,0
34,mild non spicy food for kids,595,149,350,medium,1,1
34,mild non spicy food for kids,684,171,350,medium,1,0
34,mild non spicy food for kids,657,165,350,medium,1,0
34,mild non spicy food for kids,37,10,350,medium,0,0
34,mild non spicy food for kids,315,79,350,medium,1,0
34,vegan friendly dinner,547,137,350,medium,1,1
34,vegan friendly dinner,739,185,350,medium,0,0
34,vegan friendly dinner,749,188,350,medium,1,0
34,vegan friendly dinner,683,171,350,medium,1,1
34,vegan friendly dinner,25,7,350,medium,0,0
34,vegan friendly dinner,782,196,350,medium,1,0
34,vegan friendly dinner,208,52,350,medium,1,1
34,vegan friendly dinner,85,22,350,medium,0,0
34,vegan friendly dinner,175,44,350,medium,1,0
34,vegan friendly dinner,738,185,350,medium,0,0
34,something spicy and cheap under 200,202,51,350,medium,1,1
34,something spicy and cheap under 200,80,20,350,medium,0,0
34,something spicy and cheap under 200,629,158,350,medium,1,0
34,something spicy and cheap under 200,605,152,350,medium,1,0
34,something spicy and cheap under 200,445,112,350,medium,1,1
34,something spicy and cheap under 200,16,4,350,medium,1,0
34,something spicy and cheap under 200,344,86,350,medium,1,1
34,something spicy and cheap under 200,262,66,350,medium,1,0
34,something spicy and cheap under 200,381,96,350,medium,1,0
34,something spicy and cheap under 200,571,143,350,medium,1,1
34,mild non spicy food for kids,322,81,350,medium,1,0
34,mild non spicy food for kids,741,186,350,medium,1,1
34,mild non spicy food for kids,453,114,350,medium,1,0
34,mild non spicy food for kids,740,185,350,medium,1,1
34,mild non spicy food for kids,499,125,350,medium,1,1
34,mild non spicy food for kids,413,104,350,medium,1,1
34,mild non spicy food for kids,396,99,350,medium,1,1
34,mild non spicy food for kids,313,79,350,medium,1,0
34,mild non spicy food for kids,154,39,350,medium,1,1
34,mild non spicy food for kids,474,119,350,medium,1,1
34,vegan friendly dinner,99,25,350,medium,1,0
34,vegan friendly dinner,669,168,350,medium,1,0
34,vegan friendly dinner,431,108,350,medium,1,1
34,vegan friendly dinner,75,19,350,medium,1,0
34,vegan friendly dinner,208,52,350,medium,1,0
34,vegan friendly dinner,267,67,350,medium,1,0
34,vegan friendly dinner,638,160,350,medium,1,0
34,vegan friendly dinner,11,3,350,medium,1,0
34,vegan friendly dinner,705,177,350,medium,1,0
34,vegan friendly dinner,320,80,350,medium,1,0
35,cheesy comfort food,779,195,350,very spicy,1,0
35,cheesy comfort food,227,57,350,very spicy,1,0
35,cheesy comfort food,741,186,350,very spicy,1,0
35,cheesy comfort food,775,194,350,very spicy,0,0
35,cheesy comfort food,78,20,350,very spicy,0,0
35,cheesy comfort food,182,46,350,very spicy,1,0
35,cheesy comfort food,426,107,350,very spicy,1,1
35,cheesy comfort food,689,173,350,very spicy,0,0
35,cheesy comfort food,684,171,350,very spicy,1,1
35,cheesy comfort food,210,53,350,very spicy,1,1
35,quick breakfast idea,173,44,350,very spicy,1,0
35,quick breakfast idea,310,78,350,very spicy,1,1
35,quick breakfast idea,646,162,350,very spicy,1,0
35,quick breakfast idea,506,127,350,very spicy,1,1
35,quick breakfast idea,17,5,350,very spicy,1,1
35,quick breakfast idea,605,152,350,very spicy,1,0
35,quick breakfast idea,601,151,350,very spicy,1,1
35,quick breakfast idea,296,74,350,very spicy,1,0
35,quick breakfast idea,764,191,350,very spicy,1,1
35,quick breakfast idea,389,98,350,very spicy,1,1
35,mild non spicy food for kids,113,29,350,very spicy,1,0
35,mild non spicy food for kids,245,62,350,very spicy,1,1
35,mild non spicy food for kids,521,131,350,very spicy,1,0
35,mild non spicy food for kids,538,135,350,very spicy,1,0
35,mild non spicy food for kids,352,88,350,very spicy,0,0
35,mild non spicy food for kids,373,94,350,very spicy,1,0
35,mild non spicy food for kids,777,195,350,very spicy,1,0
35,mild non spicy food for kids,142,36,350,very spicy,1,0
35,mild non spicy food for kids,56,14,350,very spicy,0,0
35,mild non spicy food for kids,701,176,350,very spicy,1,0
35,quick breakfast idea,684,171,350,very spicy,1,1
35,quick breakfast idea,60,15,350,very spicy,1,0
35,quick breakfast idea,661,166,350,very spicy,1,0
35,quick breakfast idea,707,177,350,very spicy,1,0
35,quick breakfast idea,184,46,350,very spicy,0,0
35,quick breakfast idea,772,193,350,very spicy,1,0
35,quick breakfast idea,535,134,350,very spicy,1,0
35,quick breakfast idea,388,97,350,very spicy,1,0
35,quick breakfast idea,516,129,350,very spicy,1,1
35,quick breakfast idea,579,145,350,very spicy,1,0
35,street food cravings,195,49,350,very spicy,1,1
35,street food cravings,208,52,350,very spicy,1,1
35,street food cravings,480,120,350,very spicy,1,1
35,street food cravings,69,18,350,very spicy,1,0
35,street food cravings,393,99,350,very spicy,0,0
35,street food cravings,745,187,350,very spicy,1,0
35,street food cravings,113,29,350,very spicy,1,0
35,street food cravings,538,135,350,very spicy,1,0
35,street food cravings,646,162,350,very spicy,1,0
35,street food cravings,648,162,350,very spicy,0,0
35,mild non spicy food for kids,18,5,350,very spicy,1,0
35,mild non spicy food for kids,279,70,350,very spicy,1,1
35,mild non spicy food for kids,424,106,350,very spicy,1,0
35,mild non spicy food for kids,775,194,350,very spicy,1,0
35,mild non spicy food for kids,373,94,350,very spicy,1,1
35,mild non spicy food for kids,338,85,350,very spicy,1,1
35,mild non spicy food for kids,414,104,350,very spicy,1,0
35,mild non spicy food for kids,513,129,350,very spicy,1,1
35,mild non spicy food for kids,13,4,350,very spicy,1,0
35,mild non spicy food for kids,487,122,350,very spicy,0,0
35,mild non spicy food for kids,497,125,350,very spicy,1,0
35,mild non spicy food for kids,446,112,350,very spicy,1,1
35,mild non spicy food for kids,345,87,350,very spicy,1,1
35,mild non spicy food for kids,535,134,350,very spicy,1,0
35,mild non spicy food for kids,35,9,350,very spicy,1,0
35,mild non spicy food for kids,464,116,350,very spicy,1,0
35,mild non spicy food for kids,13,4,350,very spicy,1,0
35,mild non spicy food for kids,356,89,350,very spicy,1,0
35,mild non spicy food for kids,485,122,350,very spicy,1,0
35,mild non spicy food for kids,545,137,350,very spicy,1,0
35,healthy light dinner option,69,18,350,very spicy,1,1
35,healthy light dinner option,25,7,350,very spicy,1,0
35,healthy light dinner option,550,138,350,very spicy,1,1
35,healthy light dinner option,133,34,350,very spicy,0,0
35,healthy light dinner option,283,71,350,very spicy,1,1
35,healthy light dinner option,432,108,350,very spicy,0,0
35,healthy light dinner option,319,80,350,very spicy,1,1
35,healthy light dinner option,129,33,350,very spicy,1,1
35,healthy light dinner option,428,107,350,very spicy,1,0
35,healthy light dinner option,620,155,350,very spicy,0,0
36,healthy light dinner option,160,40,150,very spicy,1,1
36,healthy light dinner option,101,26,150,very spicy,1,1
36,healthy light dinner option,397,100,150,very spicy,1,0
36,healthy light dinner option,308,77,150,very spicy,0,0
36,healthy light dinner option,363,91,150,very spicy,1,0
36,healthy light dinner option,267,67,150,very spicy,0,0
36,healthy light dinner option,238,60,150,very spicy,0,0
36,healthy light dinner option,49,13,150,very spicy,0,0
36,healthy light dinner option,371,93,150,very spicy,1,0
36,healthy light dinner option,529,133,150,very spicy,1,0
36,something spicy and cheap under 200,498,125,150,very spicy,1,0
36,something spicy and cheap under 200,394,99,150,very spicy,1,0
36,something spicy and cheap under 200,716,179,150,very spicy,1,1
36,something spicy and cheap under 200,123,31,150,very spicy,1,0
36,something spicy and cheap under 200,206,52,150,very spicy,1,0
36,something spicy and cheap under 200,347,87,150,very spicy,0,0
36,something spicy and cheap under 200,17,5,150,very spicy,0,0
36,something spicy and cheap under 200,251,63,150,very spicy,1,1
36,something spicy and cheap under 200,358,90,150,very spicy,0,0
36,something spicy and cheap under 200,3,1,150,very spicy,1,0
36,vegan friendly dinner,561,141,150,very spicy,0,0
36,vegan friendly dinner,637,160,150,very spicy,1,0
36,vegan friendly dinner,320,80,150,very spicy,1,0
36,vegan friendly dinner,344,86,150,very spicy,0,0
36,vegan friendly dinner,761,191,150,very spicy,1,0
36,vegan friendly dinner,563,141,150,very spicy,0,0
36,vegan friendly dinner,482,121,150,very spicy,0,0
36,vegan friendly dinner,754,189,150,very spicy,1,1
36,vegan friendly dinner,62,16,150,very spicy,1,0
36,vegan friendly dinner,560,140,150,very spicy,1,1
36,vegan friendly dinner,432,108,150,very spicy,1,0
36,vegan friendly dinner,111,28,150,very spicy,1,0
36,vegan friendly dinner,702,176,150,very spicy,1,0
36,vegan friendly dinner,719,180,150,very spicy,1,0
36,vegan friendly dinner,518,130,150,very spicy,0,0
36,vegan friendly dinner,367,92,150,very spicy,0,0
36,vegan friendly dinner,696,174,150,very spicy,1,0
36,vegan friendly dinner,305,77,150,very spicy,1,0
36,vegan friendly dinner,361,91,150,very spicy,1,0
36,vegan friendly dinner,51,13,150,very spicy,1,0
36,cold coffee and snacks,2,1,150,very spicy,0,0
36,cold coffee and snacks,425,107,150,very spicy,1,0
36,cold coffee and snacks,305,77,150,very spicy,1,0
36,cold coffee and snacks,464,116,150,very spicy,1,0
36,cold coffee and snacks,367,92,150,very spicy,0,0
36,cold coffee and snacks,465,117,150,very spicy,1,1
36,cold coffee and snacks,170,43,150,very spicy,0,0
36,cold coffee and snacks,335,84,150,very spicy,0,0
36,cold coffee and snacks,54,14,150,very spicy,1,0
36,cold coffee and snacks,135,34,150,very spicy,0,0
36,mild non spicy food for kids,159,40,150,very spicy,0,0
36,mild non spicy food for kids,455,114,150,very spicy,1,0
36,mild non spicy food for kids,191,48,150,very spicy,1,1
36,mild non spicy food for kids,326,82,150,very spicy,1,1
36,mild non spicy food for kids,503,126,150,very spicy,1,0
36,mild non spicy food for kids,87,22,150,very spicy,1,1
36,mild non spicy food for kids,12,3,150,very spicy,1,1
36,mild non spicy food for kids,426,107,150,very spicy,1,0
36,mild non spicy food for kids,169,43,150,very spicy,1,1
36,mild non spicy food for kids,384,96,150,very spicy,0,0
36,cheesy comfort food,310,78,150,very spicy,1,1
36,cheesy comfort food,468,117,150,very spicy,1,0
36,cheesy comfort food,494,124,150,very spicy,1,0
36,cheesy comfort food,768,192,150,very spicy,1,0
36,cheesy comfort food,355,89,150,very spicy,1,1
36,cheesy comfort food,81,21,150,very spicy,1,1
36,cheesy comfort food,356,89,150,very spicy,1,1
36,cheesy comfort food,254,64,150,very spicy,1,0
36,cheesy comfort food,33,9,150,very spicy,1,0
36,cheesy comfort food,312,78,150,very spicy,0,0
36,sweet dessert to end the meal,642,161,150,very spicy,1,1
36,sweet dessert to end the meal,19,5,150,very spicy,1,0
36,sweet dessert to end the meal,509,128,150,very spicy,0,0
36,sweet dessert to end the meal,280,70,150,very spicy,0,0
36,sweet dessert to end the meal,388,97,150,very spicy,1,0
36,sweet dessert to end the meal,695,174,150,very spicy,0,0
36,sweet dessert to end the meal,523,131,150,very spicy,0,0
36,sweet dessert to end the meal,270,68,150,very spicy,1,1
36,sweet dessert to end the meal,28,7,150,very spicy,1,0
36,sweet dessert to end the meal,277,70,150,very spicy,1,0
37,cheesy comfort food,144,36,250,mild,1,1
37,cheesy comfort food,319,80,250,mild,1,1
37,cheesy comfort food,722,181,250,mild,0,0
37,cheesy comfort food,617,155,250,mild,1,1
37,cheesy comfort food,797,200,250,mild,1,0
37,cheesy comfort food,575,144,250,mild,1,1
37,cheesy comfort food,482,121,250,mild,1,1
37,cheesy comfort food,441,111,250,mild,1,1
37,cheesy comfort food,59,15,250,mild,1,1
37,cheesy comfort food,148,37,250,mild,0,0
37,cheesy comfort food,54,14,250,mild,1,1
37,cheesy comfort food,763,191,250,mild,1,1
37,cheesy comfort food,627,157,250,mild,0,0
37,cheesy comfort food,692,173,250,mild,1,0
37,cheesy comfort food,553,139,250,mild,1,1
37,cheesy comfort food,391,98,250,mild,1,1
37,cheesy comfort food,729,183,250,mild,0,0
37,cheesy comfort food,409,103,250,mild,1,0
37,cheesy comfort food,709,178,250,mild,1,1
37,cheesy comfort food,321,81,250,mild,0,0
37,quick breakfast idea,539,135,250,mild,1,0
37,quick breakfast idea,372,93,250,mild,1,0
37,quick breakfast idea,383,96,250,mild,0,0
37,quick breakfast idea,52,13,250,mild,1,1
37,quick breakfast idea,460,115,250,mild,1,1
37,quick breakfast idea,24,6,250,mild,1,1
37,quick breakfast idea,775,194,250,mild,1,0
37,quick breakfast idea,708,177,250,mild,0,0
37,quick breakfast idea,29,8,250,mild,1,0
37,quick breakfast idea,346,87,250,mild,1,1
37,cheesy comfort food,314,79,250,mild,1,1
37,cheesy comfort food,390,98,250,mild,0,0
37,cheesy comfort food,248,62,250,mild,1,0
37,cheesy comfort food,335,84,250,mild,1,1
37,cheesy comfort food,18,5,250,mild,1,1
37,cheesy comfort food,353,89,250,mild,1,1
37,cheesy comfort food,706,177,250,mild,1,0
37,cheesy comfort food,566,142,250,mild,1,0
37,cheesy comfort food,658,165,250,mild,1,0
37,cheesy comfort food,174,44,250,mild,0,0
37,cheesy comfort food,306,77,250,mild,1,0
37,cheesy comfort food,645,162,250,mild,0,0
37,cheesy comfort food,35,9,250,mild,1,0
37,cheesy comfort food,366,92,250,mild,1,1
37,cheesy comfort food,162,41,250,mild,1,1
37,cheesy comfort food,534,134,250,mild,1,0
37,cheesy comfort food,271,68,250,mild,0,0
37,cheesy comfort food,286,72,250,mild,1,0
37,cheesy comfort food,158,40,250,mild,0,0
37,cheesy comfort food,343,86,250,mild,1,0
37,biryani under 300 rupees,554,139,250,mild,1,0
37,biryani under 300 rupees,639,160,250,mild,1,1
37,biryani under 300 rupees,426,107,250,mild,1,0
37,biryani under 300 rupees,507,127,250,mild,1,1
37,biryani under 300 rupees,586,147,250,mild,1,0
37,biryani under 300 rupees,460,115,250,mild,0,0
37,biryani under 300 rupees,483,121,250,mild,1,0
37,biryani under 300 rupees,534,134,250,mild,0,0
37,biryani under 300 rupees,287,72,250,mild,1,1
37,biryani under 300 rupees,207,52,250,mild,0,0
37,healthy light dinner option,172,43,250,mild,1,0
37,healthy light dinner option,326,82,250,mild,1,0
37,healthy light dinner option,187,47,250,mild,1,0
37,healthy light dinner option,216,54,250,mild,1,0
37,healthy light dinner option,64,16,250,mild,1,0
37,healthy light dinner option,619,155,250,mild,1,0
37,healthy light dinner option,718,180,250,mild,1,1
37,healthy light dinner option,381,96,250,mild,1,0
37,healthy light dinner option,453,114,250,mild,0,0
37,healthy light dinner option,88,22,250,mild,1,1
37,something spicy and cheap under 200,385,97,250,mild,1,1
37,something spicy and cheap under 200,717,180,250,mild,1,0
37,something spicy and cheap under 200,556,139,250,mild,0,0
37,something spicy and cheap under 200,26,7,250,mild,1,1
37,something spicy and cheap under 200,746,187,250,mild,0,0
37,something spicy and cheap under 200,543,136,250,mild,0,0
37,something spicy and cheap under 200,260,65,250,mild,1,0
37,something spicy and cheap under 200,25,7,250,mild,1,0
37,something spicy and cheap under 200,788,197,250,mild,1,0
37,something spicy and cheap under 200,523,131,250,mild,1,1
38,quick breakfast idea,759,190,150,very spicy,1,0
38,quick breakfast idea,497,125,150,very spicy,1,0
38,quick breakfast idea,488,122,150,very spicy,1,0
38,quick breakfast idea,727,182,150,very spicy,0,0
38,quick breakfast idea,721,181,150,very spicy,1,1
38,quick breakfast idea,52,13,150,very spicy,1,1
38,quick breakfast idea,24,6,150,very spicy,1,1
38,quick breakfast idea,252,63,150,very spicy,1,0
38,quick breakfast idea,698,175,150,very spicy,1,0
38,quick breakfast idea,671,168,150,very spicy,0,0
38,something spicy and cheap under 200,260,65,150,very spicy,0,0
38,something spicy and cheap under 200,289,73,150,very spicy,0,0
38,something spicy and cheap under 200,741,186,150,very spicy,1,0
38,something spicy and cheap under 200,573,144,150,very spicy,1,0
38,something spicy and cheap under 200,225,57,150,very spicy,1,0
38,something spicy and cheap under 200,740,185,150,very spicy,1,1
38,something spicy and cheap under 200,719,180,150,very spicy,1,0
38,something spicy and cheap under 200,498,125,150,very spicy,1,1
38,something spicy and cheap under 200,547,137,150,very spicy,1,0
38,something spicy and cheap under 200,118,30,150,very spicy,1,0
38,mild non spicy food for kids,339,85,150,very spicy,1,1
38,mild non spicy food for kids,641,161,150,very spicy,1,1
38,mild non spicy food for kids,643,161,150,very spicy,0,0
38,mild non spicy food for kids,447,112,150,very spicy,1,1
38,mild non spicy food for kids,472,118,150,very spicy,0,0
38,mild non spicy food for kids,52,13,150,very spicy,1,0
38,mild non spicy food for kids,633,159,150,very spicy,1,1
38,mild non spicy food for kids,384,96,150,very spicy,0,0
38,mild non spicy food for kids,702,176,150,very spicy,1,1
38,mild non spicy food for kids,449,113,150,very spicy,0,0
38,something spicy and cheap under 200,514,129,150,very spicy,0,0
38,something spicy and cheap under 200,529,133,150,very spicy,1,1
38,something spicy and cheap under 200,11,3,150,very spicy,0,0
38,something spicy and cheap under 200,14,4,150,very spicy,0,0
38,something spicy and cheap under 200,671,168,150,very spicy,1,0
38,something spicy and cheap under 200,375,94,150,very spicy,0,0
38,something spicy and cheap under 200,662,166,150,very spicy,1,0
38,something spicy and cheap under 200,168,42,150,very spicy,1,0
38,something spicy and cheap under 200,12,3,150,very spicy,1,0
38,something spicy and cheap under 200,600,150,150,very spicy,1,0
38,healthy light dinner option,42,11,150,very spicy,0,0
38,healthy light dinner option,676,169,150,very spicy,1,1
38,healthy light dinner option,640,160,150,very spicy,0,0
38,healthy light dinner option,728,182,150,very spicy,1,1
38,healthy light dinner option,678,170,150,very spicy,1,0
38,healthy light dinner option,537,135,150,very spicy,1,1
38,healthy light dinner option,774,194,150,very spicy,1,0
38,healthy light dinner option,625,157,150,very spicy,1,1
38,healthy light dinner option,536,134,150,very spicy,0,0
38,healthy light dinner option,523,131,150,very spicy,0,0
38,something spicy and cheap under 200,225,57,150,very spicy,1,1
38,something spicy and cheap under 200,627,157,150,very spicy,1,0
38,something spicy and cheap under 200,39,10,150,very spicy,0,0
38,something spicy and cheap under 200,219,55,150,very spicy,0,0
38,something spicy and cheap under 200,227,57,150,very spicy,1,0
38,something spicy and cheap under 200,7,2,150,very spicy,1,0
38,something spicy and cheap under 200,57,15,150,very spicy,0,0
38,something spicy and cheap under 200,478,120,150,very spicy,0,0
38,something spicy and cheap under 200,497,125,150,very spicy,1,0
38,something spicy and cheap under 200,339,85,150,very spicy,1,0
38,sweet dessert to end the meal,89,23,150,very spicy,1,1
38,sweet dessert to end the meal,532,133,150,very spicy,0,0
38,sweet dessert to end the meal,499,125,150,very spicy,1,0
38,sweet dessert to end the meal,97,25,150,very spicy,1,0
38,sweet dessert to end the meal,493,124,150,very spicy,1,1
38,sweet dessert to end the meal,435,109,150,very spicy,1,0
38,sweet dessert to end the meal,440,110,150,very spicy,1,1
38,sweet dessert to end the meal,153,39,150,very spicy,1,1
38,sweet dessert to end the meal,44,11,150,very spicy,1,0
38,sweet dessert to end the meal,767,192,150,very spicy,0,0
38,something spicy and cheap under 200,382,96,150,very spicy,0,0
38,something spicy and cheap under 200,302,76,150,very spicy,1,0
38,something spicy and cheap under 200,296,74,150,very spicy,1,1
38,something spicy and cheap under 200,197,50,150,very spicy,0,0
38,something spicy and cheap under 200,672,168,150,very spicy,1,0
38,something spicy and cheap under 200,164,41,150,very spicy,1,1
38,something spicy and cheap under 200,102,26,150,very spicy,1,0
38,something spicy and cheap under 200,679,170,150,very spicy,0,0
38,something spicy and cheap under 200,436,109,150,very spicy,1,0
38,something spicy and cheap under 200,529,133,150,very spicy,0,0
39,street food cravings,356,89,150,mild,0,0
39,street food cravings,611,153,150,mild,1,0
39,street food cravings,797,200,150,mild,1,0
39,street food cravings,83,21,150,mild,0,0
39,street food cravings,783,196,150,mild,0,0
39,street food cravings,547,137,150,mild,0,0
39,street food cravings,201,51,150,mild,1,1
39,street food cravings,703,176,150,mild,0,0
39,street food cravings,761,191,150,mild,1,0
39,street food cravings,319,80,150,mild,1,0
39,street food cravings,72,18,150,mild,0,0
39,street food cravings,66,17,150,mild,1,1
39,street food cravings,401,101,150,mild,0,0
39,street food cravings,609,153,150,mild,1,1
39,street food cravings,14,4,150,mild,0,0
39,street food cravings,481,121,150,mild,1,0
39,street food cravings,477,120,150,mild,1,0
39,street food cravings,305,77,150,mild,1,0
39,street food cravings,544,136,150,mild,1,0
39,street food cravings,776,194,150,mild,1,1
39,cheesy comfort food,407,102,150,mild,1,1
39,cheesy comfort food,169,43,150,mild,0,0
39,cheesy comfort food,430,108,150,mild,1,0
39,cheesy comfort food,603,151,150,mild,0,0
39,cheesy comfort food,47,12,150,mild,1,1
39,cheesy comfort food,799,200,150,mild,1,0
39,cheesy comfort food,469,118,150,mild,0,0
39,cheesy comfort food,116,29,150,mild,1,1
39,cheesy comfort food,194,49,150,mild,1,0
39,cheesy comfort food,762,191,150,mild,0,0
39,vegan friendly dinner,122,31,150,mild,0,0
39,vegan friendly dinner,56,14,150,mild,0,0
39,vegan friendly dinner,659,165,150,mild,1,1
39,vegan friendly dinner,297,75,150,mild,1,0
39,vegan friendly dinner,266,67,150,mild,0,0
39,vegan friendly dinner,346,87,150,mild,0,0
39,vegan friendly dinner,449,113,150,mild,0,0
39,vegan friendly dinner,593,149,150,mild,1,1
39,vegan friendly dinner,354,89,150,mild,1,0
39,vegan friendly dinner,216,54,150,mild,1,1
39,healthy light dinner option,363,91,150,mild,1,1
39,healthy light dinner option,382,96,150,mild,1,0
39,healthy light dinner option,774,194,150,mild,1,0
39,healthy light dinner option,278,70,150,mild,1,0
39,healthy light dinner option,271,68,150,mild,0,0
39,healthy light dinner option,560,140,150,mild,0,0
39,healthy light dinner option,187,47,150,mild,0,0
39,healthy light dinner option,539,135,150,mild,0,0
39,healthy light dinner option,449,113,150,mild,0,0
39,healthy light dinner option,403,101,150,mild,0,0
39,sweet dessert to end the meal,143,36,150,mild,0,0
39,sweet dessert to end the meal,47,12,150,mild,1,1
39,sweet dessert to end the meal,358,90,150,mild,1,0
39,sweet dessert to end the meal,665,167,150,mild,0,0
39,sweet dessert to end the meal,32,8,150,mild,0,0
39,sweet dessert to end the meal,227,57,150,mild,1,0
39,sweet dessert to end the meal,188,47,150,mild,1,0
39,sweet dessert to end the meal,640,160,150,mild,1,1
39,sweet dessert to end the meal,25,7,150,mild,1,0
39,sweet dessert to end the meal,265,67,150,mild,0,0
39,vegan friendly dinner,706,177,150,mild,0,0
39,vegan friendly dinner,249,63,150,mild,0,0
39,vegan friendly dinner,68,17,150,mild,1,1
39,vegan friendly dinner,788,197,150,mild,1,0
39,vegan friendly dinner,532,133,150,mild,1,0
39,vegan friendly dinner,90,23,150,mild,1,1
39,vegan friendly dinner,775,194,150,mild,1,0
39,vegan friendly dinner,534,134,150,mild,1,1
39,vegan friendly dinner,577,145,150,mild,1,0
39,vegan friendly dinner,117,30,150,mild,0,0
39,cheesy comfort food,681,171,150,mild,1,0
39,cheesy comfort food,593,149,150,mild,0,0
39,cheesy comfort food,611,153,150,mild,1,1
39,cheesy comfort food,656,164,150,mild,1,0
39,cheesy comfort food,649,163,150,mild,1,1
39,cheesy comfort food,625,157,150,mild,1,1
39,cheesy comfort food,688,172,150,mild,1,1
39,cheesy comfort food,792,198,150,mild,0,0
39,cheesy comfort food,582,146,150,mild,1,1
39,cheesy comfort food,135,34,150,mild,0,0
40,healthy light dinner option,316,79,150,medium,1,0
40,healthy light dinner option,559,140,150,medium,0,0
40,healthy light dinner option,413,104,150,medium,0,0
40,healthy light dinner option,241,61,150,medium,1,1
40,healthy light dinner option,292,73,150,medium,0,0
40,healthy light dinner option,104,26,150,medium,0,0
40,healthy light dinner option,556,139,150,medium,1,1
40,healthy light dinner option,102,26,150,medium,1,0
40,healthy light dinner option,184,46,150,medium,1,1
40,healthy light dinner option,351,88,150,medium,1,0
40,something spicy and cheap under 200,51,13,150,medium,1,0
40,something spicy and cheap under 200,744,186,150,medium,1,1
40,something spicy and cheap under 200,697,175,150,medium,1,1
40,something spicy and cheap under 200,593,149,150,medium,0,0
40,something spicy and cheap under 200,753,189,150,medium,1,1
40,something spicy and cheap under 200,421,106,150,medium,0,0
40,something spicy and cheap under 200,760,190,150,medium,0,0
40,something spicy and cheap under 200,423,106,150,medium,0,0
40,something spicy and cheap under 200,271,68,150,medium,1,0
40,something spicy and cheap under 200,747,187,150,medium,0,0
40,quick breakfast idea,467,117,150,medium,0,0
40,quick breakfast idea,719,180,150,medium,1,0
40,quick breakfast idea,246,62,150,medium,1,1
40,quick breakfast idea,27,7,150,medium,1,0
40,quick breakfast idea,734,184,150,medium,1,1
40,quick breakfast idea,675,169,150,medium,1,0
40,quick breakfast idea,123,31,150,medium,1,0
40,quick breakfast idea,393,99,150,medium,0,0
40,quick breakfast idea,111,28,150,medium,1,0
40,quick breakfast idea,292,73,150,medium,1,0
40,quick breakfast idea,112,28,150,medium,1,1
40,quick breakfast idea,773,194,150,medium,0,0
40,quick breakfast idea,234,59,150,medium,0,0
40,quick breakfast idea,424,106,150,medium,1,1
40,quick breakfast idea,92,23,150,medium,1,1
40,quick breakfast idea,336,84,150,medium,1,0
40,quick breakfast idea,778,195,150,medium,1,0
40,quick breakfast idea,735,184,150,medium,0,0
40,quick breakfast idea,665,167,150,medium,0,0
40,quick breakfast idea,8,2,150,medium,1,0
40,cheesy comfort food,585,147,150,medium,1,0
40,cheesy comfort food,730,183,150,medium,1,1
40,cheesy comfort food,535,134,150,medium,1,1
40,cheesy comfort food,626,157,150,medium,1,1
40,cheesy comfort food,267,67,150,medium,1,0
40,cheesy comfort food,398,100,150,medium,1,0
40,cheesy comfort food,144,36,150,medium,1,0
40,cheesy comfort food,764,191,150,medium,0,0
40,cheesy comfort food,145,37,150,medium,1,0
40,cheesy comfort food,460,115,150,medium,0,0
40,mild non spicy food for kids,176,44,150,medium,0,0
40,mild non spicy food for kids,147,37,150,medium,0,0
40,mild non spicy food for kids,295,74,150,medium,1,1
40,mild non spicy food for kids,56,14,150,medium,1,1
40,mild non spicy food for kids,121,31,150,medium,0,0
40,mild non spicy food for kids,533,134,150,medium,0,0
40,mild non spicy food for kids,123,31,150,medium,1,1
40,mild non spicy food for kids,436,109,150,medium,0,0
40,mild non spicy food for kids,594,149,150,medium,1,1
40,mild non spicy food for kids,605,152,150,medium,0,0
40,healthy light dinner option,561,141,150,medium,0,0
40,healthy light dinner option,248,62,150,medium,1,1
40,healthy light dinner option,571,143,150,medium,1,1
40,healthy light dinner option,298,75,150,medium,0,0
40,healthy light dinner option,40,10,150,medium,0,0
40,healthy light dinner option,605,152,150,medium,0,0
40,healthy light dinner option,92,23,150,medium,0,0
40,healthy light dinner option,76,19,150,medium,1,0
40,healthy light dinner option,634,159,150,medium,0,0
40,healthy light dinner option,399,100,150,medium,0,0
40,mild non spicy food for kids,800,200,150,medium,1,1
40,mild non spicy food for kids,205,52,150,medium,1,1
40,mild non spicy food for kids,640,160,150,medium,1,1
40,mild non spicy food for kids,293,74,150,medium,1,1
40,mild non spicy food for kids,697,175,150,medium,0,0
40,mild non spicy food for kids,219,55,150,medium,1,1
40,mild non spicy food for kids,261,66,150,medium,1,0
40,mild non spicy food for kids,422,106,150,medium,1,1
40,mild non spicy food for kids,109,28,150,medium,0,0
40,mild non spicy food for kids,386,97,150,medium,0,0
41,street food cravings,673,169,350,very spicy,1,1
41,street food cravings,194,49,350,very spicy,1,1
41,street food cravings,380,95,350,very spicy,0,0
41,street food cravings,66,17,350,very spicy,1,0
41,street food cravings,33,9,350,very spicy,1,1
41,street food cravings,24,6,350,very spicy,1,1
41,street food cravings,787,197,350,very spicy,1,0
41,street food cravings,258,65,350,very spicy,0,0
41,street food cravings,22,6,350,very spicy,1,0
41,street food cravings,584,146,350,very spicy,0,0
41,cold coffee and snacks,375,94,350,very spicy,1,0
41,cold coffee and snacks,161,41,350,very spicy,1,1
41,cold coffee and snacks,460,115,350,very spicy,1,1
41,cold coffee and snacks,770,193,350,very spicy,1,1
41,cold coffee and snacks,206,52,350,very spicy,0,0
41,cold coffee and snacks,684,171,350,very spicy,1,0
41,cold coffee and snacks,388,97,350,very spicy,1,0
41,cold coffee and snacks,45,12,350,very spicy,1,1
41,cold coffee and snacks,352,88,350,very spicy,1,1
41,cold coffee and snacks,591,148,350,very spicy,1,0
41,healthy light dinner option,9,3,350,very spicy,1,0
41,healthy light dinner option,145,37,350,very spicy,1,1
41,healthy light dinner option,304,76,350,very spicy,1,1
41,healthy light dinner option,446,112,350,very spicy,1,0
41,healthy light dinner option,588,147,350,very spicy,1,0
41,healthy light dinner option,288,72,350,very spicy,1,0
41,healthy light dinner option,111,28,350,very spicy,1,1
41,healthy light dinner option,636,159,350,very spicy,1,0
41,healthy light dinner option,581,146,350,very spicy,1,0
41,healthy light dinner option,395,99,350,very spicy,1,1
41,vegan friendly dinner,493,124,350,very spicy,1,1
41,vegan friendly dinner,328,82,350,very spicy,0,0
41,vegan friendly dinner,235,59,350,very spicy,1,0
41,vegan friendly dinner,289,73,350,very spicy,1,1
41,vegan friendly dinner,68,17,350,very spicy,1,0
41,vegan friendly dinner,724,181,350,very spicy,1,1
41,vegan friendly dinner,115,29,350,very spicy,0,0
41,vegan friendly dinner,635,159,350,very spicy,1,0
41,vegan friendly dinner,584,146,350,very spicy,1,0
41,vegan friendly dinner,564,141,350,very spicy,0,0
41,biryani under 300 rupees,584,146,350,very spicy,1,1
41,biryani under 300 rupees,776,194,350,very spicy,1,0
41,biryani under 300 rupees,469,118,350,very spicy,0,0
41,biryani under 300 rupees,174,44,350,very spicy,1,0
41,biryani under 300 rupees,230,58,350,very spicy,1,0
41,biryani under 300 rupees,797,200,350,very spicy,1,0
41,biryani under 300 rupees,453,114,350,very spicy,1,0
41,biryani under 300 rupees,774,194,350,very spicy,1,1
41,biryani under 300 rupees,244,61,350,very spicy,1,0
41,biryani under 300 rupees,338,85,350,very spicy,1,0
41,mild non spicy food for kids,197,50,350,very spicy,1,0
41,mild non spicy food for kids,27,7,350,very spicy,1,0
41,mild non spicy food for kids,390,98,350,very spicy,0,0
41,mild non spicy food for kids,448,112,350,very spicy,1,1
41,mild non spicy food for kids,497,125,350,very spicy,1,0
41,mild non spicy food for kids,534,134,350,very spicy,1,0
41,mild non spicy food for kids,282,71,350,very spicy,1,0
41,mild non spicy food for kids,677,170,350,very spicy,1,0
41,mild non spicy food for kids,8,2,350,very spicy,1,0
41,mild non spicy food for kids,720,180,350,very spicy,1,0
41,biryani under 300 rupees,454,114,350,very spicy,0,0
41,biryani under 300 rupees,621,156,350,very spicy,1,0
41,biryani under 300 rupees,317,80,350,very spicy,1,0
41,biryani under 300 rupees,717,180,350,very spicy,1,0
41,biryani under 300 rupees,99,25,350,very spicy,1,0
41,biryani under 300 rupees,299,75,350,very spicy,0,0
41,biryani under 300 rupees,270,68,350,very spicy,1,0
41,biryani under 300 rupees,568,142,350,very spicy,0,0
41,biryani under 300 rupees,532,133,350,very spicy,0,0
41,biryani under 300 rupees,688,172,350,very spicy,1,1
41,vegan friendly dinner,303,76,350,very spicy,1,0
41,vegan friendly dinner,400,100,350,very spicy,1,0
41,vegan friendly dinner,432,108,350,very spicy,1,0
41,vegan friendly dinner,156,39,350,very spicy,1,0
41,vegan friendly dinner,269,68,350,very spicy,1,1
41,vegan friendly dinner,762,191,350,very spicy,1,0
41,vegan friendly dinner,391,98,350,very spicy,1,0
41,vegan friendly dinner,558,140,350,very spicy,1,1
41,vegan friendly dinner,441,111,350,very spicy,1,1
41,vegan friendly dinner,588,147,350,very spicy,1,0
42,mild non spicy food for kids,418,105,150,very spicy,1,0
42,mild non spicy food for kids,745,187,150,very spicy,1,0
42,mild non spicy food for kids,544,136,150,very spicy,0,0
42,mild non spicy food for kids,141,36,150,very spicy,0,0
42,mild non spicy food for kids,732,183,150,very spicy,1,1
42,mild non spicy food for kids,148,37,150,very spicy,1,1
42,mild non spicy food for kids,436,109,150,very spicy,0,0
42,mild non spicy food for kids,568,142,150,very spicy,1,1
42,mild non spicy food for kids,431,108,150,very spicy,1,0
42,mild non spicy food for kids,329,83,150,very spicy,1,0
42,cold coffee and snacks,713,179,150,very spicy,1,0
42,cold coffee and snacks,762,191,150,very spicy,0,0
42,cold coffee and snacks,528,132,150,very spicy,1,1
42,cold coffee and snacks,648,162,150,very spicy,1,0
42,cold coffee and snacks,717,180,150,very spicy,0,0
42,cold coffee and snacks,230,58,150,very spicy,0,0
42,cold coffee and snacks,67,17,150,very spicy,1,1
42,cold coffee and snacks,605,152,150,very spicy,1,0
42,cold coffee and snacks,551,138,150,very spicy,0,0
42,cold coffee and snacks,570,143,150,very spicy,1,1
42,vegan friendly dinner,216,54,150,very spicy,1,0
42,vegan friendly dinner,29,8,150,very spicy,0,0
42,vegan friendly dinner,73,19,150,very spicy,1,0
42,vegan friendly dinner,619,155,150,very spicy,0,0
42,vegan friendly dinner,782,196,150,very spicy,1,1
42,vegan friendly dinner,318,80,150,very spicy,1,1
42,vegan friendly dinner,566,142,150,very spicy,0,0
42,vegan friendly dinner,515,129,150,very spicy,0,0
42,vegan friendly dinner,596,149,150,very spicy,1,0
42,vegan friendly dinner,746,187,150,very spicy,1,0
42,sweet dessert to end the meal,452,113,150,very spicy,1,1
42,sweet dessert to end the meal,218,55,150,very spicy,1,0
42,sweet dessert to end the meal,118,30,150,very spicy,0,0
42,sweet dessert to end the meal,303,76,150,very spicy,0,0
42,sweet dessert to end the meal,87,22,150,very spicy,0,0
42,sweet dessert to end the meal,697,175,150,very spicy,1,1
42,sweet dessert to end the meal,209,53,150,very spicy,0,0
42,sweet dessert to end the meal,367,92,150,very spicy,1,0
42,sweet dessert to end the meal,84,21,150,very spicy,0,0
42,sweet dessert to end the meal,787,197,150,very spicy,0,0
42,something spicy and cheap under 200,268,67,150,very spicy,0,0
42,something spicy and cheap under 200,54,14,150,very spicy,1,1
42,something spicy and cheap under 200,568,142,150,very spicy,1,1
42,something spicy and cheap under 200,771,193,150,very spicy,1,0
42,something spicy and cheap under 200,117,30,150,very spicy,0,0
42,something spicy and cheap under 200,277,70,150,very spicy,1,0
42,something spicy and cheap under 200,628,157,150,very spicy,0,0
42,something spicy and cheap under 200,714,179,150,very spicy,1,0
42,something spicy and cheap under 200,115,29,150,very spicy,0,0
42,something spicy and cheap under 200,118,30,150,very spicy,0,0
42,vegan friendly dinner,498,125,150,very spicy,1,0
42,vegan friendly dinner,167,42,150,very spicy,0,0
42,vegan friendly dinner,628,157,150,very spicy,0,0
42,vegan friendly dinner,558,140,150,very spicy,1,0
42,vegan friendly dinner,275,69,150,very spicy,0,0
42,vegan friendly dinner,372,93,150,very spicy,1,1
42,vegan friendly dinner,355,89,150,very spicy,1,0
42,vegan friendly dinner,378,95,150,very spicy,1,0
42,vegan friendly dinner,720,180,150,very spicy,0,0
42,vegan friendly dinner,727,182,150,very spicy,0,0
42,healthy light dinner option,91,23,150,very spicy,0,0
42,healthy light dinner option,495,124,150,very spicy,1,1
42,healthy light dinner option,673,169,150,very spicy,0,0
42,healthy light dinner option,678,170,150,very spicy,1,0
42,healthy light dinner option,441,111,150,very spicy,1,0
42,healthy light dinner option,555,139,150,very spicy,1,0
42,healthy light dinner option,97,25,150,very spicy,1,1
42,healthy light dinner option,149,38,150,very spicy,1,0
42,healthy light dinner option,525,132,150,very spicy,0,0
42,healthy light dinner option,509,128,150,very spicy,0,0
42,sweet dessert to end the meal,307,77,150,very spicy,0,0
42,sweet dessert to end the meal,81,21,150,very spicy,0,0
42,sweet dessert to end the meal,483,121,150,very spicy,1,0
42,sweet dessert to end the meal,320,80,150,very spicy,1,1
42,sweet dessert to end the meal,481,121,150,very spicy,1,1
42,sweet dessert to end the meal,789,198,150,very spicy,1,0
42,sweet dessert to end the meal,323,81,150,very spicy,1,1
42,sweet dessert to end the meal,135,34,150,very spicy,0,0
42,sweet dessert to end the meal,604,151,150,very spicy,0,0
42,sweet dessert to end the meal,339,85,150,very spicy,1,0
43,quick breakfast idea,486,122,500,spicy,0,0
43,quick breakfast idea,280,70,500,spicy,1,0
43,quick breakfast idea,38,10,500,spicy,1,1
43,quick breakfast idea,384,96,500,spicy,1,0
43,quick breakfast idea,786,197,500,spicy,1,0
43,quick breakfast idea,392,98,500,spicy,1,0
43,quick breakfast idea,63,16,500,spicy,1,0
43,quick breakfast idea,588,147,500,spicy,1,0
43,quick breakfast idea,255,64,500,spicy,1,0
43,quick breakfast idea,88,22,500,spicy,1,1
43,biryani under 300 rupees,689,173,500,spicy,1,0
43,biryani under 300 rupees,106,27,500,spicy,1,0
43,biryani under 300 rupees,452,113,500,spicy,1,0
43,biryani under 300 rupees,301,76,500,spicy,1,0
43,biryani under 300 rupees,61,16,500,spicy,1,0
43,biryani under 300 rupees,163,41,500,spicy,1,1
43,biryani under 300 rupees,423,106,500,spicy,1,0
43,biryani under 300 rupees,357,90,500,spicy,1,1
43,biryani under 300 rupees,286,72,500,spicy,1,0
43,biryani under 300 rupees,156,39,500,spicy,0,0
43,biryani under 300 rupees,152,38,500,spicy,1,1
43,biryani under 300 rupees,676,169,500,spicy,1,0
43,biryani under 300 rupees,246,62,500,spicy,1,1
43,biryani under 300 rupees,755,189,500,spicy,1,1
43,biryani under 300 rupees,430,108,500,spicy,1,1
43,biryani under 300 rupees,251,63,500,spicy,0,0
43,biryani under 300 rupees,436,109,500,spicy,1,1
43,biryani under 300 rupees,787,197,500,spicy,1,0
43,biryani under 300 rupees,240,60,500,spicy,1,0
43,biryani under 300 rupees,262,66,500,spicy,1,0
43,healthy light dinner option,791,198,500,spicy,1,1
43,healthy light dinner option,777,195,500,spicy,1,0
43,healthy light dinner option,166,42,500,spicy,1,0
43,healthy light dinner option,544,136,500,spicy,1,0
43,healthy light dinner option,532,133,500,spicy,1,0
43,healthy light dinner option,660,165,500,spicy,1,0
43,healthy light dinner option,9,3,500,spicy,0,0
43,healthy light dinner option,491,123,500,spicy,1,0
43,healthy light dinner option,349,88,500,spicy,1,0
43,healthy light dinner option,207,52,500,spicy,0,0
43,vegan friendly dinner,440,110,500,spicy,1,0
43,vegan friendly dinner,347,87,500,spicy,1,0
43,vegan friendly dinner,132,33,500,spicy,0,0
43,vegan friendly dinner,447,112,500,spicy,1,1
43,vegan friendly dinner,747,187,500,spicy,1,0
43,vegan friendly dinner,112,28,500,spicy,1,0
43,vegan friendly dinner,81,21,500,spicy,1,0
43,vegan friendly dinner,647,162,500,spicy,1,0
43,vegan friendly dinner,513,129,500,spicy,0,0
43,vegan friendly dinner,684,171,500,spicy,0,0
43,something spicy and cheap under 200,375,94,500,spicy,1,1
43,something spicy and cheap under 200,552,138,500,spicy,1,1
43,something spicy and cheap under 200,95,24,500,spicy,1,0
43,something spicy and cheap under 200,36,9,500,spicy,0,0
43,something spicy and cheap under 200,731,183,500,spicy,0,0
43,something spicy and cheap under 200,491,123,500,spicy,0,0
43,something spicy and cheap under 200,40,10,500,spicy,0,0
43,something spicy and cheap under 200,272,68,500,spicy,1,0
43,something spicy and cheap under 200,521,131,500,spicy,0,0
43,something spicy and cheap under 200,697,175,500,spicy,1,0
43,cold coffee and snacks,619,155,500,spicy,1,0
43,cold coffee and snacks,601,151,500,spicy,1,0
43,cold coffee and snacks,602,151,500,spicy,1,0
43,cold coffee and snacks,165,42,500,spicy,1,1
43,cold coffee and snacks,300,75,500,spicy,1,0
43,cold coffee and snacks,66,17,500,spicy,0,0
43,cold coffee and snacks,693,174,500,spicy,1,0
43,cold coffee and snacks,487,122,500,spicy,1,0
43,cold coffee and snacks,110,28,500,spicy,1,0
43,cold coffee and snacks,176,44,500,spicy,1,0
43,healthy light dinner option,439,110,500,spicy,0,0
43,healthy light dinner option,539,135,500,spicy,1,0
43,healthy light dinner option,177,45,500,spicy,1,0
43,healthy light dinner option,244,61,500,spicy,1,1
43,healthy light dinner option,354,89,500,spicy,1,0
43,healthy light dinner option,398,100,500,spicy,1,1
43,healthy light dinner option,330,83,500,spicy,0,0
43,healthy light dinner option,501,126,500,spicy,0,0
43,healthy light dinner option,366,92,500,spicy,1,0
43,healthy light dinner option,250,63,500,spicy,1,1
44,healthy light dinner option,780,195,150,very spicy,1,0
44,healthy light dinner option,770,193,150,very spicy,1,1
44,healthy light dinner option,67,17,150,very spicy,0,0
44,healthy light dinner option,471,118,150,very spicy,0,0
44,healthy light dinner option,428,107,150,very spicy,0,0
44,healthy light dinner option,636,159,150,very spicy,0,0
44,healthy light dinner option,720,180,150,very spicy,0,0
44,healthy light dinner option,74,19,150,very spicy,0,0
44,healthy light dinner option,383,96,150,very spicy,1,1
44,healthy light dinner option,665,167,150,very spicy,0,0
44,biryani under 300 rupees,371,93,150,very spicy,1,0
44,biryani under 300 rupees,696,174,150,very spicy,1,1
44,biryani under 300 rupees,666,167,150,very spicy,0,0
44,biryani under 300 rupees,614,154,150,very spicy,1,1
44,biryani under 300 rupees,255,64,150,very spicy,1,0
44,biryani under 300 rupees,203,51,150,very spicy,1,1
44,biryani under 300 rupees,110,28,150,very spicy,0,0
44,biryani under 300 rupees,424,106,150,very spicy,1,1
44,biryani under 300 rupees,643,161,150,very spicy,1,0
44,biryani under 300 rupees,15,4,150,very spicy,1,1
44,street food cravings,429,108,150,very spicy,1,0
44,street food cravings,380,95,150,very spicy,1,0
44,street food cravings,22,6,150,very spicy,0,0
44,street food cravings,480,120,150,very spicy,1,1
44,street food cravings,620,155,150,very spicy,1,0
44,street food cravings,428,107,150,very spicy,0,0
44,street food cravings,552,138,150,very spicy,1,0
44,street food cravings,306,77,150,very spicy,0,0
44,street food cravings,295,74,150,very spicy,1,1
44,street food cravings,578,145,150,very spicy,1,0
44,cheesy comfort food,729,183,150,very spicy,0,0
44,cheesy comfort food,485,122,150,very spicy,1,1
44,cheesy comfort food,116,29,150,very spicy,0,0
44,cheesy comfort food,141,36,150,very spicy,0,0
44,cheesy comfort food,701,176,150,very spicy,0,0
44,cheesy comfort food,733,184,150,very spicy,1,0
44,cheesy comfort food,509,128,150,very spicy,1,0
44,cheesy comfort food,599,150,150,very spicy,1,1
44,cheesy comfort food,190,48,150,very spicy,1,1
44,cheesy comfort food,392,98,150,very spicy,0,0
44,vegan friendly dinner,737,185,150,very spicy,1,1
44,vegan friendly dinner,250,63,150,very spicy,1,1
44,vegan friendly dinner,166,42,150,very spicy,0,0
44,vegan friendly dinner,655,164,150,very spicy,1,1
44,vegan friendly dinner,320,80,150,very spicy,1,0
44,vegan friendly dinner,741,186,150,very spicy,1,0
44,vegan friendly dinner,536,134,150,very spicy,0,0
44,vegan friendly dinner,632,158,150,very spicy,1,0
44,vegan friendly dinner,177,45,150,very spicy,0,0
44,vegan friendly dinner,660,165,150,very spicy,1,0
44,vegan friendly dinner,473,119,150,very spicy,1,0
44,vegan friendly dinner,738,185,150,very spicy,1,0
44,vegan friendly dinner,283,71,150,very spicy,1,0
44,vegan friendly dinner,137,35,150,very spicy,1,0
44,vegan friendly dinner,787,197,150,very spicy,1,1
44,vegan friendly dinner,39,10,150,very spicy,1,0
44,vegan friendly dinner,261,66,150,very spicy,1,0
44,vegan friendly dinner,228,57,150,very spicy,0,0
44,vegan friendly dinner,317,80,150,very spicy,0,0
44,vegan friendly dinner,244,61,150,very spicy,0,0
44,street food cravings,112,28,150,very spicy,1,0
44,street food cravings,334,84,150,very spicy,1,0
44,street food cravings,328,82,150,very spicy,1,0
44,street food cravings,656,164,150,very spicy,1,0
44,street food cravings,325,82,150,very spicy,1,0
44,street food cravings,363,91,150,very spicy,0,0
44,street food cravings,3,1,150,very spicy,1,0
44,street food cravings,319,80,150,very spicy,1,1
44,street food cravings,723,181,150,very spicy,0,0
44,street food cravings,787,197,150,very spicy,0,0
44,healthy light dinner option,649,163,150,very spicy,0,0
44,healthy light dinner option,315,79,150,very spicy,1,0
44,healthy light dinner option,690,173,150,very spicy,1,0
44,healthy light dinner option,636,159,150,very spicy,0,0
44,healthy light dinner option,251,63,150,very spicy,1,0
44,healthy light dinner option,609,153,150,very spicy,1,0
44,healthy light dinner option,374,94,150,very spicy,1,1
44,healthy light dinner option,468,117,150,very spicy,1,1
44,healthy light dinner option,132,33,150,very spicy,0,0
44,healthy light dinner option,39,10,150,very spicy,1,1
45,sweet dessert to end the meal,73,19,500,very spicy,1,0
45,sweet dessert to end the meal,247,62,500,very spicy,1,0
45,sweet dessert to end the meal,734,184,500,very spicy,1,0
45,sweet dessert to end the meal,460,115,500,very spicy,0,0
45,sweet dessert to end the meal,525,132,500,very spicy,1,0
45,sweet dessert to end the meal,31,8,500,very spicy,0,0
45,sweet dessert to end the meal,513,129,500,very spicy,0,0
45,sweet dessert to end the meal,446,112,500,very spicy,1,1
45,sweet dessert to end the meal,7,2,500,very spicy,1,1
45,sweet dessert to end the meal,129,33,500,very spicy,1,1
45,street food cravings,783,196,500,very spicy,1,0
45,street food cravings,752,188,500,very spicy,1,0
45,street food cravings,320,80,500,very spicy,0,0
45,street food cravings,435,109,500,very spicy,1,1
45,street food cravings,175,44,500,very spicy,1,0
45,street food cravings,15,4,500,very spicy,1,0
45,street food cravings,536,134,500,very spicy,1,1
45,street food cravings,84,21,500,very spicy,0,0
45,street food cravings,7,2,500,very spicy,1,1
45,street food cravings,558,140,500,very spicy,1,0
45,sweet dessert to end the meal,13,4,500,very spicy,1,1
45,sweet dessert to end the meal,110,28,500,very spicy,1,0
45,sweet dessert to end the meal,148,37,500,very spicy,1,0
45,sweet dessert to end the meal,188,47,500,very spicy,0,0
45,sweet dessert to end the meal,86,22,500,very spicy,1,1
45,sweet dessert to end the meal,407,102,500,very spicy,1,1
45,sweet dessert to end the meal,132,33,500,very spicy,1,1
45,sweet dessert to end the meal,329,83,500,very spicy,0,0
45,sweet dessert to end the meal,408,102,500,very spicy,1,0
45,sweet dessert to end the meal,792,198,500,very spicy,1,0
45,biryani under 300 rupees,464,116,500,very spicy,1,1
45,biryani under 300 rupees,757,190,500,very spicy,0,0
45,biryani under 300 rupees,589,148,500,very spicy,1,0
45,biryani under 300 rupees,487,122,500,very spicy,1,1
45,biryani under 300 rupees,134,34,500,very spicy,0,0
45,biryani under 300 rupees,330,83,500,very spicy,1,0
45,biryani under 300 rupees,231,58,500,very spicy,1,0
45,biryani under 300 rupees,121,31,500,very spicy,0,0
45,biryani under 300 rupees,620,155,500,very spicy,1,0
45,biryani under 300 rupees,453,114,500,very spicy,1,0
45,cold coffee and snacks,715,179,500,very spicy,1,0
45,cold coffee and snacks,653,164,500,very spicy,1,1
45,cold coffee and snacks,520,130,500,very spicy,1,1
45,cold coffee and snacks,475,119,500,very spicy,1,0
45,cold coffee and snacks,705,177,500,very spicy,1,0
45,cold coffee and snacks,757,190,500,very spicy,0,0
45,cold coffee and snacks,396,99,500,very spicy,1,0
45,cold coffee and snacks,40,10,500,very spicy,1,0
45,cold coffee and snacks,543,136,500,very spicy,1,1
45,cold coffee and snacks,365,92,500,very spicy,1,1
45,street food cravings,84,21,500,very spicy,1,0
45,street food cravings,666,167,500,very spicy,1,0
45,street food cravings,71,18,500,very spicy,1,0
45,street food cravings,40,10,500,very spicy,1,0
45,street food cravings,50,13,500,very spicy,1,1
45,street food cravings,361,91,500,very spicy,1,1
45,street food cravings,139,35,500,very spicy,1,0
45,street food cravings,601,151,500,very spicy,1,0
45,street food cravings,622,156,500,very spicy,1,1
45,street food cravings,204,51,500,very spicy,1,0
45,cold coffee and snacks,794,199,500,very spicy,1,0
45,cold coffee and snacks,291,73,500,very spicy,1,1
45,cold coffee and snacks,570,143,500,very spicy,1,0
45,cold coffee and snacks,539,135,500,very spicy,1,1
45,cold coffee and snacks,527,132,500,very spicy,1,0
45,cold coffee and snacks,213,54,500,very spicy,1,0
45,cold coffee and snacks,431,108,500,very spicy,0,0
45,cold coffee and snacks,257,65,500,very spicy,1,0
45,cold coffee and snacks,663,166,500,very spicy,1,0
45,cold coffee and snacks,27,7,500,very spicy,1,1
45,sweet dessert to end the meal,598,150,500,very spicy,1,0
45,sweet dessert to end the meal,616,154,500,very spicy,1,0
45,sweet dessert to end the meal,233,59,500,very spicy,1,1
45,sweet dessert to end the meal,74,19,500,very spicy,1,0
45,sweet dessert to end the meal,541,136,500,very spicy,1,0
45,sweet dessert to end the meal,685,172,500,very spicy,0,0
45,sweet dessert to end the meal,225,57,500,very spicy,1,1
45,sweet dessert to end the meal,140,35,500,very spicy,0,0
45,sweet dessert to end the meal,737,185,500,very spicy,0,0
45,sweet dessert to end the meal,244,61,500,very spicy,1,0
46,healthy light dinner option,220,55,150,very spicy,0,0
46,healthy light dinner option,66,17,150,very spicy,1,0
46,healthy light dinner option,381,96,150,very spicy,0,0
46,healthy light dinner option,334,84,150,very spicy,1,0
46,healthy light dinner option,30,8,150,very spicy,0,0
46,healthy light dinner option,793,199,150,very spicy,1,0
46,healthy light dinner option,123,31,150,very spicy,1,0
46,healthy light dinner option,82,21,150,very spicy,1,1
46,healthy light dinner option,631,158,150,very spicy,1,0
46,healthy light dinner option,797,200,150,very spicy,1,0
46,cold coffee and snacks,381,96,150,very spicy,1,0
46,cold coffee and snacks,100,25,150,very spicy,1,0
46,cold coffee and snacks,287,72,150,very spicy,1,1
46,cold coffee and snacks,642,161,150,very spicy,0,0
46,cold coffee and snacks,203,51,150,very spicy,1,1
46,cold coffee and snacks,64,16,150,very spicy,1,1
46,cold coffee and snacks,132,33,150,very spicy,1,0
46,cold coffee and snacks,575,144,150,very spicy,0,0
46,cold coffee and snacks,472,118,150,very spicy,0,0
46,cold coffee and snacks,524,131,150,very spicy,1,0
46,quick breakfast idea,410,103,150,very spicy,0,0
46,quick breakfast idea,514,129,150,very spicy,0,0
46,quick breakfast idea,693,174,150,very spicy,1,0
46,quick breakfast idea,63,16,150,very spicy,0,0
46,quick breakfast idea,25,7,150,very spicy,0,0
46,quick breakfast idea,103,26,150,very spicy,1,0
46,quick breakfast idea,121,31,150,very spicy,0,0
46,quick breakfast idea,32,8,150,very spicy,1,1
46,quick breakfast idea,599,150,150,very spicy,1,1
46,quick breakfast idea,549,138,150,very spicy,1,0
46,cheesy comfort food,786,197,150,very spicy,1,1
46,cheesy comfort food,99,25,150,very spicy,0,0
46,cheesy comfort food,500,125,150,very spicy,1,0
46,cheesy comfort food,236,59,150,very spicy,0,0
46,cheesy comfort food,234,59,150,very spicy,1,1
46,cheesy comfort food,265,67,150,very spicy,0,0
46,cheesy comfort food,408,102,150,very spicy,1,0
46,cheesy comfort food,197,50,150,very spicy,1,1
46,cheesy comfort food,81,21,150,very spicy,1,0
46,cheesy comfort food,469,118,150,very spicy,1,0
46,healthy light dinner option,88,22,150,very spicy,1,0
46,healthy light dinner option,660,165,150,very spicy,1,1
46,healthy light dinner option,536,134,150,very spicy,1,0
46,healthy light dinner option,279,70,150,very spicy,1,0
46,healthy light dinner option,706,177,150,very spicy,0,0
46,healthy light dinner option,774,194,150,very spicy,1,0
46,healthy light dinner option,645,162,150,very spicy,1,1
46,healthy light dinner option,788,197,150,very spicy,1,0
46,healthy light dinner option,208,52,150,very spicy,0,0
46,healthy light dinner option,436,109,150,very spicy,1,0
46,something spicy and cheap under 200,689,173,150,very spicy,1,0
46,something spicy and cheap under 200,64,16,150,very spicy,0,0
46,something spicy and cheap under 200,432,108,150,very spicy,1,0
46,something spicy and cheap under 200,40,10,150,very spicy,0,0
46,something spicy and cheap under 200,733,184,150,very spicy,0,0
46,something spicy and cheap under 200,216,54,150,very spicy,1,0
46,something spicy and cheap under 200,428,107,150,very spicy,0,0
46,something spicy and cheap under 200,472,118,150,very spicy,0,0
46,something spicy and cheap under 200,661,166,150,very spicy,0,0
46,something spicy and cheap under 200,630,158,150,very spicy,0,0
46,cold coffee and snacks,58,15,150,very spicy,0,0
46,cold coffee and snacks,530,133,150,very spicy,0,0
46,cold coffee and snacks,299,75,150,very spicy,1,1
46,cold coffee and snacks,585,147,150,very spicy,1,1
46,cold coffee and snacks,371,93,150,very spicy,0,0
46,cold coffee and snacks,759,190,150,very spicy,1,0
46,cold coffee and snacks,689,173,150,very spicy,1,0
46,cold coffee and snacks,590,148,150,very spicy,1,1
46,cold coffee and snacks,254,64,150,very spicy,1,1
46,cold coffee and snacks,792,198,150,very spicy,0,0
46,something spicy and cheap under 200,397,100,150,very spicy,1,0
46,something spicy and cheap under 200,697,175,150,very spicy,1,1
46,something spicy and cheap under 200,209,53,150,very spicy,0,0
46,something spicy and cheap under 200,600,150,150,very spicy,1,1
46,something spicy and cheap under 200,122,31,150,very spicy,1,0
46,something spicy and cheap under 200,191,48,150,very spicy,1,0
46,something spicy and cheap under 200,641,161,150,very spicy,1,1
46,something spicy and cheap under 200,735,184,150,very spicy,1,0
46,something spicy and cheap under 200,232,58,150,very spicy,0,0
46,something spicy and cheap under 200,52,13,150,very spicy,1,0
47,cheesy comfort food,550,138,350,very spicy,1,1
47,cheesy comfort food,16,4,350,very spicy,1,1
47,cheesy comfort food,335,84,350,very spicy,1,0
47,cheesy comfort food,39,10,350,very spicy,1,1
47,cheesy comfort food,160,40,350,very spicy,1,0
47,cheesy comfort food,622,156,350,very spicy,0,0
47,cheesy comfort food,633,159,350,very spicy,1,0
47,cheesy comfort food,670,168,350,very spicy,1,1
47,cheesy comfort food,181,46,350,very spicy,1,0
47,cheesy comfort food,561,141,350,very spicy,0,0
47,street food cravings,601,151,350,very spicy,1,0
47,street food cravings,410,103,350,very spicy,1,1
47,street food cravings,94,24,350,very spicy,0,0
47,street food cravings,448,112,350,very spicy,0,0
47,street food cravings,678,170,350,very spicy,1,0
47,street food cravings,646,162,350,very spicy,1,1
47,street food cravings,2,1,350,very spicy,1,0
47,street food cravings,366,92,350,very spicy,0,0
47,street food cravings,573,144,350,very spicy,1,0
47,street food cravings,794,199,350,very spicy,1,1
47,healthy light dinner option,16,4,350,very spicy,1,1
47,healthy light dinner option,67,17,350,very spicy,1,1
47,healthy light dinner option,432,108,350,very spicy,1,0
47,healthy light dinner option,15,4,350,very spicy,0,0
47,healthy light dinner option,104,26,350,very spicy,0,0
47,healthy light dinner option,41,11,350,very spicy,1,0
47,healthy light dinner option,449,113,350,very spicy,1,0
47,healthy light dinner option,559,140,350,very spicy,0,0
47,healthy light dinner option,241,61,350,very spicy,1,0
47,healthy light dinner option,231,58,350,very spicy,1,0
47,healthy light dinner option,179,45,350,very spicy,1,1
47,healthy light dinner option,554,139,350,very spicy,1,0
47,healthy light dinner option,180,45,350,very spicy,0,0
47,healthy light dinner option,355,89,350,very spicy,1,0
47,healthy light dinner option,525,132,350,very spicy,1,0
47,healthy light dinner option,127,32,350,very spicy,0,0
47,healthy light dinner option,539,135,350,very spicy,1,1
47,healthy light dinner option,794,199,350,very spicy,1,0
47,healthy light dinner option,269,68,350,very spicy,0,0
47,healthy light dinner option,776,194,350,very spicy,1,0
47,mild non spicy food for kids,750,188,350,very spicy,1,1
47,mild non spicy food for kids,545,137,350,very spicy,1,0
47,mild non spicy food for kids,219,55,350,very spicy,1,0
47,mild non spicy food for kids,359,90,350,very spicy,0,0
47,mild non spicy food for kids,242,61,350,very spicy,0,0
47,mild non spicy food for kids,482,121,350,very spicy,1,1
47,mild non spicy food for kids,140,35,350,very spicy,1,0
47,mild non spicy food for kids,798,200,350,very spicy,0,0
47,mild non spicy food for kids,454,114,350,very spicy,1,0
47,mild non spicy food for kids,316,79,350,very spicy,1,0
47,cold coffee and snacks,466,117,350,very spicy,1,1
47,cold coffee and snacks,359,90,350,very spicy,1,0
47,cold coffee and snacks,606,152,350,very spicy,0,0
47,cold coffee and snacks,154,39,350,very spicy,0,0
47,cold coffee and snacks,149,38,350,very spicy,1,1
47,cold coffee and snacks,584,146,350,very spicy,0,0
47,cold coffee and snacks,797,200,350,very spicy,1,0
47,cold coffee and snacks,672,168,350,very spicy,1,0
47,cold coffee and snacks,188,47,350,very spicy,1,0
47,cold coffee and snacks,740,185,350,very spicy,1,1
47,sweet dessert to end the meal,188,47,350,very spicy,1,1
47,sweet dessert to end the meal,424,106,350,very spicy,1,1
47,sweet dessert to end the meal,442,111,350,very spicy,1,1
47,sweet dessert to end the meal,659,165,350,very spicy,1,0
47,sweet dessert to end the meal,679,170,350,very spicy,1,0
47,sweet dessert to end the meal,437,110,350,very spicy,1,0
47,sweet dessert to end the meal,155,39,350,very spicy,1,0
47,sweet dessert to end the meal,101,26,350,very spicy,1,0
47,sweet dessert to end the meal,291,73,350,very spicy,1,1
47,sweet dessert to end the meal,278,70,350,very spicy,1,0
47,cold coffee and snacks,330,83,350,very spicy,1,1
47,cold coffee and snacks,766,192,350,very spicy,1,0
47,cold coffee and snacks,616,154,350,very spicy,1,1
47,cold coffee and snacks,533,134,350,very spicy,0,0
47,cold coffee and snacks,147,37,350,very spicy,1,1
47,cold coffee and snacks,490,123,350,very spicy,0,0
47,cold coffee and snacks,193,49,350,very spicy,1,0
47,cold coffee and snacks,609,153,350,very spicy,1,0
47,cold coffee and snacks,524,131,350,very spicy,1,1
47,cold coffee and snacks,618,155,350,very spicy,1,0
48,mild non spicy food for kids,773,194,350,spicy,1,1
48,mild non spicy food for kids,595,149,350,spicy,0,0
48,mild non spicy food for kids,80,20,350,spicy,0,0
48,mild non spicy food for kids,8,2,350,spicy,1,1
48,mild non spicy food for kids,634,159,350,spicy,1,1
48,mild non spicy food for kids,586,147,350,spicy,1,0
48,mild non spicy food for kids,533,134,350,spicy,1,0
48,mild non spicy food for kids,725,182,350,spicy,1,0
48,mild non spicy food for kids,731,183,350,spicy,1,0
48,mild non spicy food for kids,318,80,350,spicy,0,0
48,something spicy and cheap under 200,654,164,350,spicy,0,0
48,something spicy and cheap under 200,447,112,350,spicy,1,0
48,something spicy and cheap under 200,409,103,350,spicy,1,0
48,something spicy and cheap under 200,416,104,350,spicy,1,1
48,something spicy and cheap under 200,792,198,350,spicy,1,0
48,something spicy and cheap under 200,176,44,350,spicy,1,1
48,something spicy and cheap under 200,511,128,350,spicy,0,0
48,something spicy and cheap under 200,695,174,350,spicy,0,0
48,something spicy and cheap under 200,178,45,350,spicy,1,0
48,something spicy and cheap under 200,533,134,350,spicy,1,0
48,biryani under 300 rupees,328,82,350,spicy,0,0
48,biryani under 300 rupees,100,25,350,spicy,1,0
48,biryani under 300 rupees,35,9,350,spicy,0,0
48,biryani under 300 rupees,49,13,350,spicy,1,0
48,biryani under 300 rupees,796,199,350,spicy,0,0
48,biryani under 300 rupees,403,101,350,spicy,1,1
48,biryani under 300 rupees,490,123,350,spicy,1,1
48,biryani under 300 rupees,155,39,350,spicy,1,1
48,biryani under 300 rupees,512,128,350,spicy,0,0
48,biryani under 300 rupees,357,90,350,spicy,1,0
48,biryani under 300 rupees,362,91,350,spicy,1,1
48,biryani under 300 rupees,247,62,350,spicy,1,1
48,biryani under 300 rupees,632,158,350,spicy,1,0
48,biryani under 300 rupees,66,17,350,spicy,1,0
48,biryani under 300 rupees,548,137,350,spicy,0,0
48,biryani under 300 rupees,231,58,350,spicy,1,0
48,biryani under 300 rupees,587,147,350,spicy,1,0
48,biryani under 300 rupees,309,78,350,spicy,1,0
48,biryani under 300 rupees,138,35,350,spicy,1,0
48,biryani under 300 rupees,495,124,350,spicy,1,0
48,vegan friendly dinner,467,117,350,spicy,0,0
48,vegan friendly dinner,760,190,350,spicy,1,0
48,vegan friendly dinner,104,26,350,spicy,0,0
48,vegan friendly dinner,629,158,350,spicy,1,1
48,vegan friendly dinner,743,186,350,spicy,1,1
48,vegan friendly dinner,552,138,350,spicy,1,0
48,vegan friendly dinner,674,169,350,spicy,1,1
48,vegan friendly dinner,375,94,350,spicy,0,0
48,vegan friendly dinner,551,138,350,spicy,1,0
48,vegan friendly dinner,58,15,350,spicy,1,1
48,cold coffee and snacks,415,104,350,spicy,1,0
48,cold coffee and snacks,538,135,350,spicy,1,1
48,cold coffee and snacks,441,111,350,spicy,1,0
48,cold coffee and snacks,508,127,350,spicy,1,0
48,cold coffee and snacks,4,1,350,spicy,1,0
48,cold coffee and snacks,407,102,350,spicy,1,1
48,cold coffee and snacks,431,108,350,spicy,0,0
48,cold coffee and snacks,618,155,350,spicy,1,0
48,cold coffee and snacks,487,122,350,spicy,1,0
48,cold coffee and snacks,733,184,350,spicy,0,0
48,something spicy and cheap under 200,531,133,350,spicy,1,1
48,something spicy and cheap under 200,563,141,350,spicy,1,0
48,something spicy and cheap under 200,357,90,350,spicy,1,1
48,something spicy and cheap under 200,274,69,350,spicy,1,0
48,something spicy and cheap under 200,762,191,350,spicy,1,1
48,something spicy and cheap under 200,381,96,350,spicy,1,0
48,something spicy and cheap under 200,116,29,350,spicy,0,0
48,something spicy and cheap under 200,741,186,350,spicy,1,0
48,something spicy and cheap under 200,430,108,350,spicy,0,0
48,something spicy and cheap under 200,327,82,350,spicy,1,0
48,cheesy comfort food,192,48,350,spicy,1,0
48,cheesy comfort food,794,199,350,spicy,1,0
48,cheesy comfort food,637,160,350,spicy,0,0
48,cheesy comfort food,495,124,350,spicy,1,0
48,cheesy comfort food,24,6,350,spicy,1,0
48,cheesy comfort food,317,80,350,spicy,1,0
48,cheesy comfort food,220,55,350,spicy,1,0
48,cheesy comfort food,100,25,350,spicy,1,1
48,cheesy comfort food,544,136,350,spicy,1,1
48,cheesy comfort food,422,106,350,spicy,1,0
49,cold coffee and snacks,183,46,250,spicy,1,0
49,cold coffee and snacks,363,91,250,spicy,1,1
49,cold coffee and snacks,43,11,250,spicy,1,0
49,cold coffee and snacks,277,70,250,spicy,1,0
49,cold coffee and snacks,492,123,250,spicy,0,0
49,cold coffee and snacks,702,176,250,spicy,1,0
49,cold coffee and snacks,3,1,250,spicy,1,0
49,cold coffee and snacks,205,52,250,spicy,1,0
49,cold coffee and snacks,447,112,250,spicy,1,0
49,cold coffee and snacks,184,46,250,spicy,0,0
49,cheesy comfort food,13,4,250,spicy,1,0
49,cheesy comfort food,98,25,250,spicy,1,0
49,cheesy comfort food,18,5,250,spicy,1,1
49,cheesy comfort food,469,118,250,spicy,1,1
49,cheesy comfort food,270,68,250,spicy,1,0
49,cheesy comfort food,181,46,250,spicy,1,0
49,cheesy comfort food,291,73,250,spicy,0,0
49,cheesy comfort food,457,115,250,spicy,1,0
49,cheesy comfort food,381,96,250,spicy,1,1
49,cheesy comfort food,656,164,250,spicy,1,0
49,biryani under 300 rupees,387,97,250,spicy,1,0
49,biryani under 300 rupees,276,69,250,spicy,0,0
49,biryani under 300 rupees,659,165,250,spicy,1,1
49,biryani under 300 rupees,235,59,250,spicy,0,0
49,biryani under 300 rupees,89,23,250,spicy,1,0
49,biryani under 300 rupees,712,178,250,spicy,1,0
49,biryani under 300 rupees,700,175,250,spicy,1,1
49,biryani under 300 rupees,157,40,250,spicy,1,1
49,biryani under 300 rupees,220,55,250,spicy,1,1
49,biryani under 300 rupees,354,89,250,spicy,1,0
49,healthy light dinner option,524,131,250,spicy,0,0
49,healthy light dinner option,668,167,250,spicy,1,1
49,healthy light dinner option,3,1,250,spicy,1,1
49,healthy light dinner option,455,114,250,spicy,1,0
49,healthy light dinner option,439,110,250,spicy,1,0
49,healthy light dinner option,432,108,250,spicy,1,1
49,healthy light dinner option,765,192,250,spicy,1,1
49,healthy light dinner option,72,18,250,spicy,1,1
49,healthy light dinner option,568,142,250,spicy,0,0
49,healthy light dinner option,232,58,250,spicy,1,1
49,cold coffee and snacks,70,18,250,spicy,0,0
49,cold coffee and snacks,10,3,250,spicy,1,0
49,cold coffee and snacks,241,61,250,spicy,1,0
49,cold coffee and snacks,250,63,250,spicy,0,0
49,cold coffee and snacks,312,78,250,spicy,1,1
49,cold coffee and snacks,384,96,250,spicy,1,0
49,cold coffee and snacks,235,59,250,spicy,1,0
49,cold coffee and snacks,19,5,250,spicy,1,1
49,cold coffee and snacks,417,105,250,spicy,1,1
49,cold coffee and snacks,714,179,250,spicy,1,1
49,mild non spicy food for kids,692,173,250,spicy,0,0
49,mild non spicy food for kids,732,183,250,spicy,1,0
49,mild non spicy food for kids,599,150,250,spicy,1,1
49,mild non spicy food for kids,269,68,250,spicy,1,1
49,mild non spicy food for kids,52,13,250,spicy,1,0
49,mild non spicy food for kids,606,152,250,spicy,0,0
49,mild non spicy food for kids,285,72,250,spicy,1,1
49,mild non spicy food for kids,137,35,250,spicy,1,1
49,mild non spicy food for kids,739,185,250,spicy,0,0
49,mild non spicy food for kids,439,110,250,spicy,1,1
49,mild non spicy food for kids,505,127,250,spicy,0,0
49,mild non spicy food for kids,496,124,250,spicy,0,0
49,mild non spicy food for kids,29,8,250,spicy,0,0
49,mild non spicy food for kids,38,10,250,spicy,1,0
49,mild non spicy food for kids,95,24,250,spicy,1,1
49,mild non spicy food for kids,222,56,250,spicy,1,1
49,mild non spicy food for kids,82,21,250,spicy,1,0
49,mild non spicy food for kids,367,92,250,spicy,1,1
49,mild non spicy food for kids,252,63,250,spicy,1,1
49,mild non spicy food for kids,753,189,250,spicy,1,0
49,cold coffee and snacks,359,90,250,spicy,1,0
49,cold coffee and snacks,703,176,250,spicy,1,0
49,cold coffee and snacks,733,184,250,spicy,1,0
49,cold coffee and snacks,442,111,250,spicy,1,0
49,cold coffee and snacks,61,16,250,spicy,1,1
49,cold coffee and snacks,387,97,250,spicy,1,1
49,cold coffee and snacks,347,87,250,spicy,0,0
49,cold coffee and snacks,648,162,250,spicy,0,0
49,cold coffee and snacks,67,17,250,spicy,1,1
49,cold coffee and snacks,166,42,250,spicy,1,0
50,biryani under 300 rupees,345,87,150,medium,1,0
50,biryani under 300 rupees,27,7,150,medium,1,0
50,biryani under 300 rupees,288,72,150,medium,0,0
50,biryani under 300 rupees,187,47,150,medium,1,0
50,biryani under 300 rupees,757,190,150,medium,1,0
50,biryani under 300 rupees,291,73,150,medium,1,1
50,biryani under 300 rupees,624,156,150,medium,0,0
50,biryani under 300 rupees,658,165,150,medium,0,0
50,biryani under 300 rupees,167,42,150,medium,0,0
50,biryani under 300 rupees,374,94,150,medium,1,1
50,cold coffee and snacks,544,136,150,medium,0,0
50,cold coffee and snacks,20,5,150,medium,0,0
50,cold coffee and snacks,347,87,150,medium,0,0
50,cold coffee and snacks,755,189,150,medium,1,0
50,cold coffee and snacks,757,190,150,medium,1,1
50,cold coffee and snacks,341,86,150,medium,0,0
50,cold coffee and snacks,365,92,150,medium,0,0
50,cold coffee and snacks,695,174,150,medium,0,0
50,cold coffee and snacks,520,130,150,medium,1,0
50,cold coffee and snacks,532,133,150,medium,1,1
50,biryani under 300 rupees,427,107,150,medium,0,0
50,biryani under 300 rupees,435,109,150,medium,0,0
50,biryani under 300 rupees,620,155,150,medium,1,0
50,biryani under 300 rupees,688,172,150,medium,1,1
50,biryani under 300 rupees,187,47,150,medium,1,0
50,biryani under 300 rupees,283,71,150,medium,1,0
50,biryani under 300 rupees,10,3,150,medium,1,1
50,biryani under 300 rupees,761,191,150,medium,0,0
50,biryani under 300 rupees,770,193,150,medium,1,0
50,biryani under 300 rupees,500,125,150,medium,1,0
50,vegan friendly dinner,752,188,150,medium,0,0
50,vegan friendly dinner,92,23,150,medium,1,0
50,vegan friendly dinner,49,13,150,medium,0,0
50,vegan friendly dinner,132,33,150,medium,0,0
50,vegan friendly dinner,568,142,150,medium,1,1
50,vegan friendly dinner,40,10,150,medium,0,0
50,vegan friendly dinner,148,37,150,medium,1,1
50,vegan friendly dinner,470,118,150,medium,0,0
50,vegan friendly dinner,309,78,150,medium,0,0
50,vegan friendly dinner,170,43,150,medium,1,1
50,vegan friendly dinner,519,130,150,medium,1,0
50,vegan friendly dinner,55,14,150,medium,1,0
50,vegan friendly dinner,691,173,150,medium,0,0
50,vegan friendly dinner,493,124,150,medium,0,0
50,vegan friendly dinner,574,144,150,medium,0,0
50,vegan friendly dinner,694,174,150,medium,1,0
50,vegan friendly dinner,733,184,150,medium,0,0
50,vegan friendly dinner,682,171,150,medium,0,0
50,vegan friendly dinner,763,191,150,medium,0,0
50,vegan friendly dinner,632,158,150,medium,0,0
50,something spicy and cheap under 200,420,105,150,medium,1,0
50,something spicy and cheap under 200,371,93,150,medium,1,0
50,something spicy and cheap under 200,479,120,150,medium,0,0
50,something spicy and cheap under 200,328,82,150,medium,1,1
50,something spicy and cheap under 200,572,143,150,medium,1,0
50,something spicy and cheap under 200,618,155,150,medium,0,0
50,something spicy and cheap under 200,778,195,150,medium,1,1
50,something spicy and cheap under 200,346,87,150,medium,1,0
50,something spicy and cheap under 200,484,121,150,medium,0,0
50,something spicy and cheap under 200,176,44,150,medium,1,1
50,something spicy and cheap under 200,565,142,150,medium,0,0
50,something spicy and cheap under 200,763,191,150,medium,1,0
50,something spicy and cheap under 200,39,10,150,medium,0,0
50,something spicy and cheap under 200,348,87,150,medium,1,0
50,something spicy and cheap under 200,577,145,150,medium,1,0
50,something spicy and cheap under 200,280,70,150,medium,0,0
50,something spicy and cheap under 200,138,35,150,medium,1,1
50,something spicy and cheap under 200,717,180,150,medium,1,1
50,something spicy and cheap under 200,455,114,150,medium,1,0
50,something spicy and cheap under 200,626,157,150,medium,1,0
50,vegan friendly dinner,738,185,150,medium,1,0
50,vegan friendly dinner,252,63,150,medium,1,0
50,vegan friendly dinner,266,67,150,medium,1,0
50,vegan friendly dinner,569,143,150,medium,0,0
50,vegan friendly dinner,171,43,150,medium,1,0
50,vegan friendly dinner,706,177,150,medium,0,0
50,vegan friendly dinner,391,98,150,medium,1,0
50,vegan friendly dinner,192,48,150,medium,1,0
50,vegan friendly dinner,148,37,150,medium,0,0
50,vegan friendly dinner,537,135,150,medium,0,0
51,biryani under 300 rupees,761,191,350,mild,1,0
51,biryani under 300 rupees,95,24,350,mild,0,0
51,biryani under 300 rupees,503,126,350,mild,1,0
51,biryani under 300 rupees,72,18,350,mild,1,0
51,biryani under 300 rupees,524,131,350,mild,0,0
51,biryani under 300 rupees,380,95,350,mild,1,1
51,biryani under 300 rupees,264,66,350,mild,1,1
51,biryani under 300 rupees,299,75,350,mild,0,0
51,biryani under 300 rupees,493,124,350,mild,1,0
51,biryani under 300 rupees,325,82,350,mild,1,0
51,biryani under 300 rupees,622,156,350,mild,1,1
51,biryani under 300 rupees,157,40,350,mild,1,1
51,biryani under 300 rupees,515,129,350,mild,1,0
51,biryani under 300 rupees,364,91,350,mild,1,1
51,biryani under 300 rupees,769,193,350,mild,1,0
51,biryani under 300 rupees,276,69,350,mild,1,0
51,biryani under 300 rupees,571,143,350,mild,0,0
51,biryani under 300 rupees,256,64,350,mild,0,0
51,biryani under 300 rupees,205,52,350,mild,1,1
51,biryani under 300 rupees,655,164,350,mild,1,1
51,vegan friendly dinner,495,124,350,mild,1,0
51,vegan friendly dinner,100,25,350,mild,0,0
51,vegan friendly dinner,110,28,350,mild,0,0
51,vegan friendly dinner,422,106,350,mild,1,0
51,vegan friendly dinner,503,126,350,mild,1,0
51,vegan friendly dinner,680,170,350,mild,1,0
51,vegan friendly dinner,20,5,350,mild,1,1
51,vegan friendly dinner,649,163,350,mild,1,1
51,vegan friendly dinner,64,16,350,mild,1,0
51,vegan friendly dinner,759,190,350,mild,1,0
51,vegan friendly dinner,433,109,350,mild,1,1
51,vegan friendly dinner,685,172,350,mild,1,0
51,vegan friendly dinner,121,31,350,mild,1,0
51,vegan friendly dinner,223,56,350,mild,1,0
51,vegan friendly dinner,275,69,350,mild,1,1
51,vegan friendly dinner,400,100,350,mild,1,1
51,vegan friendly dinner,657,165,350,mild,1,1
51,vegan friendly dinner,652,163,350,mild,1,0
51,vegan friendly dinner,8,2,350,mild,1,1
51,vegan friendly dinner,387,97,350,mild,1,0
51,quick breakfast idea,266,67,350,mild,1,0
51,quick breakfast idea,615,154,350,mild,1,1
51,quick breakfast idea,261,66,350,mild,1,0
51,quick breakfast idea,123,31,350,mild,1,0
51,quick breakfast idea,730,183,350,mild,1,0
51,quick breakfast idea,584,146,350,mild,1,1
51,quick breakfast idea,91,23,350,mild,1,0
51,quick breakfast idea,74,19,350,mild,1,1
51,quick breakfast idea,122,31,350,mild,1,0
51,quick breakfast idea,712,178,350,mild,1,0
51,quick breakfast idea,450,113,350,mild,1,1
51,quick breakfast idea,592,148,350,mild,1,0
51,quick breakfast idea,254,64,350,mild,1,0
51,quick breakfast idea,573,144,350,mild,1,1
51,quick breakfast idea,40,10,350,mild,0,0
51,quick breakfast idea,616,154,350,mild,1,1
51,quick breakfast idea,554,139,350,mild,1,0
51,quick breakfast idea,370,93,350,mild,0,0
51,quick breakfast idea,696,174,350,mild,1,0
51,quick breakfast idea,734,184,350,mild,1,0
51,sweet dessert to end the meal,607,152,350,mild,1,0
51,sweet dessert to end the meal,351,88,350,mild,1,0
51,sweet dessert to end the meal,450,113,350,mild,1,0
51,sweet dessert to end the meal,247,62,350,mild,0,0
51,sweet dessert to end the meal,594,149,350,mild,1,0
51,sweet dessert to end the meal,488,122,350,mild,1,1
51,sweet dessert to end the meal,617,155,350,mild,1,0
51,sweet dessert to end the meal,333,84,350,mild,1,0
51,sweet dessert to end the meal,105,27,350,mild,1,0
51,sweet dessert to end the meal,664,166,350,mild,1,0
51,healthy light dinner option,587,147,350,mild,0,0
51,healthy light dinner option,782,196,350,mild,1,0
51,healthy light dinner option,488,122,350,mild,1,1
51,healthy light dinner option,498,125,350,mild,1,1
51,healthy light dinner option,325,82,350,mild,0,0
51,healthy light dinner option,283,71,350,mild,0,0
51,healthy light dinner option,580,145,350,mild,1,0
51,healthy light dinner option,222,56,350,mild,1,1
51,healthy light dinner option,672,168,350,mild,1,0
51,healthy light dinner option,625,157,350,mild,0,0
52,healthy light dinner option,430,108,350,mild,0,0
52,healthy light dinner option,547,137,350,mild,1,0
52,healthy light dinner option,370,93,350,mild,1,1
52,healthy light dinner option,706,177,350,mild,0,0
52,healthy light dinner option,265,67,350,mild,1,1
52,healthy light dinner option,374,94,350,mild,0,0
52,healthy light dinner option,119,30,350,mild,1,0
52,healthy light dinner option,502,126,350,mild,1,0
52,healthy light dinner option,756,189,350,mild,0,0
52,healthy light dinner option,591,148,350,mild,1,0
52,cheesy comfort food,77,20,350,mild,1,1
52,cheesy comfort food,227,57,350,mild,1,0
52,cheesy comfort food,229,58,350,mild,1,1
52,cheesy comfort food,672,168,350,mild,1,0
52,cheesy comfort food,618,155,350,mild,0,0
52,cheesy comfort food,414,104,350,mild,1,1
52,cheesy comfort food,704,176,350,mild,1,1
52,cheesy comfort food,216,54,350,mild,1,1
52,cheesy comfort food,39,10,350,mild,1,0
52,cheesy comfort food,525,132,350,mild,1,1
52,mild non spicy food for kids,595,149,350,mild,1,1
52,mild non spicy food for kids,410,103,350,mild,0,0
52,mild non spicy food for kids,649,163,350,mild,0,0
52,mild non spicy food for kids,351,88,350,mild,1,1
52,mild non spicy food for kids,81,21,350,mild,0,0
52,mild non spicy food for kids,37,10,350,mild,0,0
52,mild non spicy food for kids,710,178,350,mild,1,0
52,mild non spicy food for kids,177,45,350,mild,1,0
52,mild non spicy food for kids,19,5,350,mild,1,1
52,mild non spicy food for kids,774,194,350,mild,1,0
52,something spicy and cheap under 200,746,187,350,mild,1,0
52,something spicy and cheap under 200,75,19,350,mild,1,1
52,something spicy and cheap under 200,577,145,350,mild,1,1
52,something spicy and cheap under 200,764,191,350,mild,1,0
52,something spicy and cheap under 200,768,192,350,mild,0,0
52,something spicy and cheap under 200,717,180,350,mild,1,1
52,something spicy and cheap under 200,721,181,350,mild,0,0
52,something spicy and cheap under 200,83,21,350,mild,1,1
52,something spicy and cheap under 200,676,169,350,mild,1,1
52,something spicy and cheap under 200,53,14,350,mild,0,0
52,biryani under 300 rupees,39,10,350,mild,1,0
52,biryani under 300 rupees,92,23,350,mild,1,0
52,biryani under 300 rupees,219,55,350,mild,1,0
52,biryani under 300 rupees,592,148,350,mild,1,0
52,biryani under 300 rupees,3,1,350,mild,0,0
52,biryani under 300 rupees,410,103,350,mild,1,1
52,biryani under 300 rupees,529,133,350,mild,0,0
52,biryani under 300 rupees,242,61,350,mild,0,0
52,biryani under 300 rupees,96,24,350,mild,1,1
52,biryani under 300 rupees,730,183,350,mild,1,0
52,mild non spicy food for kids,15,4,350,mild,0,0
52,mild non spicy food for kids,77,20,350,mild,1,1
52,mild non spicy food for kids,3,1,350,mild,1,1
52,mild non spicy food for kids,608,152,350,mild,1,0
52,mild non spicy food for kids,458,115,350,mild,0,0
52,mild non spicy food for kids,772,193,350,mild,0,0
52,mild non spicy food for kids,628,157,350,mild,1,1
52,mild non spicy food for kids,174,44,350,mild,1,0
52,mild non spicy food for kids,436,109,350,mild,1,1
52,mild non spicy food for kids,646,162,350,mild,1,0
52,sweet dessert to end the meal,779,195,350,mild,1,1
52,sweet dessert to end the meal,496,124,350,mild,1,0
52,sweet dessert to end the meal,170,43,350,mild,1,0
52,sweet dessert to end the meal,82,21,350,mild,1,1
52,sweet dessert to end the meal,618,155,350,mild,1,1
52,sweet dessert to end the meal,523,131,350,mild,1,1
52,sweet dessert to end the meal,553,139,350,mild,0,0
52,sweet dessert to end the meal,509,128,350,mild,1,1
52,sweet dessert to end the meal,346,87,350,mild,1,0
52,sweet dessert to end the meal,603,151,350,mild,0,0
52,cold coffee and snacks,340,85,350,mild,0,0
52,cold coffee and snacks,448,112,350,mild,1,0
52,cold coffee and snacks,113,29,350,mild,1,0
52,cold coffee and snacks,503,126,350,mild,1,0
52,cold coffee and snacks,687,172,350,mild,1,0
52,cold coffee and snacks,488,122,350,mild,1,1
52,cold coffee and snacks,710,178,350,mild,1,0
52,cold coffee and snacks,784,196,350,mild,1,1
52,cold coffee and snacks,218,55,350,mild,1,0
52,cold coffee and snacks,541,136,350,mild,1,1
53,biryani under 300 rupees,362,91,350,mild,0,0
53,biryani under 300 rupees,102,26,350,mild,1,1
53,biryani under 300 rupees,493,124,350,mild,1,0
53,biryani under 300 rupees,232,58,350,mild,0,0
53,biryani under 300 rupees,507,127,350,mild,1,0
53,biryani under 300 rupees,392,98,350,mild,1,0
53,biryani under 300 rupees,743,186,350,mild,0,0
53,biryani under 300 rupees,405,102,350,mild,1,0
53,biryani under 300 rupees,410,103,350,mild,0,0
53,biryani under 300 rupees,620,155,350,mild,1,0
53,biryani under 300 rupees,220,55,350,mild,1,1
53,biryani under 300 rupees,300,75,350,mild,0,0
53,biryani under 300 rupees,377,95,350,mild,1,0
53,biryani under 300 rupees,325,82,350,mild,1,1
53,biryani under 300 rupees,419,105,350,mild,1,0
53,biryani under 300 rupees,92,23,350,mild,0,0
53,biryani under 300 rupees,707,177,350,mild,1,1
53,biryani under 300 rupees,697,175,350,mild,1,0
53,biryani under 300 rupees,472,118,350,mild,0,0
53,biryani under 300 rupees,418,105,350,mild,0,0
53,street food cravings,800,200,350,mild,1,1
53,street food cravings,654,164,350,mild,1,0
53,street food cravings,619,155,350,mild,1,0
53,street food cravings,463,116,350,mild,1,1
53,street food cravings,551,138,350,mild,1,0
53,street food cravings,727,182,350,mild,1,0
53,street food cravings,45,12,350,mild,0,0
53,street food cravings,349,88,350,mild,1,1
53,street food cravings,108,27,350,mild,0,0
53,street food cravings,682,171,350,mild,0,0
53,cold coffee and snacks,322,81,350,mild,1,1
53,cold coffee and snacks,384,96,350,mild,0,0
53,cold coffee and snacks,324,81,350,mild,1,1
53,cold coffee and snacks,439,110,350,mild,1,0
53,cold coffee and snacks,483,121,350,mild,0,0
53,cold coffee and snacks,539,135,350,mild,0,0
53,cold coffee and snacks,144,36,350,mild,1,0
53,cold coffee and snacks,486,122,350,mild,1,0
53,cold coffee and snacks,57,15,350,mild,1,1
53,cold coffee and snacks,651,163,350,mild,0,0
53,quick breakfast idea,488,122,350,mild,1,1
53,quick breakfast idea,9,3,350,mild,1,1
53,quick breakfast idea,366,92,350,mild,1,0
53,quick breakfast idea,135,34,350,mild,0,0
53,quick breakfast idea,208,52,350,mild,1,0
53,quick breakfast idea,497,125,350,mild,1,1
53,quick breakfast idea,752,188,350,mild,1,1
53,quick breakfast idea,226,57,350,mild,1,1
53,quick breakfast idea,234,59,350,mild,1,0
53,quick breakfast idea,713,179,350,mild,1,0
53,cold coffee and snacks,338,85,350,mild,1,0
53,cold coffee and snacks,78,20,350,mild,1,1
53,cold coffee and snacks,494,124,350,mild,1,1
53,cold coffee and snacks,726,182,350,mild,1,0
53,cold coffee and snacks,439,110,350,mild,1,0
53,cold coffee and snacks,41,11,350,mild,1,0
53,cold coffee and snacks,677,170,350,mild,0,0
53,cold coffee and snacks,275,69,350,mild,1,0
53,cold coffee and snacks,662,166,350,mild,1,1
53,cold coffee and snacks,1,1,350,mild,0,0
53,vegan friendly dinner,159,40,350,mild,1,1
53,vegan friendly dinner,711,178,350,mild,1,1
53,vegan friendly dinner,153,39,350,mild,1,1
53,vegan friendly dinner,439,110,350,mild,1,0
53,vegan friendly dinner,395,99,350,mild,1,1
53,vegan friendly dinner,257,65,350,mild,0,0
53,vegan friendly dinner,769,193,350,mild,0,0
53,vegan friendly dinner,265,67,350,mild,0,0
53,vegan friendly dinner,348,87,350,mild,1,1
53,vegan friendly dinner,401,101,350,mild,1,0
53,street food cravings,284,71,350,mild,1,1
53,street food cravings,259,65,350,mild,1,0
53,street food cravings,245,62,350,mild,1,0
53,street food cravings,73,19,350,mild,1,0
53,street food cravings,430,108,350,mild,1,1
53,street food cravings,698,175,350,mild,1,1
53,street food cravings,680,170,350,mild,1,0
53,street food cravings,20,5,350,mild,1,1
53,street food cravings,226,57,350,mild,1,1
53,street food cravings,333,84,350,mild,1,0
54,quick breakfast idea,601,151,500,spicy,1,0
54,quick breakfast idea,391,98,500,spicy,0,0
54,quick breakfast idea,595,149,500,spicy,1,0
54,quick breakfast idea,385,97,500,spicy,1,1
54,quick breakfast idea,419,105,500,spicy,1,0
54,quick breakfast idea,327,82,500,spicy,1,0
54,quick breakfast idea,739,185,500,spicy,1,1
54,quick breakfast idea,296,74,500,spicy,1,0
54,quick breakfast idea,154,39,500,spicy,1,1
54,quick breakfast idea,600,150,500,spicy,0,0
54,healthy light dinner option,200,50,500,spicy,0,0
54,healthy light dinner option,237,60,500,spicy,1,0
54,healthy light dinner option,445,112,500,spicy,1,1
54,healthy light dinner option,85,22,500,spicy,1,1
54,healthy light dinner option,279,70,500,spicy,1,1
54,healthy light dinner option,60,15,500,spicy,1,0
54,healthy light dinner option,99,25,500,spicy,1,1
54,healthy light dinner option,576,144,500,spicy,1,1
54,healthy light dinner option,92,23,500,spicy,1,0
54,healthy light dinner option,733,184,500,spicy,1,0
54,quick breakfast idea,645,162,500,spicy,1,1
54,quick breakfast idea,286,72,500,spicy,1,0
54,quick breakfast idea,648,162,500,spicy,0,0
54,quick breakfast idea,799,200,500,spicy,1,1
54,quick breakfast idea,141,36,500,spicy,1,0
54,quick breakfast idea,422,106,500,spicy,1,0
54,quick breakfast idea,680,170,500,spicy,0,0
54,quick breakfast idea,689,173,500,spicy,1,0
54,quick breakfast idea,667,167,500,spicy,0,0
54,quick breakfast idea,449,113,500,spicy,1,1
54,sweet dessert to end the meal,379,95,500,spicy,1,0
54,sweet dessert to end the meal,210,53,500,spicy,1,1
54,sweet dessert to end the meal,284,71,500,spicy,1,0
54,sweet dessert to end the meal,492,123,500,spicy,1,1
54,sweet dessert to end the meal,49,13,500,spicy,1,0
54,sweet dessert to end the meal,528,132,500,spicy,0,0
54,sweet dessert to end the meal,48,12,500,spicy,0,0
54,sweet dessert to end the meal,118,30,500,spicy,1,0
54,sweet dessert to end the meal,686,172,500,spicy,1,0
54,sweet dessert to end the meal,359,90,500,spicy,1,0
54,sweet dessert to end the meal,20,5,500,spicy,1,1
54,sweet dessert to end the meal,60,15,500,spicy,1,0
54,sweet dessert to end the meal,447,112,500,spicy,1,1
54,sweet dessert to end the meal,114,29,500,spicy,0,0
54,sweet dessert to end the meal,331,83,500,spicy,1,0
54,sweet dessert to end the meal,352,88,500,spicy,0,0
54,sweet dessert to end the meal,146,37,500,spicy,1,0
54,sweet dessert to end the meal,132,33,500,spicy,1,0
54,sweet dessert to end the meal,619,155,500,spicy,0,0
54,sweet dessert to end the meal,254,64,500,spicy,1,0
54,biryani under 300 rupees,603,151,500,spicy,1,0
54,biryani under 300 rupees,378,95,500,spicy,1,1
54,biryani under 300 rupees,471,118,500,spicy,1,0
54,biryani under 300 rupees,162,41,500,spicy,1,0
54,biryani under 300 rupees,564,141,500,spicy,0,0
54,biryani under 300 rupees,635,159,500,spicy,1,0
54,biryani under 300 rupees,765,192,500,spicy,1,1
54,biryani under 300 rupees,48,12,500,spicy,0,0
54,biryani under 300 rupees,11,3,500,spicy,1,1
54,biryani under 300 rupees,267,67,500,spicy,0,0
54,street food cravings,164,41,500,spicy,1,0
54,street food cravings,519,130,500,spicy,1,0
54,street food cravings,474,119,500,spicy,0,0
54,street food cravings,34,9,500,spicy,1,1
54,street food cravings,213,54,500,spicy,1,1
54,street food cravings,610,153,500,spicy,1,0
54,street food cravings,690,173,500,spicy,1,0
54,street food cravings,256,64,500,spicy,0,0
54,street food cravings,532,133,500,spicy,1,1
54,street food cravings,659,165,500,spicy,1,1
54,healthy light dinner option,159,40,500,spicy,0,0
54,healthy light dinner option,97,25,500,spicy,1,0
54,healthy light dinner option,154,39,500,spicy,0,0
54,healthy light dinner option,718,180,500,spicy,1,1
54,healthy light dinner option,140,35,500,spicy,0,0
54,healthy light dinner option,489,123,500,spicy,1,0
54,healthy light dinner option,345,87,500,spicy,0,0
54,healthy light dinner option,119,30,500,spicy,1,0
54,healthy light dinner option,546,137,500,spicy,1,0
54,healthy light dinner option,76,19,500,spicy,1,0
55,sweet dessert to end the meal,96,24,350,mild,1,0
55,sweet dessert to end the meal,503,126,350,mild,0,0
55,sweet dessert to end the meal,419,105,350,mild,0,0
55,sweet dessert to end the meal,355,89,350,mild,1,0
55,sweet dessert to end the meal,132,33,350,mild,1,1
55,sweet dessert to end the meal,575,144,350,mild,1,0
55,sweet dessert to end the meal,53,14,350,mild,1,0
55,sweet dessert to end the meal,727,182,350,mild,1,0
55,sweet dessert to end the meal,773,194,350,mild,1,0
55,sweet dessert to end the meal,699,175,350,mild,1,1
55,street food cravings,759,190,350,mild,1,0
55,street food cravings,353,89,350,mild,1,0
55,street food cravings,598,150,350,mild,0,0
55,street food cravings,773,194,350,mild,1,1
55,street food cravings,271,68,350,mild,0,0
55,street food cravings,600,150,350,mild,1,1
55,street food cravings,357,90,350,mild,1,0
55,street food cravings,281,71,350,mild,1,0
55,street food cravings,144,36,350,mild,0,0
55,street food cravings,369,93,350,mild,1,0
55,cold coffee and snacks,240,60,350,mild,1,0
55,cold coffee and snacks,302,76,350,mild,0,0
55,cold coffee and snacks,430,108,350,mild,1,0
55,cold coffee and snacks,520,130,350,mild,0,0
55,cold coffee and snacks,462,116,350,mild,1,0
55,cold coffee and snacks,53,14,350,mild,1,1
55,cold coffee and snacks,306,77,350,mild,1,1
55,cold coffee and snacks,540,135,350,mild,1,0
55,cold coffee and snacks,587,147,350,mild,1,0
55,cold coffee and snacks,387,97,350,mild,0,0
55,quick breakfast idea,166,42,350,mild,1,1
55,quick breakfast idea,578,145,350,mild,1,0
55,quick breakfast idea,521,131,350,mild,1,0
55,quick breakfast idea,478,120,350,mild,1,0
55,quick breakfast idea,481,121,350,mild,1,1
55,quick breakfast idea,482,121,350,mild,1,0
55,quick breakfast idea,152,38,350,mild,1,0
55,quick breakfast idea,3,1,350,mild,1,0
55,quick breakfast idea,374,94,350,mild,1,1
55,quick breakfast idea,222,56,350,mild,0,0
55,healthy light dinner option,344,86,350,mild,1,0
55,healthy light dinner option,194,49,350,mild,1,1
55,healthy light dinner option,86,22,350,mild,0,0
55,healthy light dinner option,529,133,350,mild,1,0
55,healthy light dinner option,446,112,350,mild,1,1
55,healthy light dinner option,387,97,350,mild,1,1
55,healthy light dinner option,489,123,350,mild,1,0
55,healthy light dinner option,793,199,350,mild,1,1
55,healthy light dinner option,148,37,350,mild,0,0
55,healthy light dinner option,295,74,350,mild,1,0
55,sweet dessert to end the meal,675,169,350,mild,1,1
55,sweet dessert to end the meal,419,105,350,mild,1,1
55,sweet dessert to end the meal,236,59,350,mild,1,0
55,sweet dessert to end the meal,339,85,350,mild,0,0
55,sweet dessert to end the meal,529,133,350,mild,1,0
55,sweet dessert to end the meal,52,13,350,mild,0,0
55,sweet dessert to end the meal,33,9,350,mild,1,1
55,sweet dessert to end the meal,39,10,350,mild,1,0
55,sweet dessert to end the meal,753,189,350,mild,1,0
55,sweet dessert to end the meal,403,101,350,mild,1,0
55,sweet dessert to end the meal,40,10,350,mild,0,0
55,sweet dessert to end the meal,120,30,350,mild,1,1
55,sweet dessert to end the meal,380,95,350,mild,0,0
55,sweet dessert to end the meal,34,9,350,mild,1,1
55,sweet dessert to end the meal,377,95,350,mild,1,0
55,sweet dessert to end the meal,332,83,350,mild,1,1
55,sweet dessert to end the meal,493,124,350,mild,1,1
55,sweet dessert to end the meal,441,111,350,mild,1,0
55,sweet dessert to end the meal,721,181,350,mild,1,0
55,sweet dessert to end the meal,232,58,350,mild,0,0
55,mild non spicy food for kids,206,52,350,mild,1,1
55,mild non spicy food for kids,628,157,350,mild,1,0
55,mild non spicy food for kids,226,57,350,mild,1,1
55,mild non spicy food for kids,306,77,350,mild,1,1
55,mild non spicy food for kids,331,83,350,mild,1,1
55,mild non spicy food for kids,70,18,350,mild,1,0
55,mild non spicy food for kids,761,191,350,mild,1,0
55,mild non spicy food for kids,657,165,350,mild,0,0
55,mild non spicy food for kids,636,159,350,mild,1,0
55,mild non spicy food for kids,292,73,350,mild,1,1
56,biryani under 300 rupees,130,33,500,medium,1,0
56,biryani under 300 rupees,552,138,500,medium,1,1
56,biryani under 300 rupees,63,16,500,medium,1,0
56,biryani under 300 rupees,92,23,500,medium,0,0
56,biryani under 300 rupees,572,143,500,medium,1,0
56,biryani under 300 rupees,342,86,500,medium,1,0
56,biryani under 300 rupees,252,63,500,medium,1,0
56,biryani under 300 rupees,235,59,500,medium,1,0
56,biryani under 300 rupees,633,159,500,medium,1,0
56,biryani under 300 rupees,452,113,500,medium,0,0
56,street food cravings,557,140,500,medium,1,0
56,street food cravings,574,144,500,medium,1,0
56,street food cravings,173,44,500,medium,1,0
56,street food cravings,232,58,500,medium,0,0
56,street food cravings,90,23,500,medium,1,0
56,street food cravings,593,149,500,medium,1,0
56,street food cravings,535,134,500,medium,1,1
56,street food cravings,637,160,500,medium,0,0
56,street food cravings,152,38,500,medium,1,0
56,street food cravings,19,5,500,medium,1,0
56,cold coffee and snacks,646,162,500,medium,1,1
56,cold coffee and snacks,791,198,500,medium,1,1
56,cold coffee and snacks,175,44,500,medium,1,0
56,cold coffee and snacks,27,7,500,medium,1,1
56,cold coffee and snacks,792,198,500,medium,0,0
56,cold coffee and snacks,740,185,500,medium,1,0
56,cold coffee and snacks,433,109,500,medium,1,1
56,cold coffee and snacks,188,47,500,medium,1,1
56,cold coffee and snacks,458,115,500,medium,0,0
56,cold coffee and snacks,181,46,500,medium,1,0
56,mild non spicy food for kids,297,75,500,medium,1,0
56,mild non spicy food for kids,305,77,500,medium,1,0
56,mild non spicy food for kids,85,22,500,medium,1,1
56,mild non spicy food for kids,185,47,500,medium,1,0
56,mild non spicy food for kids,325,82,500,medium,1,1
56,mild non spicy food for kids,649,163,500,medium,1,1
56,mild non spicy food for kids,768,192,500,medium,1,0
56,mild non spicy food for kids,375,94,500,medium,1,1
56,mild non spicy food for kids,632,158,500,medium,1,1
56,mild non spicy food for kids,769,193,500,medium,0,0
56,something spicy and cheap under 200,135,34,500,medium,1,1
56,something spicy and cheap under 200,545,137,500,medium,1,0
56,something spicy and cheap under 200,402,101,500,medium,1,1
56,something spicy and cheap under 200,77,20,500,medium,1,1
56,something spicy and cheap under 200,716,179,500,medium,0,0
56,something spicy and cheap under 200,371,93,500,medium,0,0
56,something spicy and cheap under 200,189,48,500,medium,1,0
56,something spicy and cheap under 200,106,27,500,medium,0,0
56,something spicy and cheap under 200,250,63,500,medium,1,1
56,something spicy and cheap under 200,731,183,500,medium,1,0
56,mild non spicy food for kids,672,168,500,medium,1,0
56,mild non spicy food for kids,443,111,500,medium,1,0
56,mild non spicy food for kids,197,50,500,medium,1,0
56,mild non spicy food for kids,361,91,500,medium,0,0
56,mild non spicy food for kids,530,133,500,medium,0,0
56,mild non spicy food for kids,461,116,500,medium,1,0
56,mild non spicy food for kids,646,162,500,medium,1,0
56,mild non spicy food for kids,89,23,500,medium,0,0
56,mild non spicy food for kids,356,89,500,medium,0,0
56,mild non spicy food for kids,304,76,500,medium,1,1
56,street food cravings,265,67,500,medium,1,0
56,street food cravings,371,93,500,medium,1,0
56,street food cravings,22,6,500,medium,1,0
56,street food cravings,225,57,500,medium,1,1
56,street food cravings,36,9,500,medium,1,0
56,street food cravings,43,11,500,medium,1,0
56,street food cravings,514,129,500,medium,0,0
56,street food cravings,189,48,500,medium,0,0
56,street food cravings,640,160,500,medium,1,0
56,street food cravings,523,131,500,medium,0,0
56,quick breakfast idea,587,147,500,medium,1,0
56,quick breakfast idea,243,61,500,medium,1,0
56,quick breakfast idea,352,88,500,medium,1,1
56,quick breakfast idea,461,116,500,medium,1,1
56,quick breakfast idea,216,54,500,medium,1,1
56,quick breakfast idea,487,122,500,medium,1,0
56,quick breakfast idea,538,135,500,medium,0,0
56,quick breakfast idea,266,67,500,medium,1,1
56,quick breakfast idea,299,75,500,medium,1,0
56,quick breakfast idea,797,200,500,medium,1,0
57,mild non spicy food for kids,229,58,350,very spicy,1,1
57,mild non spicy food for kids,353,89,350,very spicy,1,0
57,mild non spicy food for kids,248,62,350,very spicy,1,1
57,mild non spicy food for kids,160,40,350,very spicy,1,0
57,mild non spicy food for kids,298,75,350,very spicy,1,0
57,mild non spicy food for kids,765,192,350,very spicy,1,0
57,mild non spicy food for kids,641,161,350,very spicy,1,0
57,mild non spicy food for kids,410,103,350,very spicy,0,0
57,mild non spicy food for kids,757,190,350,very spicy,1,0
57,mild non spicy food for kids,255,64,350,very spicy,1,0
57,biryani under 300 rupees,296,74,350,very spicy,1,1
57,biryani under 300 rupees,368,92,350,very spicy,1,1
57,biryani under 300 rupees,511,128,350,very spicy,1,0
57,biryani under 300 rupees,442,111,350,very spicy,1,1
57,biryani under 300 rupees,537,135,350,very spicy,1,1
57,biryani under 300 rupees,361,91,350,very spicy,1,0
57,biryani under 300 rupees,85,22,350,very spicy,1,1
57,biryani under 300 rupees,507,127,350,very spicy,1,0
57,biryani under 300 rupees,551,138,350,very spicy,1,1
57,biryani under 300 rupees,416,104,350,very spicy,1,1
57,something spicy and cheap under 200,702,176,350,very spicy,1,0
57,something spicy and cheap under 200,2,1,350,very spicy,0,0
57,something spicy and cheap under 200,385,97,350,very spicy,1,1
57,something spicy and cheap under 200,166,42,350,very spicy,1,0
57,something spicy and cheap under 200,478,120,350,very spicy,1,0
57,something spicy and cheap under 200,50,13,350,very spicy,1,1
57,something spicy and cheap under 200,539,135,350,very spicy,1,0
57,something spicy and cheap under 200,748,187,350,very spicy,1,0
57,something spicy and cheap under 200,264,66,350,very spicy,1,0
57,something spicy and cheap under 200,121,31,350,very spicy,1,0
57,quick breakfast idea,540,135,350,very spicy,0,0
57,quick breakfast idea,177,45,350,very spicy,1,0
57,quick breakfast idea,228,57,350,very spicy,1,0
57,quick breakfast idea,686,172,350,very spicy,0,0
57,quick breakfast idea,587,147,350,very spicy,1,0
57,quick breakfast idea,480,120,350,very spicy,1,0
57,quick breakfast idea,381,96,350,very spicy,1,0
57,quick breakfast idea,734,184,350,very spicy,1,0
57,quick breakfast idea,325,82,350,very spicy,1,0
57,quick breakfast idea,419,105,350,very spicy,1,0
57,cold coffee and snacks,621,156,350,very spicy,1,1
57,cold coffee and snacks,631,158,350,very spicy,1,0
57,cold coffee and snacks,257,65,350,very spicy,1,1
57,cold coffee and snacks,496,124,350,very spicy,1,1
57,cold coffee and snacks,59,15,350,very spicy,1,0
57,cold coffee and snacks,577,145,350,very spicy,1,0
57,cold coffee and snacks,67,17,350,very spicy,0,0
57,cold coffee and snacks,452,113,350,very spicy,0,0
57,cold coffee and snacks,8,2,350,very spicy,0,0
57,cold coffee and snacks,137,35,350,very spicy,1,1
57,quick breakfast idea,603,151,350,very spicy,1,0
57,quick breakfast idea,215,54,350,very spicy,1,0
57,quick breakfast idea,466,117,350,very spicy,1,0
57,quick breakfast idea,583,146,350,very spicy,0,0
57,quick breakfast idea,117,30,350,very spicy,1,1
57,quick breakfast idea,454,114,350,very spicy,0,0
57,quick breakfast idea,418,105,350,very spicy,1,0
57,quick breakfast idea,39,10,350,very spicy,1,1
57,quick breakfast idea,85,22,350,very spicy,1,0
57,quick breakfast idea,614,154,350,very spicy,1,0
57,sweet dessert to end the meal,302,76,350,very spicy,1,0
57,sweet dessert to end the meal,668,167,350,very spicy,1,1
57,sweet dessert to end the meal,785,197,350,very spicy,1,1
57,sweet dessert to end the meal,40,10,350,very spicy,1,0
57,sweet dessert to end the meal,246,62,350,very spicy,1,0
57,sweet dessert to end the meal,585,147,350,very spicy,0,0
57,sweet dessert to end the meal,127,32,350,very spicy,1,1
57,sweet dessert to end the meal,160,40,350,very spicy,0,0
57,sweet dessert to end the meal,497,125,350,very spicy,1,0
57,sweet dessert to end the meal,218,55,350,very spicy,1,1
57,biryani under 300 rupees,512,128,350,very spicy,1,0
57,biryani under 300 rupees,245,62,350,very spicy,1,1
57,biryani under 300 rupees,568,142,350,very spicy,1,1
57,biryani under 300 rupees,139,35,350,very spicy,1,1
57,biryani under 300 rupees,56,14,350,very spicy,0,0
57,biryani under 300 rupees,524,131,350,very spicy,1,0
57,biryani under 300 rupees,641,161,350,very spicy,1,0
57,biryani under 300 rupees,784,196,350,very spicy,1,0
57,biryani under 300 rupees,36,9,350,very spicy,1,0
57,biryani under 300 rupees,549,138,350,very spicy,1,1
58,biryani under 300 rupees,113,29,250,mild,0,0
58,biryani under 300 rupees,529,133,250,mild,1,0
58,biryani under 300 rupees,627,157,250,mild,0,0
58,biryani under 300 rupees,292,73,250,mild,1,0
58,biryani under 300 rupees,354,89,250,mild,1,1
58,biryani under 300 rupees,514,129,250,mild,1,1
58,biryani under 300 rupees,325,82,250,mild,1,1
58,biryani under 300 rupees,643,161,250,mild,1,0
58,biryani under 300 rupees,70,18,250,mild,0,0
58,biryani under 300 rupees,358,90,250,mild,1,0
58,sweet dessert to end the meal,595,149,250,mild,1,1
58,sweet dessert to end the meal,411,103,250,mild,1,1
58,sweet dessert to end the meal,565,142,250,mild,1,1
58,sweet dessert to end the meal,175,44,250,mild,1,0
58,sweet dessert to end the meal,687,172,250,mild,1,0
58,sweet dessert to end the meal,418,105,250,mild,1,1
58,sweet dessert to end the meal,189,48,250,mild,1,0
58,sweet dessert to end the meal,219,55,250,mild,1,1
58,sweet dessert to end the meal,248,62,250,mild,1,0
58,sweet dessert to end the meal,38,10,250,mild,0,0
58,cheesy comfort food,368,92,250,mild,0,0
58,cheesy comfort food,473,119,250,mild,0,0
58,cheesy comfort food,42,11,250,mild,1,0
58,cheesy comfort food,200,50,250,mild,1,1
58,cheesy comfort food,352,88,250,mild,0,0
58,cheesy comfort food,323,81,250,mild,1,0
58,cheesy comfort food,519,130,250,mild,1,1
58,cheesy comfort food,479,120,250,mild,0,0
58,cheesy comfort food,125,32,250,mild,1,1
58,cheesy comfort food,451,113,250,mild,1,0
58,street food cravings,592,148,250,mild,0,0
58,street food cravings,547,137,250,mild,1,0
58,street food cravings,98,25,250,mild,1,0
58,street food cravings,133,34,250,mild,0,0
58,street food cravings,488,122,250,mild,1,1
58,street food cravings,132,33,250,mild,1,0
58,street food cravings,368,92,250,mild,0,0
58,street food cravings,135,34,250,mild,1,1
58,street food cravings,728,182,250,mild,1,1
58,street food cravings,780,195,250,mild,1,0
58,biryani under 300 rupees,270,68,250,mild,0,0
58,biryani under 300 rupees,381,96,250,mild,1,0
58,biryani under 300 rupees,424,106,250,mild,0,0
58,biryani under 300 rupees,727,182,250,mild,1,1
58,biryani under 300 rupees,714,179,250,mild,0,0
58,biryani under 300 rupees,649,163,250,mild,1,1
58,biryani under 300 rupees,635,159,250,mild,0,0
58,biryani under 300 rupees,721,181,250,mild,1,0
58,biryani under 300 rupees,49,13,250,mild,0,0
58,biryani under 300 rupees,468,117,250,mild,0,0
58,healthy light dinner option,230,58,250,mild,1,1
58,healthy light dinner option,549,138,250,mild,1,1
58,healthy light dinner option,304,76,250,mild,1,1
58,healthy light dinner option,96,24,250,mild,1,0
58,healthy light dinner option,202,51,250,mild,0,0
58,healthy light dinner option,599,150,250,mild,1,0
58,healthy light dinner option,753,189,250,mild,1,0
58,healthy light dinner option,488,122,250,mild,1,0
58,healthy light dinner option,207,52,250,mild,1,1
58,healthy light dinner option,382,96,250,mild,1,0
58,quick breakfast idea,16,4,250,mild,1,0
58,quick breakfast idea,402,101,250,mild,0,0
58,quick breakfast idea,390,98,250,mild,1,0
58,quick breakfast idea,369,93,250,mild,1,1
58,quick breakfast idea,713,179,250,mild,1,0
58,quick breakfast idea,182,46,250,mild,0,0
58,quick breakfast idea,520,130,250,mild,1,0
58,quick breakfast idea,254,64,250,mild,1,0
58,quick breakfast idea,472,118,250,mild,1,1
58,quick breakfast idea,514,129,250,mild,1,1
58,quick breakfast idea,379,95,250,mild,0,0
58,quick breakfast idea,156,39,250,mild,1,1
58,quick breakfast idea,715,179,250,mild,1,1
58,quick breakfast idea,426,107,250,mild,0,0
58,quick breakfast idea,688,172,250,mild,0,0
58,quick breakfast idea,24,6,250,mild,1,0
58,quick breakfast idea,136,34,250,mild,0,0
58,quick breakfast idea,228,57,250,mild,1,1
58,quick breakfast idea,599,150,250,mild,0,0
58,quick breakfast idea,490,123,250,mild,0,0
59,mild non spicy food for kids,405,102,500,very spicy,1,0
59,mild non spicy food for kids,283,71,500,very spicy,0,0
59,mild non spicy food for kids,767,192,500,very spicy,1,1
59,mild non spicy food for kids,38,10,500,very spicy,1,0
59,mild non spicy food for kids,745,187,500,very spicy,1,1
59,mild non spicy food for kids,127,32,500,very spicy,1,0
59,mild non spicy food for kids,69,18,500,very spicy,1,1
59,mild non spicy food for kids,645,162,500,very spicy,1,0
59,mild non spicy food for kids,4,1,500,very spicy,1,0
59,mild non spicy food for kids,575,144,500,very spicy,0,0
59,biryani under 300 rupees,497,125,500,very spicy,1,1
59,biryani under 300 rupees,732,183,500,very spicy,1,1
59,biryani under 300 rupees,297,75,500,very spicy,1,1
59,biryani under 300 rupees,570,143,500,very spicy,1,1
59,biryani under 300 rupees,508,127,500,very spicy,0,0
59,biryani under 300 rupees,778,195,500,very spicy,1,1
59,biryani under 300 rupees,194,49,500,very spicy,1,0
59,biryani under 300 rupees,243,61,500,very spicy,0,0
59,biryani under 300 rupees,703,176,500,very spicy,0,0
59,biryani under 300 rupees,525,132,500,very spicy,0,0
59,something spicy and cheap under 200,459,115,500,very spicy,0,0
59,something spicy and cheap under 200,49,13,500,very spicy,1,0
59,something spicy and cheap under 200,291,73,500,very spicy,0,0
59,something spicy and cheap under 200,536,134,500,very spicy,1,0
59,something spicy and cheap under 200,307,77,500,very spicy,1,0
59,something spicy and cheap under 200,289,73,500,very spicy,1,0
59,something spicy and cheap under 200,135,34,500,very spicy,0,0
59,something spicy and cheap under 200,198,50,500,very spicy,1,1
59,something spicy and cheap under 200,424,106,500,very spicy,1,0
59,something spicy and cheap under 200,368,92,500,very spicy,0,0
59,cheesy comfort food,710,178,500,very spicy,1,0
59,cheesy comfort food,678,170,500,very spicy,1,0
59,cheesy comfort food,134,34,500,very spicy,1,1
59,cheesy comfort food,78,20,500,very spicy,1,1
59,cheesy comfort food,444,111,500,very spicy,0,0
59,cheesy comfort food,76,19,500,very spicy,1,0
59,cheesy comfort food,355,89,500,very spicy,1,1
59,cheesy comfort food,523,131,500,very spicy,1,1
59,cheesy comfort food,205,52,500,very spicy,1,0
59,cheesy comfort food,11,3,500,very spicy,1,0
59,cheesy comfort food,608,152,500,very spicy,1,0
59,cheesy comfort food,200,50,500,very spicy,1,1
59,cheesy comfort food,466,117,500,very spicy,1,0
59,cheesy comfort food,148,37,500,very spicy,1,1
59,cheesy comfort food,647,162,500,very spicy,1,1
59,cheesy comfort food,670,168,500,very spicy,1,0
59,cheesy comfort food,311,78,500,very spicy,1,0
59,cheesy comfort food,781,196,500,very spicy,1,1
59,cheesy comfort food,303,76,500,very spicy,0,0
59,cheesy comfort food,14,4,500,very spicy,1,1
59,sweet dessert to end the meal,722,181,500,very spicy,0,0
59,sweet dessert to end the meal,681,171,500,very spicy,1,0
59,sweet dessert to end the meal,489,123,500,very spicy,1,0
59,sweet dessert to end the meal,355,89,500,very spicy,1,1
59,sweet dessert to end the meal,191,48,500,very spicy,1,0
59,sweet dessert to end the meal,496,124,500,very spicy,1,0
59,sweet dessert to end the meal,727,182,500,very spicy,1,1
59,sweet dessert to end the meal,289,73,500,very spicy,1,1
59,sweet dessert to end the meal,188,47,500,very spicy,1,0
59,sweet dessert to end the meal,635,159,500,very spicy,1,0
59,mild non spicy food for kids,216,54,500,very spicy,1,0
59,mild non spicy food for kids,429,108,500,very spicy,1,1
59,mild non spicy food for kids,705,177,500,very spicy,1,0
59,mild non spicy food for kids,399,100,500,very spicy,0,0
59,mild non spicy food for kids,521,131,500,very spicy,0,0
59,mild non spicy food for kids,485,122,500,very spicy,1,0
59,mild non spicy food for kids,528,132,500,very spicy,1,1
59,mild non spicy food for kids,183,46,500,very spicy,1,1
59,mild non spicy food for kids,550,138,500,very spicy,0,0
59,mild non spicy food for kids,389,98,500,very spicy,1,0
59,something spicy and cheap under 200,379,95,500,very spicy,1,1
59,something spicy and cheap under 200,415,104,500,very spicy,1,1
59,something spicy and cheap under 200,573,144,500,very spicy,1,0
59,something spicy and cheap under 200,85,22,500,very spicy,0,0
59,something spicy and cheap under 200,355,89,500,very spicy,1,0
59,something spicy and cheap under 200,437,110,500,very spicy,0,0
59,something spicy and cheap under 200,781,196,500,very spicy,1,1
59,something spicy and cheap under 200,460,115,500,very spicy,1,0
59,something spicy and cheap under 200,632,158,500,very spicy,1,0
59,something spicy and cheap under 200,796,199,500,very spicy,1,0
60,something spicy and cheap under 200,117,30,150,very spicy,1,0
60,something spicy and cheap under 200,211,53,150,very spicy,0,0
60,something spicy and cheap under 200,431,108,150,very spicy,1,1
60,something spicy and cheap under 200,668,167,150,very spicy,1,1
60,something spicy and cheap under 200,458,115,150,very spicy,1,0
60,something spicy and cheap under 200,526,132,150,very spicy,0,0
60,something spicy and cheap under 200,30,8,150,very spicy,0,0
60,something spicy and cheap under 200,396,99,150,very spicy,1,0
60,something spicy and cheap under 200,550,138,150,very spicy,0,0
60,something spicy and cheap under 200,171,43,150,very spicy,0,0
60,vegan friendly dinner,334,84,150,very spicy,1,1
60,vegan friendly dinner,712,178,150,very spicy,1,0
60,vegan friendly dinner,201,51,150,very spicy,1,0
60,vegan friendly dinner,402,101,150,very spicy,1,1
60,vegan friendly dinner,134,34,150,very spicy,1,0
60,vegan friendly dinner,517,130,150,very spicy,0,0
60,vegan friendly dinner,504,126,150,very spicy,1,1
60,vegan friendly dinner,630,158,150,very spicy,1,1
60,vegan friendly dinner,719,180,150,very spicy,1,0
60,vegan friendly dinner,133,34,150,very spicy,1,1
60,sweet dessert to end the meal,531,133,150,very spicy,0,0
60,sweet dessert to end the meal,155,39,150,very spicy,0,0
60,sweet dessert to end the meal,672,168,150,very spicy,0,0
60,sweet dessert to end the meal,270,68,150,very spicy,1,1
60,sweet dessert to end the meal,36,9,150,very spicy,0,0
60,sweet dessert to end the meal,494,124,150,very spicy,1,0
60,sweet dessert to end the meal,497,125,150,very spicy,1,1
60,sweet dessert to end the meal,684,171,150,very spicy,1,0
60,sweet dessert to end the meal,487,122,150,very spicy,1,1
60,sweet dessert to end the meal,603,151,150,very spicy,1,0
60,biryani under 300 rupees,205,52,150,very spicy,1,0
60,biryani under 300 rupees,178,45,150,very spicy,0,0
60,biryani under 300 rupees,484,121,150,very spicy,0,0
60,biryani under 300 rupees,461,116,150,very spicy,0,0
60,biryani under 300 rupees,754,189,150,very spicy,0,0
60,biryani under 300 rupees,788,197,150,very spicy,1,0
60,biryani under 300 rupees,272,68,150,very spicy,1,0
60,biryani under 300 rupees,658,165,150,very spicy,0,0
60,biryani under 300 rupees,269,68,150,very spicy,0,0
60,biryani under 300 rupees,661,166,150,very spicy,1,1
60,healthy light dinner option,313,79,150,very spicy,1,1
60,healthy light dinner option,56,14,150,very spicy,0,0
60,healthy light dinner option,499,125,150,very spicy,1,1
60,healthy light dinner option,370,93,150,very spicy,1,1
60,healthy light dinner option,118,30,150,very spicy,0,0
60,healthy light dinner option,513,129,150,very spicy,0,0
60,healthy light dinner option,340,85,150,very spicy,0,0
60,healthy light dinner option,693,174,150,very spicy,0,0
60,healthy light dinner option,281,71,150,very spicy,1,0
60,healthy light dinner option,644,161,150,very spicy,1,0
60,cheesy comfort food,229,58,150,very spicy,1,0
60,cheesy comfort food,593,149,150,very spicy,0,0
60,cheesy comfort food,507,127,150,very spicy,1,1
60,cheesy comfort food,767,192,150,very spicy,1,0
60,cheesy comfort food,71,18,150,very spicy,0,0
60,cheesy comfort food,610,153,150,very spicy,0,0
60,cheesy comfort food,514,129,150,very spicy,1,0
60,cheesy comfort food,754,189,150,very spicy,1,1
60,cheesy comfort food,261,66,150,very spicy,1,0
60,cheesy comfort food,437,110,150,very spicy,1,0
60,healthy light dinner option,151,38,150,very spicy,0,0
60,healthy light dinner option,6,2,150,very spicy,0,0
60,healthy light dinner option,349,88,150,very spicy,1,1
60,healthy light dinner option,32,8,150,very spicy,1,1
60,healthy light dinner option,214,54,150,very spicy,0,0
60,healthy light dinner option,243,61,150,very spicy,0,0
60,healthy light dinner option,61,16,150,very spicy,1,1
60,healthy light dinner option,206,52,150,very spicy,1,0
60,healthy light dinner option,20,5,150,very spicy,0,0
60,healthy light dinner option,656,164,150,very spicy,0,0
60,mild non spicy food for kids,359,90,150,very spicy,1,0
60,mild non spicy food for kids,752,188,150,very spicy,1,0
60,mild non spicy food for kids,222,56,150,very spicy,1,0
60,mild non spicy food for kids,589,148,150,very spicy,1,1
60,mild non spicy food for kids,787,197,150,very spicy,1,1
60,mild non spicy food for kids,527,132,150,very spicy,0,0
60,mild non spicy food for kids,472,118,150,very spicy,1,1
60,mild non spicy food for kids,252,63,150,very spicy,1,0
60,mild non spicy food for kids,518,130,150,very spicy,1,0
60,mild non spicy food for kids,663,166,150,very spicy,1,0
61,healthy light dinner option,346,87,500,spicy,1,1
61,healthy light dinner option,676,169,500,spicy,1,1
61,healthy light dinner option,314,79,500,spicy,1,0
61,healthy light dinner option,758,190,500,spicy,1,0
61,healthy light dinner option,149,38,500,spicy,1,1
61,healthy light dinner option,723,181,500,spicy,1,0
61,healthy light dinner option,67,17,500,spicy,0,0
61,healthy light dinner option,51,13,500,spicy,1,0
61,healthy light dinner option,324,81,500,spicy,1,1
61,healthy light dinner option,722,181,500,spicy,0,0
61,street food cravings,404,101,500,spicy,1,1
61,street food cravings,209,53,500,spicy,1,0
61,street food cravings,777,195,500,spicy,1,0
61,street food cravings,496,124,500,spicy,1,1
61,street food cravings,504,126,500,spicy,0,0
61,street food cravings,90,23,500,spicy,1,0
61,street food cravings,724,181,500,spicy,1,1
61,street food cravings,476,119,500,spicy,1,1
61,street food cravings,564,141,500,spicy,1,1
61,street food cravings,80,20,500,spicy,0,0
61,vegan friendly dinner,630,158,500,spicy,1,1
61,vegan friendly dinner,629,158,500,spicy,0,0
61,vegan friendly dinner,722,181,500,spicy,1,1
61,vegan friendly dinner,283,71,500,spicy,0,0
61,vegan friendly dinner,505,127,500,spicy,1,0
61,vegan friendly dinner,378,95,500,spicy,1,0
61,vegan friendly dinner,649,163,500,spicy,1,0
61,vegan friendly dinner,627,157,500,spicy,1,0
61,vegan friendly dinner,756,189,500,spicy,0,0
61,vegan friendly dinner,31,8,500,spicy,0,0
61,street food cravings,457,115,500,spicy,0,0
61,street food cravings,238,60,500,spicy,1,0
61,street food cravings,590,148,500,spicy,1,1
61,street food cravings,535,134,500,spicy,0,0
61,street food cravings,133,34,500,spicy,1,0
61,street food cravings,699,175,500,spicy,1,1
61,street food cravings,447,112,500,spicy,1,0
61,street food cravings,185,47,500,spicy,0,0
61,street food cravings,350,88,500,spicy,0,0
61,street food cravings,243,61,500,spicy,1,0
61,biryani under 300 rupees,380,95,500,spicy,0,0
61,biryani under 300 rupees,663,166,500,spicy,1,0
61,biryani under 300 rupees,30,8,500,spicy,1,1
61,biryani under 300 rupees,297,75,500,spicy,0,0
61,biryani under 300 rupees,730,183,500,spicy,1,0
61,biryani under 300 rupees,541,136,500,spicy,1,1
61,biryani under 300 rupees,748,187,500,spicy,1,0
61,biryani under 300 rupees,206,52,500,spicy,1,0
61,biryani under 300 rupees,377,95,500,spicy,1,0
61,biryani under 300 rupees,278,70,500,spicy,1,0
61,quick breakfast idea,392,98,500,spicy,1,1
61,quick breakfast idea,228,57,500,spicy,1,0
61,quick breakfast idea,290,73,500,spicy,1,1
61,quick breakfast idea,718,180,500,spicy,0,0
61,quick breakfast idea,582,146,500,spicy,1,0
61,quick breakfast idea,675,169,500,spicy,1,0
61,quick breakfast idea,366,92,500,spicy,1,1
61,quick breakfast idea,704,176,500,spicy,1,0
61,quick breakfast idea,570,143,500,spicy,1,1
61,quick breakfast idea,48,12,500,spicy,1,0
61,quick breakfast idea,702,176,500,spicy,1,1
61,quick breakfast idea,268,67,500,spicy,1,1
61,quick breakfast idea,379,95,500,spicy,1,0
61,quick breakfast idea,365,92,500,spicy,0,0
61,quick breakfast idea,470,118,500,spicy,1,0
61,quick breakfast idea,336,84,500,spicy,1,1
61,quick breakfast idea,25,7,500,spicy,1,1
61,quick breakfast idea,795,199,500,spicy,1,0
61,quick breakfast idea,784,196,500,spicy,1,0
61,quick breakfast idea,94,24,500,spicy,1,0
61,healthy light dinner option,776,194,500,spicy,1,0
61,healthy light dinner option,608,152,500,spicy,1,0
61,healthy light dinner option,71,18,500,spicy,1,0
61,healthy light dinner option,529,133,500,spicy,0,0
61,healthy light dinner option,241,61,500,spicy,1,1
61,healthy light dinner option,49,13,500,spicy,1,1
61,healthy light dinner option,625,157,500,spicy,0,0
61,healthy light dinner option,367,92,500,spicy,0,0
61,healthy light dinner option,138,35,500,spicy,1,1
61,healthy light dinner option,509,128,500,spicy,1,0
62,cold coffee and snacks,84,21,350,medium,0,0
62,cold coffee and snacks,258,65,350,medium,0,0
62,cold coffee and snacks,200,50,350,medium,1,0
62,cold coffee and snacks,494,124,350,medium,1,0
62,cold coffee and snacks,205,52,350,medium,1,0
62,cold coffee and snacks,699,175,350,medium,1,0
62,cold coffee and snacks,548,137,350,medium,0,0
62,cold coffee and snacks,202,51,350,medium,1,0
62,cold coffee and snacks,530,133,350,medium,1,0
62,cold coffee and snacks,131,33,350,medium,0,0
62,sweet dessert to end the meal,261,66,350,medium,1,0
62,sweet dessert to end the meal,264,66,350,medium,1,1
62,sweet dessert to end the meal,10,3,350,medium,1,0
62,sweet dessert to end the meal,202,51,350,medium,0,0
62,sweet dessert to end the meal,295,74,350,medium,1,0
62,sweet dessert to end the meal,582,146,350,medium,1,1
62,sweet dessert to end the meal,531,133,350,medium,1,0
62,sweet dessert to end the meal,738,185,350,medium,0,0
62,sweet dessert to end the meal,701,176,350,medium,1,1
62,sweet dessert to end the meal,504,126,350,medium,1,0
62,something spicy and cheap under 200,330,83,350,medium,1,0
62,something spicy and cheap under 200,455,114,350,medium,1,0
62,something spicy and cheap under 200,667,167,350,medium,1,1
62,something spicy and cheap under 200,169,43,350,medium,1,0
62,something spicy and cheap under 200,786,197,350,medium,1,0
62,something spicy and cheap under 200,417,105,350,medium,1,1
62,something spicy and cheap under 200,170,43,350,medium,1,1
62,something spicy and cheap under 200,707,177,350,medium,1,0
62,something spicy and cheap under 200,688,172,350,medium,1,0
62,something spicy and cheap under 200,463,116,350,medium,0,0
62,mild non spicy food for kids,632,158,350,medium,1,0
62,mild non spicy food for kids,51,13,350,medium,1,1
62,mild non spicy food for kids,707,177,350,medium,1,1
62,mild non spicy food for kids,154,39,350,medium,1,0
62,mild non spicy food for kids,638,160,350,medium,0,0
62,mild non spicy food for kids,324,81,350,medium,1,1
62,mild non spicy food for kids,720,180,350,medium,1,1
62,mild non spicy food for kids,626,157,350,medium,1,0
62,mild non spicy food for kids,310,78,350,medium,1,0
62,mild non spicy food for kids,268,67,350,medium,1,0
62,healthy light dinner option,95,24,350,medium,1,1
62,healthy light dinner option,100,25,350,medium,1,0
62,healthy light dinner option,86,22,350,medium,1,0
62,healthy light dinner option,316,79,350,medium,1,0
62,healthy light dinner option,733,184,350,medium,1,0
62,healthy light dinner option,218,55,350,medium,1,1
62,healthy light dinner option,62,16,350,medium,1,0
62,healthy light dinner option,116,29,350,medium,1,0
62,healthy light dinner option,474,119,350,medium,0,0
62,healthy light dinner option,526,132,350,medium,0,0
62,mild non spicy food for kids,683,171,350,medium,1,0
62,mild non spicy food for kids,590,148,350,medium,1,1
62,mild non spicy food for kids,6,2,350,medium,1,0
62,mild non spicy food for kids,418,105,350,medium,1,1
62,mild non spicy food for kids,82,21,350,medium,1,0
62,mild non spicy food for kids,178,45,350,medium,1,1
62,mild non spicy food for kids,485,122,350,medium,1,0
62,mild non spicy food for kids,455,114,350,medium,1,1
62,mild non spicy food for kids,399,100,350,medium,0,0
62,mild non spicy food for kids,326,82,350,medium,1,0
62,cold coffee and snacks,704,176,350,medium,1,0
62,cold coffee and snacks,641,161,350,medium,1,1
62,cold coffee and snacks,295,74,350,medium,1,0
62,cold coffee and snacks,15,4,350,medium,1,1
62,cold coffee and snacks,494,124,350,medium,1,0
62,cold coffee and snacks,310,78,350,medium,1,1
62,cold coffee and snacks,692,173,350,medium,0,0
62,cold coffee and snacks,601,151,350,medium,1,0
62,cold coffee and snacks,259,65,350,medium,1,1
62,cold coffee and snacks,245,62,350,medium,1,1
62,quick breakfast idea,30,8,350,medium,1,0
62,quick breakfast idea,123,31,350,medium,1,1
62,quick breakfast idea,760,190,350,medium,1,1
62,quick breakfast idea,92,23,350,medium,1,0
62,quick breakfast idea,546,137,350,medium,1,0
62,quick breakfast idea,443,111,350,medium,0,0
62,quick breakfast idea,533,134,350,medium,1,1
62,quick breakfast idea,506,127,350,medium,1,0
62,quick breakfast idea,142,36,350,medium,1,1
62,quick breakfast idea,499,125,350,medium,1,0
63,cold coffee and snacks,671,168,350,medium,1,0
63,cold coffee and snacks,173,44,350,medium,0,0
63,cold coffee and snacks,489,123,350,medium,0,0
63,cold coffee and snacks,613,154,350,medium,1,1
63,cold coffee and snacks,25,7,350,medium,1,1
63,cold coffee and snacks,255,64,350,medium,1,0
63,cold coffee and snacks,462,116,350,medium,1,0
63,cold coffee and snacks,383,96,350,medium,1,1
63,cold coffee and snacks,618,155,350,medium,1,0
63,cold coffee and snacks,730,183,350,medium,1,1
63,vegan friendly dinner,72,18,350,medium,0,0
63,vegan friendly dinner,343,86,350,medium,1,0
63,vegan friendly dinner,107,27,350,medium,1,0
63,vegan friendly dinner,486,122,350,medium,1,0
63,vegan friendly dinner,164,41,350,medium,1,1
63,vegan friendly dinner,664,166,350,medium,0,0
63,vegan friendly dinner,352,88,350,medium,1,1
63,vegan friendly dinner,678,170,350,medium,1,0
63,vegan friendly dinner,265,67,350,medium,1,1
63,vegan friendly dinner,357,90,350,medium,1,0
63,something spicy and cheap under 200,39,10,350,medium,1,1
63,something spicy and cheap under 200,163,41,350,medium,1,0
63,something spicy and cheap under 200,426,107,350,medium,0,0
63,something spicy and cheap under 200,438,110,350,medium,1,0
63,something spicy and cheap under 200,549,138,350,medium,1,0
63,something spicy and cheap under 200,639,160,350,medium,1,1
63,something spicy and cheap under 200,8,2,350,medium,1,0
63,something spicy and cheap under 200,87,22,350,medium,1,0
63,something spicy and cheap under 200,286,72,350,medium,0,0
63,something spicy and cheap under 200,504,126,350,medium,1,1
63,street food cravings,569,143,350,medium,1,0
63,street food cravings,30,8,350,medium,1,1
63,street food cravings,717,180,350,medium,1,0
63,street food cravings,638,160,350,medium,1,0
63,street food cravings,415,104,350,medium,1,0
63,street food cravings,795,199,350,medium,1,0
63,street food cravings,271,68,350,medium,1,0
63,street food cravings,509,128,350,medium,1,0
63,street food cravings,79,20,350,medium,1,1
63,street food cravings,768,192,350,medium,1,0
63,something spicy and cheap under 200,312,78,350,medium,1,0
63,something spicy and cheap under 200,735,184,350,medium,1,1
63,something spicy and cheap under 200,779,195,350,medium,0,0
63,something spicy and cheap under 200,319,80,350,medium,1,0
63,something spicy and cheap under 200,609,153,350,medium,1,0
63,something spicy and cheap under 200,706,177,350,medium,1,1
63,something spicy and cheap under 200,471,118,350,medium,0,0
63,something spicy and cheap under 200,313,79,350,medium,1,1
63,something spicy and cheap under 200,163,41,350,medium,0,0
63,something spicy and cheap under 200,589,148,350,medium,1,0
63,quick breakfast idea,156,39,350,medium,1,0
63,quick breakfast idea,317,80,350,medium,1,0
63,quick breakfast idea,45,12,350,medium,0,0
63,quick breakfast idea,159,40,350,medium,1,0
63,quick breakfast idea,289,73,350,medium,1,1
63,quick breakfast idea,621,156,350,medium,1,0
63,quick breakfast idea,764,191,350,medium,1,1
63,quick breakfast idea,693,174,350,medium,1,1
63,quick breakfast idea,48,12,350,medium,1,1
63,quick breakfast idea,367,92,350,medium,1,0
63,mild non spicy food for kids,785,197,350,medium,1,1
63,mild non spicy food for kids,788,197,350,medium,1,0
63,mild non spicy food for kids,201,51,350,medium,1,1
63,mild non spicy food for kids,465,117,350,medium,1,0
63,mild non spicy food for kids,174,44,350,medium,1,0
63,mild non spicy food for kids,770,193,350,medium,1,1
63,mild non spicy food for kids,27,7,350,medium,1,0
63,mild non spicy food for kids,67,17,350,medium,0,0
63,mild non spicy food for kids,570,143,350,medium,1,0
63,mild non spicy food for kids,722,181,350,medium,1,1
63,sweet dessert to end the meal,364,91,350,medium,0,0
63,sweet dessert to end the meal,434,109,350,medium,1,1
63,sweet dessert to end the meal,104,26,350,medium,1,0
63,sweet dessert to end the meal,205,52,350,medium,1,0
63,sweet dessert to end the meal,477,120,350,medium,1,0
63,sweet dessert to end the meal,627,157,350,medium,0,0
63,sweet dessert to end the meal,16,4,350,medium,0,0
63,sweet dessert to end the meal,533,134,350,medium,0,0
63,sweet dessert to end the meal,9,3,350,medium,0,0
63,sweet dessert to end the meal,587,147,350,medium,1,1
64,mild non spicy food for kids,514,129,150,spicy,1,0
64,mild non spicy food for kids,654,164,150,spicy,1,0
64,mild non spicy food for kids,369,93,150,spicy,0,0
64,mild non spicy food for kids,603,151,150,spicy,1,1
64,mild non spicy food for kids,538,135,150,spicy,0,0
64,mild non spicy food for kids,346,87,150,spicy,1,1
64,mild non spicy food for kids,154,39,150,spicy,0,0
64,mild non spicy food for kids,696,174,150,spicy,1,0
64,mild non spicy food for kids,590,148,150,spicy,0,0
64,mild non spicy food for kids,577,145,150,spicy,1,0
64,cold coffee and snacks,423,106,150,spicy,1,0
64,cold coffee and snacks,658,165,150,spicy,1,1
64,cold coffee and snacks,102,26,150,spicy,1,1
64,cold coffee and snacks,134,34,150,spicy,0,0
64,cold coffee and snacks,787,197,150,spicy,1,0
64,cold coffee and snacks,378,95,150,spicy,1,0
64,cold coffee and snacks,19,5,150,spicy,0,0
64,cold coffee and snacks,163,41,150,spicy,1,0
64,cold coffee and snacks,57,15,150,spicy,1,0
64,cold coffee and snacks,586,147,150,spicy,0,0
64,something spicy and cheap under 200,43,11,150,spicy,0,0
64,something spicy and cheap under 200,370,93,150,spicy,0,0
64,something spicy and cheap under 200,97,25,150,spicy,0,0
64,something spicy and cheap under 200,379,95,150,spicy,1,0
64,something spicy and cheap under 200,366,92,150,spicy,0,0
64,something spicy and cheap under 200,596,149,150,spicy,0,0
64,something spicy and cheap under 200,316,79,150,spicy,0,0
64,something spicy and cheap under 200,136,34,150,spicy,0,0
64,something spicy and cheap under 200,58,15,150,spicy,1,1
64,something spicy and cheap under 200,423,106,150,spicy,1,1
64,sweet dessert to end the meal,26,7,150,spicy,0,0
64,sweet dessert to end the meal,168,42,150,spicy,0,0
64,sweet dessert to end the meal,308,77,150,spicy,1,0
64,sweet dessert to end the meal,233,59,150,spicy,1,0
64,sweet dessert to end the meal,166,42,150,spicy,0,0
64,sweet dessert to end the meal,14,4,150,spicy,0,0
64,sweet dessert to end the meal,772,193,150,spicy,1,1
64,sweet dessert to end the meal,373,94,150,spicy,1,0
64,sweet dessert to end the meal,610,153,150,spicy,1,1
64,sweet dessert to end the meal,629,158,150,spicy,1,0
64,healthy light dinner option,762,191,150,spicy,0,0
64,healthy light dinner option,50,13,150,spicy,1,0
64,healthy light dinner option,66,17,150,spicy,1,0
64,healthy light dinner option,707,177,150,spicy,1,0
64,healthy light dinner option,534,134,150,spicy,1,1
64,healthy light dinner option,11,3,150,spicy,0,0
64,healthy light dinner option,224,56,150,spicy,1,1
64,healthy light dinner option,29,8,150,spicy,0,0
64,healthy light dinner option,296,74,150,spicy,1,0
64,healthy light dinner option,795,199,150,spicy,1,0
64,quick breakfast idea,336,84,150,spicy,0,0
64,quick breakfast idea,662,166,150,spicy,1,1
64,quick breakfast idea,197,50,150,spicy,1,0
64,quick breakfast idea,658,165,150,spicy,1,1
64,quick breakfast idea,710,178,150,spicy,1,0
64,quick breakfast idea,627,157,150,spicy,1,1
64,quick breakfast idea,753,189,150,spicy,1,0
64,quick breakfast idea,749,188,150,spicy,1,0
64,quick breakfast idea,604,151,150,spicy,1,1
64,quick breakfast idea,200,50,150,spicy,1,0
64,quick breakfast idea,307,77,150,spicy,1,0
64,quick breakfast idea,426,107,150,spicy,0,0
64,quick breakfast idea,376,94,150,spicy,1,1
64,quick breakfast idea,784,196,150,spicy,1,0
64,quick breakfast idea,542,136,150,spicy,0,0
64,quick breakfast idea,230,58,150,spicy,0,0
64,quick breakfast idea,104,26,150,spicy,0,0
64,quick breakfast idea,274,69,150,spicy,1,0
64,quick breakfast idea,265,67,150,spicy,0,0
64,quick breakfast idea,438,110,150,spicy,1,1
64,cold coffee and snacks,160,40,150,spicy,0,0
64,cold coffee and snacks,328,82,150,spicy,0,0
64,cold coffee and snacks,527,132,150,spicy,0,0
64,cold coffee and snacks,791,198,150,spicy,1,0
64,cold coffee and snacks,385,97,150,spicy,1,0
64,cold coffee and snacks,598,150,150,spicy,0,0
64,cold coffee and snacks,66,17,150,spicy,0,0
64,cold coffee and snacks,609,153,150,spicy,1,0
64,cold coffee and snacks,10,3,150,spicy,0,0
64,cold coffee and snacks,164,41,150,spicy,1,1
65,something spicy and cheap under 200,751,188,500,spicy,0,0
65,something spicy and cheap under 200,756,189,500,spicy,1,0
65,something spicy and cheap under 200,165,42,500,spicy,1,0
65,something spicy and cheap under 200,675,169,500,spicy,1,0
65,something spicy and cheap under 200,526,132,500,spicy,1,0
65,something spicy and cheap under 200,714,179,500,spicy,1,0
65,something spicy and cheap under 200,475,119,500,spicy,1,0
65,something spicy and cheap under 200,745,187,500,spicy,1,1
65,something spicy and cheap under 200,50,13,500,spicy,1,0
65,something spicy and cheap under 200,766,192,500,spicy,1,1
65,healthy light dinner option,605,152,500,spicy,1,1
65,healthy light dinner option,560,140,500,spicy,1,0
65,healthy light dinner option,193,49,500,spicy,0,0
65,healthy light dinner option,224,56,500,spicy,1,0
65,healthy light dinner option,275,69,500,spicy,1,1
65,healthy light dinner option,580,145,500,spicy,1,0
65,healthy light dinner option,508,127,500,spicy,1,1
65,healthy light dinner option,466,117,500,spicy,1,1
65,healthy light dinner option,737,185,500,spicy,1,0
65,healthy light dinner option,476,119,500,spicy,1,0
65,cold coffee and snacks,557,140,500,spicy,1,0
65,cold coffee and snacks,733,184,500,spicy,1,0
65,cold coffee and snacks,92,23,500,spicy,0,0
65,cold coffee and snacks,421,106,500,spicy,1,1
65,cold coffee and snacks,726,182,500,spicy,1,0
65,cold coffee and snacks,769,193,500,spicy,1,0
65,cold coffee and snacks,550,138,500,spicy,1,0
65,cold coffee and snacks,570,143,500,spicy,1,0
65,cold coffee and snacks,83,21,500,spicy,1,1
65,cold coffee and snacks,497,125,500,spicy,1,1
65,biryani under 300 rupees,435,109,500,spicy,1,0
65,biryani under 300 rupees,398,100,500,spicy,1,1
65,biryani under 300 rupees,154,39,500,spicy,1,1
65,biryani under 300 rupees,613,154,500,spicy,1,0
65,biryani under 300 rupees,385,97,500,spicy,1,1
65,biryani under 300 rupees,186,47,500,spicy,1,0
65,biryani under 300 rupees,712,178,500,spicy,1,0
65,biryani under 300 rupees,314,79,500,spicy,1,1
65,biryani under 300 rupees,634,159,500,spicy,1,1
65,biryani under 300 rupees,552,138,500,spicy,1,1
65,biryani under 300 rupees,541,136,500,spicy,1,0
65,biryani under 300 rupees,670,168,500,spicy,1,1
65,biryani under 300 rupees,264,66,500,spicy,0,0
65,biryani under 300 rupees,86,22,500,spicy,1,1
65,biryani under 300 rupees,315,79,500,spicy,1,0
65,biryani under 300 rupees,626,157,500,spicy,1,1
65,biryani under 300 rupees,255,64,500,spicy,1,0
65,biryani under 300 rupees,353,89,500,spicy,1,0
65,biryani under 300 rupees,209,53,500,spicy,0,0
65,biryani under 300 rupees,697,175,500,spicy,1,0
65,cheesy comfort food,28,7,500,spicy,0,0
65,cheesy comfort food,194,49,500,spicy,0,0
65,cheesy comfort food,702,176,500,spicy,1,0
65,cheesy comfort food,483,121,500,spicy,0,0
65,cheesy comfort food,392,98,500,spicy,0,0
65,cheesy comfort food,581,146,500,spicy,1,0
65,cheesy comfort food,284,71,500,spicy,1,0
65,cheesy comfort food,697,175,500,spicy,1,0
65,cheesy comfort food,360,90,500,spicy,1,1
65,cheesy comfort food,332,83,500,spicy,0,0
65,sweet dessert to end the meal,480,120,500,spicy,1,1
65,sweet dessert to end the meal,315,79,500,spicy,1,1
65,sweet dessert to end the meal,702,176,500,spicy,1,1
65,sweet dessert to end the meal,413,104,500,spicy,1,0
65,sweet dessert to end the meal,176,44,500,spicy,1,1
65,sweet dessert to end the meal,591,148,500,spicy,1,1
65,sweet dessert to end the meal,421,106,500,spicy,1,1
65,sweet dessert to end the meal,344,86,500,spicy,1,1
65,sweet dessert to end the meal,672,168,500,spicy,1,0
65,sweet dessert to end the meal,36,9,500,spicy,1,0
65,healthy light dinner option,103,26,500,spicy,0,0
65,healthy light dinner option,704,176,500,spicy,1,0
65,healthy light dinner option,93,24,500,spicy,1,0
65,healthy light dinner option,465,117,500,spicy,1,1
65,healthy light dinner option,634,159,500,spicy,1,1
65,healthy light dinner option,275,69,500,spicy,1,0
65,healthy light dinner option,339,85,500,spicy,1,1
65,healthy light dinner option,399,100,500,spicy,1,0
65,healthy light dinner option,299,75,500,spicy,1,0
65,healthy light dinner option,245,62,500,spicy,1,1
66,cold coffee and snacks,401,101,350,very spicy,1,0
66,cold coffee and snacks,389,98,350,very spicy,1,0
66,cold coffee and snacks,231,58,350,very spicy,1,1
66,cold coffee and snacks,20,5,350,very spicy,1,0
66,cold coffee and snacks,27,7,350,very spicy,1,1
66,cold coffee and snacks,423,106,350,very spicy,1,1
66,cold coffee and snacks,638,160,350,very spicy,1,0
66,cold coffee and snacks,28,7,350,very spicy,1,0
66,cold coffee and snacks,549,138,350,very spicy,1,1
66,cold coffee and snacks,646,162,350,very spicy,1,0
66,something spicy and cheap under 200,62,16,350,very spicy,1,0
66,something spicy and cheap under 200,160,40,350,very spicy,0,0
66,something spicy and cheap under 200,314,79,350,very spicy,1,1
66,something spicy and cheap under 200,251,63,350,very spicy,1,1
66,something spicy and cheap under 200,438,110,350,very spicy,1,1
66,something spicy and cheap under 200,3,1,350,very spicy,1,0
66,something spicy and cheap under 200,221,56,350,very spicy,1,1
66,something spicy and cheap under 200,83,21,350,very spicy,1,0
66,something spicy and cheap under 200,417,105,350,very spicy,1,0
66,something spicy and cheap under 200,459,115,350,very spicy,1,0
66,something spicy and cheap under 200,323,81,350,very spicy,1,0
66,something spicy and cheap under 200,69,18,350,very spicy,1,1
66,something spicy and cheap under 200,513,129,350,very spicy,1,0
66,something spicy and cheap under 200,531,133,350,very spicy,1,0
66,something spicy and cheap under 200,658,165,350,very spicy,1,0
66,something spicy and cheap under 200,610,153,350,very spicy,1,1
66,something spicy and cheap under 200,777,195,350,very spicy,1,0
66,something spicy and cheap under 200,12,3,350,very spicy,1,1
66,something spicy and cheap under 200,409,103,350,very spicy,0,0
66,something spicy and cheap under 200,338,85,350,very spicy,1,1
66,cheesy comfort food,780,195,350,very spicy,1,1
66,cheesy comfort food,791,198,350,very spicy,1,0
66,cheesy comfort food,160,40,350,very spicy,1,1
66,cheesy comfort food,276,69,350,very spicy,1,1
66,cheesy comfort food,98,25,350,very spicy,1,0
66,cheesy comfort food,402,101,350,very spicy,1,0
66,cheesy comfort food,597,150,350,very spicy,0,0
66,cheesy comfort food,43,11,350,very spicy,0,0
66,cheesy comfort food,595,149,350,very spicy,0,0
66,cheesy comfort food,567,142,350,very spicy,1,0
66,cold coffee and snacks,26,7,350,very spicy,1,0
66,cold coffee and snacks,244,61,350,very spicy,1,0
66,cold coffee and snacks,122,31,350,very spicy,1,0
66,cold coffee and snacks,262,66,350,very spicy,1,0
66,cold coffee and snacks,504,126,350,very spicy,0,0
66,cold coffee and snacks,606,152,350,very spicy,1,1
66,cold coffee and snacks,493,124,350,very spicy,0,0
66,cold coffee and snacks,703,176,350,very spicy,0,0
66,cold coffee and snacks,681,171,350,very spicy,1,0
66,cold coffee and snacks,198,50,350,very spicy,0,0
66,cheesy comfort food,489,123,350,very spicy,1,1
66,cheesy comfort food,184,46,350,very spicy,0,0
66,cheesy comfort food,324,81,350,very spicy,0,0
66,cheesy comfort food,115,29,350,very spicy,1,1
66,cheesy comfort food,587,147,350,very spicy,1,1
66,cheesy comfort food,583,146,350,very spicy,1,1
66,cheesy comfort food,455,114,350,very spicy,1,0
66,cheesy comfort food,128,32,350,very spicy,1,0
66,cheesy comfort food,782,196,350,very spicy,1,1
66,cheesy comfort food,760,190,350,very spicy,1,0
66,biryani under 300 rupees,266,67,350,very spicy,1,1
66,biryani under 300 rupees,684,171,350,very spicy,1,1
66,biryani under 300 rupees,476,119,350,very spicy,0,0
66,biryani under 300 rupees,751,188,350,very spicy,0,0
66,biryani under 300 rupees,707,177,350,very spicy,0,0
66,biryani under 300 rupees,371,93,350,very spicy,1,1
66,biryani under 300 rupees,619,155,350,very spicy,1,0
66,biryani under 300 rupees,345,87,350,very spicy,0,0
66,biryani under 300 rupees,387,97,350,very spicy,1,0
66,biryani under 300 rupees,188,47,350,very spicy,1,0
66,sweet dessert to end the meal,509,128,350,very spicy,1,1
66,sweet dessert to end the meal,444,111,350,very spicy,0,0
66,sweet dessert to end the meal,176,44,350,very spicy,1,1
66,sweet dessert to end the meal,545,137,350,very spicy,1,1
66,sweet dessert to end the meal,786,197,350,very spicy,1,0
66,sweet dessert to end the meal,171,43,350,very spicy,1,1
66,sweet dessert to end the meal,573,144,350,very spicy,1,0
66,sweet dessert to end the meal,116,29,350,very spicy,1,0
66,sweet dessert to end the meal,86,22,350,very spicy,1,1
66,sweet dessert to end the meal,72,18,350,very spicy,0,0
67,cheesy comfort food,437,110,150,mild,1,1
67,cheesy comfort food,38,10,150,mild,1,0
67,cheesy comfort food,618,155,150,mild,0,0
67,cheesy comfort food,682,171,150,mild,1,0
67,cheesy comfort food,800,200,150,mild,0,0
67,cheesy comfort food,28,7,150,mild,0,0
67,cheesy comfort food,18,5,150,mild,0,0
67,cheesy comfort food,777,195,150,mild,0,0
67,cheesy comfort food,450,113,150,mild,1,0
67,cheesy comfort food,732,183,150,mild,0,0
67,mild non spicy food for kids,563,141,150,mild,1,1
67,mild non spicy food for kids,396,99,150,mild,0,0
67,mild non spicy food for kids,244,61,150,mild,1,0
67,mild non spicy food for kids,231,58,150,mild,1,0
67,mild non spicy food for kids,91,23,150,mild,1,0
67,mild non spicy food for kids,599,150,150,mild,0,0
67,mild non spicy food for kids,72,18,150,mild,1,1
67,mild non spicy food for kids,315,79,150,mild,1,1
67,mild non spicy food for kids,555,139,150,mild,0,0
67,mild non spicy food for kids,467,117,150,mild,1,1
67,cheesy comfort food,562,141,150,mild,0,0
67,cheesy comfort food,699,175,150,mild,1,0
67,cheesy comfort food,527,132,150,mild,1,0
67,cheesy comfort food,515,129,150,mild,0,0
67,cheesy comfort food,530,133,150,mild,1,1
67,cheesy comfort food,491,123,150,mild,0,0
67,cheesy comfort food,289,73,150,mild,0,0
67,cheesy comfort food,583,146,150,mild,1,0
67,cheesy comfort food,601,151,150,mild,0,0
67,cheesy comfort food,656,164,150,mild,1,1
67,biryani under 300 rupees,458,115,150,mild,0,0
67,biryani under 300 rupees,769,193,150,mild,1,0
67,biryani under 300 rupees,573,144,150,mild,0,0
67,biryani under 300 rupees,259,65,150,mild,0,0
67,biryani under 300 rupees,185,47,150,mild,1,1
67,biryani under 300 rupees,293,74,150,mild,0,0
67,biryani under 300 rupees,681,171,150,mild,1,1
67,biryani under 300 rupees,279,70,150,mild,1,1
67,biryani under 300 rupees,178,45,150,mild,1,1
67,biryani under 300 rupees,12,3,150,mild,1,1
67,cold coffee and snacks,34,9,150,mild,0,0
67,cold coffee and snacks,514,129,150,mild,0,0
67,cold coffee and snacks,318,80,150,mild,1,1
67,cold coffee and snacks,617,155,150,mild,0,0
67,cold coffee and snacks,32,8,150,mild,1,1
67,cold coffee and snacks,512,128,150,mild,0,0
67,cold coffee and snacks,5,2,150,mild,0,0
67,cold coffee and snacks,31,8,150,mild,0,0
67,cold coffee and snacks,192,48,150,mild,1,0
67,cold coffee and snacks,426,107,150,mild,0,0
67,cheesy comfort food,410,103,150,mild,0,0
67,cheesy comfort food,610,153,150,mild,1,1
67,cheesy comfort food,788,197,150,mild,1,1
67,cheesy comfort food,291,73,150,mild,0,0
67,cheesy comfort food,787,197,150,mild,0,0
67,cheesy comfort food,465,117,150,mild,1,1
67,cheesy comfort food,125,32,150,mild,1,0
67,cheesy comfort food,564,141,150,mild,0,0
67,cheesy comfort food,324,81,150,mild,1,0
67,cheesy comfort food,530,133,150,mild,0,0
67,cheesy comfort food,444,111,150,mild,1,0
67,cheesy comfort food,312,78,150,mild,0,0
67,cheesy comfort food,258,65,150,mild,1,0
67,cheesy comfort food,675,169,150,mild,0,0
67,cheesy comfort food,683,171,150,mild,1,0
67,cheesy comfort food,355,89,150,mild,0,0
67,cheesy comfort food,745,187,150,mild,1,0
67,cheesy comfort food,522,131,150,mild,0,0
67,cheesy comfort food,746,187,150,mild,0,0
67,cheesy comfort food,16,4,150,mild,1,1
67,street food cravings,641,161,150,mild,1,0
67,street food cravings,588,147,150,mild,1,1
67,street food cravings,422,106,150,mild,1,0
67,street food cravings,703,176,150,mild,0,0
67,street food cravings,751,188,150,mild,0,0
67,street food cravings,792,198,150,mild,0,0
67,street food cravings,760,190,150,mild,1,0
67,street food cravings,676,169,150,mild,1,0
67,street food cravings,602,151,150,mild,0,0
67,street food cravings,58,15,150,mild,1,0
68,healthy light dinner option,27,7,250,spicy,1,1
68,healthy light dinner option,473,119,250,spicy,1,1
68,healthy light dinner option,360,90,250,spicy,1,0
68,healthy light dinner option,712,178,250,spicy,1,0
68,healthy light dinner option,560,140,250,spicy,1,0
68,healthy light dinner option,188,47,250,spicy,0,0
68,healthy light dinner option,469,118,250,spicy,1,0
68,healthy light dinner option,433,109,250,spicy,0,0
68,healthy light dinner option,597,150,250,spicy,1,0
68,healthy light dinner option,787,197,250,spicy,1,0
68,vegan friendly dinner,663,166,250,spicy,0,0
68,vegan friendly dinner,18,5,250,spicy,1,0
68,vegan friendly dinner,559,140,250,spicy,1,0
68,vegan friendly dinner,476,119,250,spicy,1,0
68,vegan friendly dinner,756,189,250,spicy,1,0
68,vegan friendly dinner,556,139,250,spicy,1,0
68,vegan friendly dinner,141,36,250,spicy,1,0
68,vegan friendly dinner,487,122,250,spicy,1,1
68,vegan friendly dinner,557,140,250,spicy,1,0
68,vegan friendly dinner,411,103,250,spicy,0,0
68,biryani under 300 rupees,153,39,250,spicy,1,1
68,biryani under 300 rupees,235,59,250,spicy,1,1
68,biryani under 300 rupees,249,63,250,spicy,0,0
68,biryani under 300 rupees,619,155,250,spicy,0,0
68,biryani under 300 rupees,727,182,250,spicy,0,0
68,biryani under 300 rupees,86,22,250,spicy,0,0
68,biryani under 300 rupees,163,41,250,spicy,1,1
68,biryani under 300 rupees,691,173,250,spicy,1,0
68,biryani under 300 rupees,437,110,250,spicy,1,1
68,biryani under 300 rupees,770,193,250,spicy,1,1
68,street food cravings,278,70,250,spicy,0,0
68,street food cravings,756,189,250,spicy,1,0
68,street food cravings,736,184,250,spicy,0,0
68,street food cravings,608,152,250,spicy,1,1
68,street food cravings,454,114,250,spicy,0,0
68,street food cravings,114,29,250,spicy,1,1
68,street food cravings,375,94,250,spicy,1,0
68,street food cravings,1,1,250,spicy,1,0
68,street food cravings,351,88,250,spicy,1,0
68,street food cravings,86,22,250,spicy,1,1
68,something spicy and cheap under 200,353,89,250,spicy,1,0
68,something spicy and cheap under 200,23,6,250,spicy,1,1
68,something spicy and cheap under 200,22,6,250,spicy,1,0
68,something spicy and cheap under 200,218,55,250,spicy,1,0
68,something spicy and cheap under 200,773,194,250,spicy,1,1
68,something spicy and cheap under 200,2,1,250,spicy,0,0
68,something spicy and cheap under 200,503,126,250,spicy,0,0
68,something spicy and cheap under 200,167,42,250,spicy,0,0
68,something spicy and cheap under 200,16,4,250,spicy,1,0
68,something spicy and cheap under 200,336,84,250,spicy,1,1
68,mild non spicy food for kids,174,44,250,spicy,1,1
68,mild non spicy food for kids,191,48,250,spicy,0,0
68,mild non spicy food for kids,161,41,250,spicy,1,0
68,mild non spicy food for kids,87,22,250,spicy,1,0
68,mild non spicy food for kids,796,199,250,spicy,1,0
68,mild non spicy food for kids,117,30,250,spicy,1,0
68,mild non spicy food for kids,86,22,250,spicy,0,0
68,mild non spicy food for kids,666,167,250,spicy,1,1
68,mild non spicy food for kids,341,86,250,spicy,1,0
68,mild non spicy food for kids,96,24,250,spicy,1,0
68,street food cravings,781,196,250,spicy,0,0
68,street food cravings,47,12,250,spicy,1,1
68,street food cravings,461,116,250,spicy,1,0
68,street food cravings,337,85,250,spicy,1,0
68,street food cravings,256,64,250,spicy,0,0
68,street food cravings,650,163,250,spicy,1,1
68,street food cravings,383,96,250,spicy,1,1
68,street food cravings,43,11,250,spicy,1,0
68,street food cravings,29,8,250,spicy,1,0
68,street food cravings,594,149,250,spicy,0,0
68,quick breakfast idea,690,173,250,spicy,1,0
68,quick breakfast idea,550,138,250,spicy,0,0
68,quick breakfast idea,90,23,250,spicy,1,0
68,quick breakfast idea,556,139,250,spicy,0,0
68,quick breakfast idea,504,126,250,spicy,0,0
68,quick breakfast idea,199,50,250,spicy,0,0
68,quick breakfast idea,347,87,250,spicy,0,0
68,quick breakfast idea,374,94,250,spicy,1,0
68,quick breakfast idea,152,38,250,spicy,1,1
68,quick breakfast idea,625,157,250,spicy,1,0
69,sweet dessert to end the meal,95,24,250,very spicy,1,0
69,sweet dessert to end the meal,534,134,250,very spicy,1,1
69,sweet dessert to end the meal,179,45,250,very spicy,1,1
69,sweet dessert to end the meal,674,169,250,very spicy,1,0
69,sweet dessert to end the meal,552,138,250,very spicy,1,1
69,sweet dessert to end the meal,537,135,250,very spicy,1,1
69,sweet dessert to end the meal,555,139,250,very spicy,0,0
69,sweet dessert to end the meal,267,67,250,very spicy,0,0
69,sweet dessert to end the meal,72,18,250,very spicy,1,1
69,sweet dessert to end the meal,626,157,250,very spicy,1,1
69,cheesy comfort food,438,110,250,very spicy,0,0
69,cheesy comfort food,606,152,250,very spicy,1,0
69,cheesy comfort food,406,102,250,very spicy,1,1
69,cheesy comfort food,147,37,250,very spicy,1,1
69,cheesy comfort food,100,25,250,very spicy,1,0
69,cheesy comfort food,582,146,250,very spicy,1,1
69,cheesy comfort food,165,42,250,very spicy,1,1
69,cheesy comfort food,796,199,250,very spicy,1,0
69,cheesy comfort food,9,3,250,very spicy,1,0
69,cheesy comfort food,789,198,250,very spicy,1,0
69,biryani under 300 rupees,425,107,250,very spicy,0,0
69,biryani under 300 rupees,753,189,250,very spicy,1,1
69,biryani under 300 rupees,653,164,250,very spicy,1,1
69,biryani under 300 rupees,645,162,250,very spicy,1,1
69,biryani under 300 rupees,314,79,250,very spicy,0,0
69,biryani under 300 rupees,213,54,250,very spicy,1,0
69,biryani under 300 rupees,598,150,250,very spicy,1,1
69,biryani under 300 rupees,706,177,250,very spicy,1,1
69,biryani under 300 rupees,732,183,250,very spicy,0,0
69,biryani under 300 rupees,640,160,250,very spicy,1,0
69,biryani under 300 rupees,140,35,250,very spicy,1,0
69,biryani under 300 rupees,351,88,250,very spicy,0,0
69,biryani under 300 rupees,164,41,250,very spicy,1,0
69,biryani under 300 rupees,443,111,250,very spicy,1,0
69,biryani under 300 rupees,383,96,250,very spicy,1,0
69,biryani under 300 rupees,304,76,250,very spicy,1,0
69,biryani under 300 rupees,168,42,250,very spicy,1,1
69,biryani under 300 rupees,32,8,250,very spicy,1,0
69,biryani under 300 rupees,80,20,250,very spicy,1,0
69,biryani under 300 rupees,636,159,250,very spicy,1,0
69,sweet dessert to end the meal,502,126,250,very spicy,1,0
69,sweet dessert to end the meal,495,124,250,very spicy,0,0
69,sweet dessert to end the meal,184,46,250,very spicy,1,1
69,sweet dessert to end the meal,520,130,250,very spicy,1,1
69,sweet dessert to end the meal,35,9,250,very spicy,1,0
69,sweet dessert to end the meal,706,177,250,very spicy,0,0
69,sweet dessert to end the meal,37,10,250,very spicy,0,0
69,sweet dessert to end the meal,702,176,250,very spicy,0,0
69,sweet dessert to end the meal,213,54,250,very spicy,0,0
69,sweet dessert to end the meal,210,53,250,very spicy,1,1
69,healthy light dinner option,666,167,250,very spicy,0,0
69,healthy light dinner option,262,66,250,very spicy,1,0
69,healthy light dinner option,729,183,250,very spicy,0,0
69,healthy light dinner option,630,158,250,very spicy,0,0
69,healthy light dinner option,376,94,250,very spicy,1,0
69,healthy light dinner option,516,129,250,very spicy,1,1
69,healthy light dinner option,691,173,250,very spicy,1,0
69,healthy light dinner option,399,100,250,very spicy,0,0
69,healthy light dinner option,167,42,250,very spicy,1,1
69,healthy light dinner option,714,179,250,very spicy,0,0
69,cheesy comfort food,563,141,250,very spicy,1,0
69,cheesy comfort food,787,197,250,very spicy,1,0
69,cheesy comfort food,260,65,250,very spicy,1,0
69,cheesy comfort food,580,145,250,very spicy,1,0
69,cheesy comfort food,691,173,250,very spicy,1,1
69,cheesy comfort food,748,187,250,very spicy,1,1
69,cheesy comfort food,104,26,250,very spicy,1,0
69,cheesy comfort food,712,178,250,very spicy,0,0
69,cheesy comfort food,296,74,250,very spicy,0,0
69,cheesy comfort food,204,51,250,very spicy,1,0
69,healthy light dinner option,462,116,250,very spicy,1,1
69,healthy light dinner option,793,199,250,very spicy,1,0
69,healthy light dinner option,645,162,250,very spicy,1,0
69,healthy light dinner option,728,182,250,very spicy,0,0
69,healthy light dinner option,591,148,250,very spicy,0,0
69,healthy light dinner option,474,119,250,very spicy,1,1
69,healthy light dinner option,439,110,250,very spicy,1,0
69,healthy light dinner option,750,188,250,very spicy,0,0
69,healthy light dinner option,582,146,250,very spicy,1,1
69,healthy light dinner option,142,36,250,very spicy,1,1
70,cold coffee and snacks,351,88,500,very spicy,1,1
70,cold coffee and snacks,591,148,500,very spicy,1,0
70,cold coffee and snacks,194,49,500,very spicy,1,0
70,cold coffee and snacks,4,1,500,very spicy,0,0
70,cold coffee and snacks,635,159,500,very spicy,1,1
70,cold coffee and snacks,568,142,500,very spicy,0,0
70,cold coffee and snacks,468,117,500,very spicy,1,0
70,cold coffee and snacks,490,123,500,very spicy,1,1
70,cold coffee and snacks,226,57,500,very spicy,1,1
70,cold coffee and snacks,352,88,500,very spicy,0,0
70,quick breakfast idea,563,141,500,very spicy,1,0
70,quick breakfast idea,396,99,500,very spicy,1,0
70,quick breakfast idea,244,61,500,very spicy,1,1
70,quick breakfast idea,231,58,500,very spicy,1,0
70,quick breakfast idea,91,23,500,very spicy,1,1
70,quick breakfast idea,599,150,500,very spicy,1,1
70,quick breakfast idea,72,18,500,very spicy,1,1
70,quick breakfast idea,315,79,500,very spicy,0,0
70,quick breakfast idea,555,139,500,very spicy,1,0
70,quick breakfast idea,467,117,500,very spicy,1,0
70,quick breakfast idea,322,81,500,very spicy,1,1
70,quick breakfast idea,178,45,500,very spicy,1,1
70,quick breakfast idea,551,138,500,very spicy,1,0
70,quick breakfast idea,365,92,500,very spicy,0,0
70,quick breakfast idea,239,60,500,very spicy,1,1
70,quick breakfast idea,704,176,500,very spicy,1,0
70,quick breakfast idea,195,49,500,very spicy,1,0
70,quick breakfast idea,646,162,500,very spicy,1,0
70,quick breakfast idea,334,84,500,very spicy,0,0
70,quick breakfast idea,528,132,500,very spicy,1,0
70,sweet dessert to end the meal,51,13,500,very spicy,1,1
70,sweet dessert to end the meal,529,133,500,very spicy,1,0
70,sweet dessert to end the meal,798,200,500,very spicy,0,0
70,sweet dessert to end the meal,150,38,500,very spicy,1,0
70,sweet dessert to end the meal,514,129,500,very spicy,1,1
70,sweet dessert to end the meal,305,77,500,very spicy,1,1
70,sweet dessert to end the meal,182,46,500,very spicy,0,0
70,sweet dessert to end the meal,583,146,500,very spicy,0,0
70,sweet dessert to end the meal,328,82,500,very spicy,1,1
70,sweet dessert to end the meal,787,197,500,very spicy,1,0
70,cold coffee and snacks,64,16,500,very spicy,1,0
70,cold coffee and snacks,331,83,500,very spicy,1,0
70,cold coffee and snacks,640,160,500,very spicy,1,0
70,cold coffee and snacks,375,94,500,very spicy,0,0
70,cold coffee and snacks,188,47,500,very spicy,1,0
70,cold coffee and snacks,648,162,500,very spicy,1,1
70,cold coffee and snacks,547,137,500,very spicy,1,0
70,cold coffee and snacks,549,138,500,very spicy,1,0
70,cold coffee and snacks,509,128,500,very spicy,0,0
70,cold coffee and snacks,627,157,500,very spicy,1,1
70,cheesy comfort food,600,150,500,very spicy,0,0
70,cheesy comfort food,47,12,500,very spicy,1,0
70,cheesy comfort food,517,130,500,very spicy,1,1
70,cheesy comfort food,560,140,500,very spicy,1,1
70,cheesy comfort food,385,97,500,very spicy,1,0
70,cheesy comfort food,789,198,500,very spicy,1,1
70,cheesy comfort food,597,150,500,very spicy,1,0
70,cheesy comfort food,311,78,500,very spicy,1,0
70,cheesy comfort food,120,30,500,very spicy,1,1
70,cheesy comfort food,525,132,500,very spicy,0,0
70,quick breakfast idea,471,118,500,very spicy,1,0
70,quick breakfast idea,145,37,500,very spicy,0,0
70,quick breakfast idea,508,127,500,very spicy,1,0
70,quick breakfast idea,465,117,500,very spicy,1,0
70,quick breakfast idea,383,96,500,very spicy,0,0
70,quick breakfast idea,402,101,500,very spicy,1,1
70,quick breakfast idea,319,80,500,very spicy,1,1
70,quick breakfast idea,702,176,500,very spicy,1,0
70,quick breakfast idea,371,93,500,very spicy,1,1
70,quick breakfast idea,558,140,500,very spicy,1,0
70,quick breakfast idea,571,143,500,very spicy,1,0
70,quick breakfast idea,542,136,500,very spicy,1,0
70,quick breakfast idea,340,85,500,very spicy,1,1
70,quick breakfast idea,659,165,500,very spicy,1,0
70,quick breakfast idea,732,183,500,very spicy,1,0
70,quick breakfast idea,399,100,500,very spicy,0,0
70,quick breakfast idea,537,135,500,very spicy,1,0
70,quick breakfast idea,531,133,500,very spicy,1,1
70,quick breakfast idea,628,157,500,very spicy,1,1
70,quick breakfast idea,406,102,500,very spicy,1,0
71,cheesy comfort food,687,172,500,medium,1,0
71,cheesy comfort food,741,186,500,medium,1,0
71,cheesy comfort food,560,140,500,medium,1,0
71,cheesy comfort food,618,155,500,medium,1,0
71,cheesy comfort food,553,139,500,medium,1,1
71,cheesy comfort food,4,1,500,medium,1,0
71,cheesy comfort food,630,158,500,medium,1,0
71,cheesy comfort food,365,92,500,medium,1,0
71,cheesy comfort food,727,182,500,medium,0,0
71,cheesy comfort food,723,181,500,medium,1,1
71,cheesy comfort food,340,85,500,medium,1,1
71,cheesy comfort food,109,28,500,medium,1,0
71,cheesy comfort food,687,172,500,medium,0,0
71,cheesy comfort food,374,94,500,medium,1,0
71,cheesy comfort food,40,10,500,medium,1,1
71,cheesy comfort food,690,173,500,medium,1,0
71,cheesy comfort food,271,68,500,medium,1,0
71,cheesy comfort food,397,100,500,medium,0,0
71,cheesy comfort food,461,116,500,medium,1,1
71,cheesy comfort food,431,108,500,medium,0,0
71,sweet dessert to end the meal,749,188,500,medium,0,0
71,sweet dessert to end the meal,285,72,500,medium,1,0
71,sweet dessert to end the meal,387,97,500,medium,1,1
71,sweet dessert to end the meal,298,75,500,medium,1,0
71,sweet dessert to end the meal,418,105,500,medium,1,0
71,sweet dessert to end the meal,703,176,500,medium,1,0
71,sweet dessert to end the meal,494,124,500,medium,1,0
71,sweet dessert to end the meal,731,183,500,medium,1,1
71,sweet dessert to end the meal,276,69,500,medium,0,0
71,sweet dessert to end the meal,451,113,500,medium,0,0
71,quick breakfast idea,267,67,500,medium,1,1
71,quick breakfast idea,143,36,500,medium,1,1
71,quick breakfast idea,537,135,500,medium,1,1
71,quick breakfast idea,575,144,500,medium,0,0
71,quick breakfast idea,348,87,500,medium,1,0
71,quick breakfast idea,294,74,500,medium,1,0
71,quick breakfast idea,357,90,500,medium,1,0
71,quick breakfast idea,782,196,500,medium,1,0
71,quick breakfast idea,444,111,500,medium,0,0
71,quick breakfast idea,221,56,500,medium,1,1
71,cold coffee and snacks,98,25,500,medium,1,1
71,cold coffee and snacks,657,165,500,medium,1,1
71,cold coffee and snacks,12,3,500,medium,0,0
71,cold coffee and snacks,350,88,500,medium,1,0
71,cold coffee and snacks,323,81,500,medium,1,1
71,cold coffee and snacks,343,86,500,medium,0,0
71,cold coffee and snacks,293,74,500,medium,1,1
71,cold coffee and snacks,432,108,500,medium,0,0
71,cold coffee and snacks,689,173,500,medium,1,1
71,cold coffee and snacks,165,42,500,medium,1,1
71,vegan friendly dinner,708,177,500,medium,1,0
71,vegan friendly dinner,651,163,500,medium,1,0
71,vegan friendly dinner,297,75,500,medium,1,0
71,vegan friendly dinner,388,97,500,medium,0,0
71,vegan friendly dinner,193,49,500,medium,1,0
71,vegan friendly dinner,420,105,500,medium,0,0
71,vegan friendly dinner,693,174,500,medium,0,0
71,vegan friendly dinner,244,61,500,medium,1,0
71,vegan friendly dinner,355,89,500,medium,1,1
71,vegan friendly dinner,664,166,500,medium,1,1
71,cold coffee and snacks,453,114,500,medium,1,0
71,cold coffee and snacks,678,170,500,medium,1,0
71,cold coffee and snacks,471,118,500,medium,1,1
71,cold coffee and snacks,229,58,500,medium,1,0
71,cold coffee and snacks,783,196,500,medium,0,0
71,cold coffee and snacks,23,6,500,medium,1,0
71,cold coffee and snacks,60,15,500,medium,1,1
71,cold coffee and snacks,341,86,500,medium,1,0
71,cold coffee and snacks,751,188,500,medium,1,1
71,cold coffee and snacks,123,31,500,medium,1,0
71,something spicy and cheap under 200,618,155,500,medium,1,0
71,something spicy and cheap under 200,458,115,500,medium,1,0
71,something spicy and cheap under 200,159,40,500,medium,1,1
71,something spicy and cheap under 200,746,187,500,medium,1,0
71,something spicy and cheap under 200,242,61,500,medium,1,1
71,something spicy and cheap under 200,619,155,500,medium,0,0
71,something spicy and cheap under 200,401,101,500,medium,1,1
71,something spicy and cheap under 200,402,101,500,medium,1,0
71,something spicy and cheap under 200,139,35,500,medium,1,1
71,something spicy and cheap under 200,479,120,500,medium,0,0
72,biryani under 300 rupees,209,53,350,medium,1,0
72,biryani under 300 rupees,580,145,350,medium,1,0
72,biryani under 300 rupees,120,30,350,medium,0,0
72,biryani under 300 rupees,776,194,350,medium,1,0
72,biryani under 300 rupees,287,72,350,medium,1,1
72,biryani under 300 rupees,274,69,350,medium,1,0
72,biryani under 300 rupees,62,16,350,medium,0,0
72,biryani under 300 rupees,530,133,350,medium,1,0
72,biryani under 300 rupees,441,111,350,medium,1,0
72,biryani under 300 rupees,773,194,350,medium,0,0
72,quick breakfast idea,512,128,350,medium,0,0
72,quick breakfast idea,113,29,350,medium,1,1
72,quick breakfast idea,393,99,350,medium,1,0
72,quick breakfast idea,560,140,350,medium,1,0
72,quick breakfast idea,149,38,350,medium,1,1
72,quick breakfast idea,601,151,350,medium,1,0
72,quick breakfast idea,29,8,350,medium,1,1
72,quick breakfast idea,69,18,350,medium,1,1
72,quick breakfast idea,568,142,350,medium,1,1
72,quick breakfast idea,364,91,350,medium,0,0
72,biryani under 300 rupees,569,143,350,medium,1,1
72,biryani under 300 rupees,9,3,350,medium,1,0
72,biryani under 300 rupees,480,120,350,medium,0,0
72,biryani under 300 rupees,257,65,350,medium,0,0
72,biryani under 300 rupees,523,131,350,medium,0,0
72,biryani under 300 rupees,476,119,350,medium,1,0
72,biryani under 300 rupees,251,63,350,medium,0,0
72,biryani under 300 rupees,387,97,350,medium,1,1
72,biryani under 300 rupees,398,100,350,medium,0,0
72,biryani under 300 rupees,29,8,350,medium,1,0
72,biryani under 300 rupees,626,157,350,medium,1,0
72,biryani under 300 rupees,554,139,350,medium,1,0
72,biryani under 300 rupees,305,77,350,medium,1,0
72,biryani under 300 rupees,63,16,350,medium,1,1
72,biryani under 300 rupees,660,165,350,medium,0,0
72,biryani under 300 rupees,304,76,350,medium,1,0
72,biryani under 300 rupees,594,149,350,medium,1,0
72,biryani under 300 rupees,796,199,350,medium,1,0
72,biryani under 300 rupees,458,115,350,medium,1,1
72,biryani under 300 rupees,118,30,350,medium,1,0
72,street food cravings,196,49,350,medium,1,1
72,street food cravings,572,143,350,medium,1,1
72,street food cravings,769,193,350,medium,1,0
72,street food cravings,103,26,350,medium,1,0
72,street food cravings,39,10,350,medium,1,0
72,street food cravings,511,128,350,medium,1,0
72,street food cravings,534,134,350,medium,1,1
72,street food cravings,466,117,350,medium,1,0
72,street food cravings,662,166,350,medium,1,1
72,street food cravings,693,174,350,medium,0,0
72,healthy light dinner option,218,55,350,medium,0,0
72,healthy light dinner option,65,17,350,medium,1,0
72,healthy light dinner option,483,121,350,medium,1,0
72,healthy light dinner option,534,134,350,medium,1,0
72,healthy light dinner option,633,159,350,medium,1,1
72,healthy light dinner option,403,101,350,medium,0,0
72,healthy light dinner option,198,50,350,medium,1,0
72,healthy light dinner option,757,190,350,medium,1,0
72,healthy light dinner option,74,19,350,medium,1,0
72,healthy light dinner option,461,116,350,medium,1,1
72,mild non spicy food for kids,194,49,350,medium,0,0
72,mild non spicy food for kids,345,87,350,medium,1,1
72,mild non spicy food for kids,315,79,350,medium,1,0
72,mild non spicy food for kids,725,182,350,medium,1,0
72,mild non spicy food for kids,129,33,350,medium,0,0
72,mild non spicy food for kids,318,80,350,medium,1,0
72,mild non spicy food for kids,283,71,350,medium,0,0
72,mild non spicy food for kids,650,163,350,medium,1,1
72,mild non spicy food for kids,197,50,350,medium,1,1
72,mild non spicy food for kids,783,196,350,medium,1,1
72,something spicy and cheap under 200,394,99,350,medium,0,0
72,something spicy and cheap under 200,406,102,350,medium,0,0
72,something spicy and cheap under 200,379,95,350,medium,0,0
72,something spicy and cheap under 200,104,26,350,medium,1,0
72,something spicy and cheap under 200,772,193,350,medium,1,1
72,something spicy and cheap under 200,27,7,350,medium,1,1
72,something spicy and cheap under 200,335,84,350,medium,1,0
72,something spicy and cheap under 200,685,172,350,medium,1,0
72,something spicy and cheap under 200,170,43,350,medium,1,1
72,something spicy and cheap under 200,507,127,350,medium,1,0
73,vegan friendly dinner,730,183,500,medium,1,0
73,vegan friendly dinner,619,155,500,medium,0,0
73,vegan friendly dinner,689,173,500,medium,1,0
73,vegan friendly dinner,122,31,500,medium,1,0
73,vegan friendly dinner,407,102,500,medium,1,0
73,vegan friendly dinner,460,115,500,medium,1,0
73,vegan friendly dinner,481,121,500,medium,1,0
73,vegan friendly dinner,38,10,500,medium,1,1
73,vegan friendly dinner,595,149,500,medium,1,0
73,vegan friendly dinner,17,5,500,medium,1,1
73,street food cravings,554,139,500,medium,1,1
73,street food cravings,448,112,500,medium,1,0
73,street food cravings,785,197,500,medium,1,1
73,street food cravings,691,173,500,medium,0,0
73,street food cravings,669,168,500,medium,0,0
73,street food cravings,757,190,500,medium,1,1
73,street food cravings,775,194,500,medium,1,0
73,street food cravings,748,187,500,medium,1,0
73,street food cravings,426,107,500,medium,1,1
73,street food cravings,64,16,500,medium,1,1
73,something spicy and cheap under 200,679,170,500,medium,1,0
73,something spicy and cheap under 200,526,132,500,medium,0,0
73,something spicy and cheap under 200,577,145,500,medium,1,1
73,something spicy and cheap under 200,779,195,500,medium,1,0
73,something spicy and cheap under 200,478,120,500,medium,1,1
73,something spicy and cheap under 200,651,163,500,medium,1,0
73,something spicy and cheap under 200,292,73,500,medium,1,0
73,something spicy and cheap under 200,51,13,500,medium,1,0
73,something spicy and cheap under 200,628,157,500,medium,1,0
73,something spicy and cheap under 200,638,160,500,medium,1,1
73,sweet dessert to end the meal,311,78,500,medium,0,0
73,sweet dessert to end the meal,416,104,500,medium,1,1
73,sweet dessert to end the meal,688,172,500,medium,1,1
73,sweet dessert to end the meal,211,53,500,medium,0,0
73,sweet dessert to end the meal,559,140,500,medium,1,0
73,sweet dessert to end the meal,363,91,500,medium,0,0
73,sweet dessert to end the meal,224,56,500,medium,1,0
73,sweet dessert to end the meal,739,185,500,medium,1,0
73,sweet dessert to end the meal,72,18,500,medium,0,0
73,sweet dessert to end the meal,771,193,500,medium,1,0
73,street food cravings,710,178,500,medium,1,1
73,street food cravings,366,92,500,medium,1,1
73,street food cravings,761,191,500,medium,1,0
73,street food cravings,444,111,500,medium,0,0
73,street food cravings,98,25,500,medium,0,0
73,street food cravings,345,87,500,medium,1,0
73,street food cravings,736,184,500,medium,0,0
73,street food cravings,179,45,500,medium,1,0
73,street food cravings,243,61,500,medium,1,0
73,street food cravings,162,41,500,medium,1,1
73,sweet dessert to end the meal,251,63,500,medium,0,0
73,sweet dessert to end the meal,422,106,500,medium,0,0
73,sweet dessert to end the meal,152,38,500,medium,1,0
73,sweet dessert to end the meal,225,57,500,medium,1,0
73,sweet dessert to end the meal,295,74,500,medium,1,0
73,sweet dessert to end the meal,556,139,500,medium,0,0
73,sweet dessert to end the meal,261,66,500,medium,1,1
73,sweet dessert to end the meal,27,7,500,medium,1,0
73,sweet dessert to end the meal,228,57,500,medium,1,0
73,sweet dessert to end the meal,114,29,500,medium,0,0
73,vegan friendly dinner,157,40,500,medium,1,1
73,vegan friendly dinner,553,139,500,medium,1,0
73,vegan friendly dinner,28,7,500,medium,1,0
73,vegan friendly dinner,694,174,500,medium,0,0
73,vegan friendly dinner,774,194,500,medium,1,0
73,vegan friendly dinner,526,132,500,medium,1,1
73,vegan friendly dinner,352,88,500,medium,1,1
73,vegan friendly dinner,163,41,500,medium,1,1
73,vegan friendly dinner,79,20,500,medium,1,1
73,vegan friendly dinner,259,65,500,medium,1,1
73,mild non spicy food for kids,167,42,500,medium,1,0
73,mild non spicy food for kids,266,67,500,medium,1,1
73,mild non spicy food for kids,217,55,500,medium,1,1
73,mild non spicy food for kids,177,45,500,medium,1,1
73,mild non spicy food for kids,670,168,500,medium,1,0
73,mild non spicy food for kids,50,13,500,medium,1,1
73,mild non spicy food for kids,727,182,500,medium,1,0
73,mild non spicy food for kids,684,171,500,medium,1,0
73,mild non spicy food for kids,396,99,500,medium,1,1
73,mild non spicy food for kids,615,154,500,medium,1,0
74,cheesy comfort food,368,92,350,medium,1,0
74,cheesy comfort food,749,188,350,medium,1,0
74,cheesy comfort food,242,61,350,medium,1,0
74,cheesy comfort food,251,63,350,medium,1,0
74,cheesy comfort food,15,4,350,medium,1,0
74,cheesy comfort food,470,118,350,medium,0,0
74,cheesy comfort food,86,22,350,medium,1,1
74,cheesy comfort food,155,39,350,medium,0,0
74,cheesy comfort food,141,36,350,medium,0,0
74,cheesy comfort food,708,177,350,medium,1,1
74,cold coffee and snacks,455,114,350,medium,1,0
74,cold coffee and snacks,592,148,350,medium,1,0
74,cold coffee and snacks,37,10,350,medium,0,0
74,cold coffee and snacks,627,157,350,medium,0,0
74,cold coffee and snacks,729,183,350,medium,1,0
74,cold coffee and snacks,11,3,350,medium,1,0
74,cold coffee and snacks,661,166,350,medium,1,0
74,cold coffee and snacks,127,32,350,medium,1,1
74,cold coffee and snacks,790,198,350,medium,1,0
74,cold coffee and snacks,53,14,350,medium,1,1
74,cold coffee and snacks,393,99,350,medium,1,0
74,cold coffee and snacks,204,51,350,medium,1,0
74,cold coffee and snacks,636,159,350,medium,0,0
74,cold coffee and snacks,106,27,350,medium,1,1
74,cold coffee and snacks,508,127,350,medium,0,0
74,cold coffee and snacks,562,141,350,medium,1,0
74,cold coffee and snacks,666,167,350,medium,1,0
74,cold coffee and snacks,264,66,350,medium,1,0
74,cold coffee and snacks,101,26,350,medium,1,0
74,cold coffee and snacks,134,34,350,medium,1,1
74,healthy light dinner option,232,58,350,medium,1,0
74,healthy light dinner option,479,120,350,medium,0,0
74,healthy light dinner option,377,95,350,medium,0,0
74,healthy light dinner option,415,104,350,medium,0,0
74,healthy light dinner option,46,12,350,medium,1,0
74,healthy light dinner option,191,48,350,medium,1,1
74,healthy light dinner option,269,68,350,medium,1,0
74,healthy light dinner option,512,128,350,medium,0,0
74,healthy light dinner option,465,117,350,medium,1,1
74,healthy light dinner option,695,174,350,medium,1,0
74,mild non spicy food for kids,83,21,350,medium,0,0
74,mild non spicy food for kids,796,199,350,medium,1,1
74,mild non spicy food for kids,576,144,350,medium,1,0
74,mild non spicy food for kids,110,28,350,medium,1,1
74,mild non spicy food for kids,76,19,350,medium,1,1
74,mild non spicy food for kids,562,141,350,medium,1,0
74,mild non spicy food for kids,445,112,350,medium,1,1
74,mild non spicy food for kids,716,179,350,medium,1,1
74,mild non spicy food for kids,628,157,350,medium,1,0
74,mild non spicy food for kids,438,110,350,medium,1,1
74,cheesy comfort food,423,106,350,medium,1,1
74,cheesy comfort food,159,40,350,medium,1,1
74,cheesy comfort food,507,127,350,medium,1,1
74,cheesy comfort food,94,24,350,medium,1,1
74,cheesy comfort food,725,182,350,medium,1,0
74,cheesy comfort food,630,158,350,medium,1,1
74,cheesy comfort food,120,30,350,medium,1,0
74,cheesy comfort food,776,194,350,medium,1,1
74,cheesy comfort food,790,198,350,medium,1,1
74,cheesy comfort food,77,20,350,medium,1,0
74,healthy light dinner option,105,27,350,medium,1,0
74,healthy light dinner option,455,114,350,medium,1,0
74,healthy light dinner option,313,79,350,medium,1,0
74,healthy light dinner option,225,57,350,medium,1,1
74,healthy light dinner option,42,11,350,medium,1,1
74,healthy light dinner option,371,93,350,medium,1,1
74,healthy light dinner option,415,104,350,medium,1,1
74,healthy light dinner option,738,185,350,medium,0,0
74,healthy light dinner option,44,11,350,medium,0,0
74,healthy light dinner option,206,52,350,medium,1,0
74,something spicy and cheap under 200,486,122,350,medium,1,1
74,something spicy and cheap under 200,308,77,350,medium,0,0
74,something spicy and cheap under 200,713,179,350,medium,1,0
74,something spicy and cheap under 200,501,126,350,medium,1,0
74,something spicy and cheap under 200,780,195,350,medium,0,0
74,something spicy and cheap under 200,218,55,350,medium,1,1
74,something spicy and cheap under 200,601,151,350,medium,1,1
74,something spicy and cheap under 200,623,156,350,medium,1,0
74,something spicy and cheap under 200,416,104,350,medium,0,0
74,something spicy and cheap under 200,227,57,350,medium,0,0
75,vegan friendly dinner,731,183,350,very spicy,1,1
75,vegan friendly dinner,280,70,350,very spicy,1,0
75,vegan friendly dinner,692,173,350,very spicy,1,0
75,vegan friendly dinner,585,147,350,very spicy,1,1
75,vegan friendly dinner,416,104,350,very spicy,1,0
75,vegan friendly dinner,553,139,350,very spicy,0,0
75,vegan friendly dinner,216,54,350,very spicy,0,0
75,vegan friendly dinner,643,161,350,very spicy,1,1
75,vegan friendly dinner,1,1,350,very spicy,0,0
75,vegan friendly dinner,356,89,350,very spicy,1,1
75,sweet dessert to end the meal,141,36,350,very spicy,0,0
75,sweet dessert to end the meal,349,88,350,very spicy,1,0
75,sweet dessert to end the meal,657,165,350,very spicy,1,0
75,sweet dessert to end the meal,269,68,350,very spicy,1,1
75,sweet dessert to end the meal,294,74,350,very spicy,0,0
75,sweet dessert to end the meal,428,107,350,very spicy,1,1
75,sweet dessert to end the meal,86,22,350,very spicy,1,0
75,sweet dessert to end the meal,379,95,350,very spicy,1,0
75,sweet dessert to end the meal,647,162,350,very spicy,1,0
75,sweet dessert to end the meal,552,138,350,very spicy,1,1
75,street food cravings,80,20,350,very spicy,1,0
75,street food cravings,582,146,350,very spicy,1,1
75,street food cravings,356,89,350,very spicy,1,0
75,street food cravings,122,31,350,very spicy,0,0
75,street food cravings,59,15,350,very spicy,1,0
75,street food cravings,222,56,350,very spicy,1,1
75,street food cravings,686,172,350,very spicy,1,0
75,street food cravings,100,25,350,very spicy,1,0
75,street food cravings,491,123,350,very spicy,1,0
75,street food cravings,325,82,350,very spicy,1,1
75,sweet dessert to end the meal,303,76,350,very spicy,1,0
75,sweet dessert to end the meal,670,168,350,very spicy,0,0
75,sweet dessert to end the meal,480,120,350,very spicy,1,1
75,sweet dessert to end the meal,83,21,350,very spicy,1,0
75,sweet dessert to end the meal,225,57,350,very spicy,1,1
75,sweet dessert to end the meal,537,135,350,very spicy,1,1
75,sweet dessert to end the meal,410,103,350,very spicy,1,1
75,sweet dessert to end the meal,363,91,350,very spicy,1,1
75,sweet dessert to end the meal,798,200,350,very spicy,1,0
75,sweet dessert to end the meal,760,190,350,very spicy,1,1
75,vegan friendly dinner,372,93,350,very spicy,1,0
75,vegan friendly dinner,645,162,350,very spicy,1,0
75,vegan friendly dinner,421,106,350,very spicy,1,0
75,vegan friendly dinner,382,96,350,very spicy,1,0
75,vegan friendly dinner,560,140,350,very spicy,1,1
75,vegan friendly dinner,681,171,350,very spicy,1,0
75,vegan friendly dinner,250,63,350,very spicy,0,0
75,vegan friendly dinner,276,69,350,very spicy,0,0
75,vegan friendly dinner,445,112,350,very spicy,1,0
75,vegan friendly dinner,706,177,350,very spicy,0,0
75,cheesy comfort food,147,37,350,very spicy,1,0
75,cheesy comfort food,354,89,350,very spicy,1,0
75,cheesy comfort food,328,82,350,very spicy,0,0
75,cheesy comfort food,60,15,350,very spicy,1,0
75,cheesy comfort food,682,171,350,very spicy,1,0
75,cheesy comfort food,98,25,350,very spicy,1,1
75,cheesy comfort food,384,96,350,very spicy,1,0
75,cheesy comfort food,404,101,350,very spicy,1,0
75,cheesy comfort food,442,111,350,very spicy,0,0
75,cheesy comfort food,750,188,350,very spicy,1,0
75,cold coffee and snacks,695,174,350,very spicy,1,1
75,cold coffee and snacks,537,135,350,very spicy,1,0
75,cold coffee and snacks,332,83,350,very spicy,0,0
75,cold coffee and snacks,508,127,350,very spicy,1,0
75,cold coffee and snacks,118,30,350,very spicy,1,0
75,cold coffee and snacks,12,3,350,very spicy,1,0
75,cold coffee and snacks,290,73,350,very spicy,1,0
75,cold coffee and snacks,103,26,350,very spicy,1,0
75,cold coffee and snacks,207,52,350,very spicy,1,0
75,cold coffee and snacks,345,87,350,very spicy,1,1
75,mild non spicy food for kids,297,75,350,very spicy,0,0
75,mild non spicy food for kids,268,67,350,very spicy,1,1
75,mild non spicy food for kids,356,89,350,very spicy,1,1
75,mild non spicy food for kids,689,173,350,very spicy,0,0
75,mild non spicy food for kids,690,173,350,very spicy,1,1
75,mild non spicy food for kids,452,113,350,very spicy,1,0
75,mild non spicy food for kids,14,4,350,very spicy,1,1
75,mild non spicy food for kids,755,189,350,very spicy,1,1
75,mild non spicy food for kids,677,170,350,very spicy,1,1
75,mild non spicy food for kids,434,109,350,very spicy,1,0
76,quick breakfast idea,678,170,150,very spicy,1,0
76,quick breakfast idea,395,99,150,very spicy,1,0
76,quick breakfast idea,573,144,150,very spicy,0,0
76,quick breakfast idea,278,70,150,very spicy,0,0
76,quick breakfast idea,117,30,150,very spicy,1,0
76,quick breakfast idea,346,87,150,very spicy,1,0
76,quick breakfast idea,147,37,150,very spicy,0,0
76,quick breakfast idea,335,84,150,very spicy,0,0
76,quick breakfast idea,637,160,150,very spicy,1,1
76,quick breakfast idea,519,130,150,very spicy,1,1
76,something spicy and cheap under 200,72,18,150,very spicy,0,0
76,something spicy and cheap under 200,206,52,150,very spicy,1,0
76,something spicy and cheap under 200,367,92,150,very spicy,0,0
76,something spicy and cheap under 200,467,117,150,very spicy,1,1
76,something spicy and cheap under 200,240,60,150,very spicy,1,1
76,something spicy and cheap under 200,770,193,150,very spicy,1,0
76,something spicy and cheap under 200,353,89,150,very spicy,1,0
76,something spicy and cheap under 200,458,115,150,very spicy,0,0
76,something spicy and cheap under 200,701,176,150,very spicy,0,0
76,something spicy and cheap under 200,629,158,150,very spicy,1,1
76,cheesy comfort food,440,110,150,very spicy,1,1
76,cheesy comfort food,512,128,150,very spicy,0,0
76,cheesy comfort food,102,26,150,very spicy,1,0
76,cheesy comfort food,484,121,150,very spicy,1,0
76,cheesy comfort food,55,14,150,very spicy,1,1
76,cheesy comfort food,64,16,150,very spicy,0,0
76,cheesy comfort food,767,192,150,very spicy,1,1
76,cheesy comfort food,602,151,150,very spicy,0,0
76,cheesy comfort food,438,110,150,very spicy,0,0
76,cheesy comfort food,383,96,150,very spicy,0,0
76,cold coffee and snacks,594,149,150,very spicy,0,0
76,cold coffee and snacks,708,177,150,very spicy,0,0
76,cold coffee and snacks,322,81,150,very spicy,0,0
76,cold coffee and snacks,94,24,150,very spicy,0,0
76,cold coffee and snacks,548,137,150,very spicy,1,1
76,cold coffee and snacks,556,139,150,very spicy,1,0
76,cold coffee and snacks,345,87,150,very spicy,1,1
76,cold coffee and snacks,376,94,150,very spicy,1,1
76,cold coffee and snacks,327,82,150,very spicy,0,0
76,cold coffee and snacks,69,18,150,very spicy,1,0
76,cheesy comfort food,455,114,150,very spicy,1,1
76,cheesy comfort food,669,168,150,very spicy,1,0
76,cheesy comfort food,295,74,150,very spicy,1,0
76,cheesy comfort food,148,37,150,very spicy,1,1
76,cheesy comfort food,105,27,150,very spicy,0,0
76,cheesy comfort food,555,139,150,very spicy,1,1
76,cheesy comfort food,569,143,150,very spicy,0,0
76,cheesy comfort food,553,139,150,very spicy,1,0
76,cheesy comfort food,585,147,150,very spicy,1,1
76,cheesy comfort food,423,106,150,very spicy,1,0
76,cold coffee and snacks,191,48,150,very spicy,0,0
76,cold coffee and snacks,40,10,150,very spicy,1,0
76,cold coffee and snacks,737,185,150,very spicy,0,0
76,cold coffee and snacks,633,159,150,very spicy,1,0
76,cold coffee and snacks,614,154,150,very spicy,1,0
76,cold coffee and snacks,146,37,150,very spicy,1,0
76,cold coffee and snacks,575,144,150,very spicy,0,0
76,cold coffee and snacks,13,4,150,very spicy,1,1
76,cold coffee and snacks,519,130,150,very spicy,1,0
76,cold coffee and snacks,52,13,150,very spicy,1,1
76,healthy light dinner option,309,78,150,very spicy,1,1
76,healthy light dinner option,259,65,150,very spicy,0,0
76,healthy light dinner option,5,2,150,very spicy,0,0
76,healthy light dinner option,70,18,150,very spicy,1,1
76,healthy light dinner option,117,30,150,very spicy,0,0
76,healthy light dinner option,131,33,150,very spicy,1,0
76,healthy light dinner option,514,129,150,very spicy,1,1
76,healthy light dinner option,554,139,150,very spicy,1,0
76,healthy light dinner option,270,68,150,very spicy,1,0
76,healthy light dinner option,722,181,150,very spicy,0,0
76,something spicy and cheap under 200,314,79,150,very spicy,0,0
76,something spicy and cheap under 200,34,9,150,very spicy,0,0
76,something spicy and cheap under 200,471,118,150,very spicy,0,0
76,something spicy and cheap under 200,705,177,150,very spicy,0,0
76,something spicy and cheap under 200,286,72,150,very spicy,1,0
76,something spicy and cheap under 200,722,181,150,very spicy,1,1
76,something spicy and cheap under 200,576,144,150,very spicy,1,1
76,something spicy and cheap under 200,17,5,150,very spicy,1,1
76,something spicy and cheap under 200,176,44,150,very spicy,1,0
76,something spicy and cheap under 200,166,42,150,very spicy,0,0
77,cold coffee and snacks,499,125,500,spicy,1,0
77,cold coffee and snacks,5,2,500,spicy,1,0
77,cold coffee and snacks,177,45,500,spicy,1,0
77,cold coffee and snacks,304,76,500,spicy,1,0
77,cold coffee and snacks,69,18,500,spicy,1,1
77,cold coffee and snacks,78,20,500,spicy,1,0
77,cold coffee and snacks,431,108,500,spicy,1,1
77,cold coffee and snacks,597,150,500,spicy,0,0
77,cold coffee and snacks,587,147,500,spicy,0,0
77,cold coffee and snacks,229,58,500,spicy,1,0
77,healthy light dinner option,579,145,500,spicy,1,0
77,healthy light dinner option,374,94,500,spicy,0,0
77,healthy light dinner option,440,110,500,spicy,1,1
77,healthy light dinner option,162,41,500,spicy,1,0
77,healthy light dinner option,729,183,500,spicy,0,0
77,healthy light dinner option,275,69,500,spicy,1,1
77,healthy light dinner option,586,147,500,spicy,1,0
77,healthy light dinner option,203,51,500,spicy,1,0
77,healthy light dinner option,570,143,500,spicy,1,1
77,healthy light dinner option,538,135,500,spicy,0,0
77,cheesy comfort food,648,162,500,spicy,1,1
77,cheesy comfort food,407,102,500,spicy,1,0
77,cheesy comfort food,297,75,500,spicy,1,0
77,cheesy comfort food,685,172,500,spicy,0,0
77,cheesy comfort food,654,164,500,spicy,1,0
77,cheesy comfort food,105,27,500,spicy,1,1
77,cheesy comfort food,70,18,500,spicy,1,1
77,cheesy comfort food,248,62,500,spicy,1,1
77,cheesy comfort food,492,123,500,spicy,0,0
77,cheesy comfort food,99,25,500,spicy,1,1
77,vegan friendly dinner,590,148,500,spicy,1,1
77,vegan friendly dinner,709,178,500,spicy,1,0
77,vegan friendly dinner,584,146,500,spicy,1,0
77,vegan friendly dinner,259,65,500,spicy,1,0
77,vegan friendly dinner,67,17,500,spicy,1,1
77,vegan friendly dinner,248,62,500,spicy,1,1
77,vegan friendly dinner,110,28,500,spicy,1,0
77,vegan friendly dinner,669,168,500,spicy,1,1
77,vegan friendly dinner,366,92,500,spicy,1,1
77,vegan friendly dinner,738,185,500,spicy,1,0
77,quick breakfast idea,736,184,500,spicy,0,0
77,quick breakfast idea,182,46,500,spicy,1,1
77,quick breakfast idea,763,191,500,spicy,1,0
77,quick breakfast idea,296,74,500,spicy,1,0
77,quick breakfast idea,267,67,500,spicy,1,1
77,quick breakfast idea,425,107,500,spicy,1,0
77,quick breakfast idea,748,187,500,spicy,1,0
77,quick breakfast idea,424,106,500,spicy,1,1
77,quick breakfast idea,745,187,500,spicy,0,0
77,quick breakfast idea,127,32,500,spicy,1,0
77,cheesy comfort food,406,102,500,spicy,0,0
77,cheesy comfort food,38,10,500,spicy,0,0
77,cheesy comfort food,787,197,500,spicy,1,0
77,cheesy comfort food,223,56,500,spicy,1,0
77,cheesy comfort food,431,108,500,spicy,1,1
77,cheesy comfort food,340,85,500,spicy,1,0
77,cheesy comfort food,729,183,500,spicy,0,0
77,cheesy comfort food,50,13,500,spicy,1,1
77,cheesy comfort food,187,47,500,spicy,1,1
77,cheesy comfort food,412,103,500,spicy,1,1
77,mild non spicy food for kids,569,143,500,spicy,1,0
77,mild non spicy food for kids,200,50,500,spicy,1,1
77,mild non spicy food for kids,792,198,500,spicy,1,1
77,mild non spicy food for kids,594,149,500,spicy,1,1
77,mild non spicy food for kids,242,61,500,spicy,1,0
77,mild non spicy food for kids,388,97,500,spicy,1,0
77,mild non spicy food for kids,318,80,500,spicy,1,0
77,mild non spicy food for kids,665,167,500,spicy,1,0
77,mild non spicy food for kids,449,113,500,spicy,1,0
77,mild non spicy food for kids,590,148,500,spicy,1,0
77,street food cravings,576,144,500,spicy,1,0
77,street food cravings,258,65,500,spicy,1,1
77,street food cravings,604,151,500,spicy,1,0
77,street food cravings,612,153,500,spicy,1,1
77,street food cravings,548,137,500,spicy,1,0
77,street food cravings,598,150,500,spicy,1,0
77,street food cravings,779,195,500,spicy,1,0
77,street food cravings,569,143,500,spicy,1,0
77,street food cravings,555,139,500,spicy,1,0
77,street food cravings,278,70,500,spicy,1,1
78,mild non spicy food for kids,465,117,150,medium,1,0
78,mild non spicy food for kids,538,135,150,medium,0,0
78,mild non spicy food for kids,587,147,150,medium,1,1
78,mild non spicy food for kids,117,30,150,medium,0,0
78,mild non spicy food for kids,558,140,150,medium,0,0
78,mild non spicy food for kids,561,141,150,medium,1,0
78,mild non spicy food for kids,551,138,150,medium,1,0
78,mild non spicy food for kids,364,91,150,medium,1,0
78,mild non spicy food for kids,229,58,150,medium,0,0
78,mild non spicy food for kids,777,195,150,medium,1,1
78,cheesy comfort food,578,145,150,medium,1,0
78,cheesy comfort food,724,181,150,medium,0,0
78,cheesy comfort food,614,154,150,medium,1,0
78,cheesy comfort food,596,149,150,medium,0,0
78,cheesy comfort food,583,146,150,medium,0,0
78,cheesy comfort food,343,86,150,medium,0,0
78,cheesy comfort food,97,25,150,medium,0,0
78,cheesy comfort food,34,9,150,medium,0,0
78,cheesy comfort food,325,82,150,medium,1,0
78,cheesy comfort food,32,8,150,medium,1,1
78,healthy light dinner option,692,173,150,medium,1,0
78,healthy light dinner option,624,156,150,medium,1,0
78,healthy light dinner option,532,133,150,medium,0,0
78,healthy light dinner option,526,132,150,medium,0,0
78,healthy light dinner option,315,79,150,medium,1,0
78,healthy light dinner option,713,179,150,medium,1,0
78,healthy light dinner option,176,44,150,medium,1,0
78,healthy light dinner option,588,147,150,medium,0,0
78,healthy light dinner option,441,111,150,medium,0,0
78,healthy light dinner option,93,24,150,medium,0,0
78,cold coffee and snacks,640,160,150,medium,1,0
78,cold coffee and snacks,787,197,150,medium,0,0
78,cold coffee and snacks,548,137,150,medium,1,0
78,cold coffee and snacks,615,154,150,medium,1,1
78,cold coffee and snacks,755,189,150,medium,0,0
78,cold coffee and snacks,57,15,150,medium,1,0
78,cold coffee and snacks,769,193,150,medium,1,0
78,cold coffee and snacks,348,87,150,medium,1,0
78,cold coffee and snacks,398,100,150,medium,0,0
78,cold coffee and snacks,89,23,150,medium,1,0
78,healthy light dinner option,549,138,150,medium,1,1
78,healthy light dinner option,618,155,150,medium,1,0
78,healthy light dinner option,354,89,150,medium,1,0
78,healthy light dinner option,141,36,150,medium,0,0
78,healthy light dinner option,784,196,150,medium,1,1
78,healthy light dinner option,551,138,150,medium,0,0
78,healthy light dinner option,292,73,150,medium,0,0
78,healthy light dinner option,601,151,150,medium,0,0
78,healthy light dinner option,775,194,150,medium,1,0
78,healthy light dinner option,489,123,150,medium,1,1
78,something spicy and cheap under 200,463,116,150,medium,1,1
78,something spicy and cheap under 200,1,1,150,medium,1,0
78,something spicy and cheap under 200,779,195,150,medium,1,0
78,something spicy and cheap under 200,103,26,150,medium,1,1
78,something spicy and cheap under 200,290,73,150,medium,1,1
78,something spicy and cheap under 200,203,51,150,medium,1,0
78,something spicy and cheap under 200,173,44,150,medium,0,0
78,something spicy and cheap under 200,175,44,150,medium,0,0
78,something spicy and cheap under 200,356,89,150,medium,0,0
78,something spicy and cheap under 200,331,83,150,medium,1,0
78,healthy light dinner option,752,188,150,medium,0,0
78,healthy light dinner option,447,112,150,medium,1,0
78,healthy light dinner option,639,160,150,medium,0,0
78,healthy light dinner option,85,22,150,medium,0,0
78,healthy light dinner option,135,34,150,medium,1,0
78,healthy light dinner option,739,185,150,medium,0,0
78,healthy light dinner option,733,184,150,medium,0,0
78,healthy light dinner option,575,144,150,medium,0,0
78,healthy light dinner option,373,94,150,medium,0,0
78,healthy light dinner option,606,152,150,medium,0,0
78,vegan friendly dinner,556,139,150,medium,0,0
78,vegan friendly dinner,659,165,150,medium,0,0
78,vegan friendly dinner,491,123,150,medium,0,0
78,vegan friendly dinner,26,7,150,medium,1,0
78,vegan friendly dinner,338,85,150,medium,0,0
78,vegan friendly dinner,558,140,150,medium,1,1
78,vegan friendly dinner,519,130,150,medium,0,0
78,vegan friendly dinner,126,32,150,medium,1,1
78,vegan friendly dinner,89,23,150,medium,1,1
78,vegan friendly dinner,714,179,150,medium,1,1
79,cheesy comfort food,588,147,350,mild,1,0
79,cheesy comfort food,716,179,350,mild,0,0
79,cheesy comfort food,492,123,350,mild,1,1
79,cheesy comfort food,611,153,350,mild,0,0
79,cheesy comfort food,394,99,350,mild,1,1
79,cheesy comfort food,769,193,350,mild,0,0
79,cheesy comfort food,414,104,350,mild,1,0
79,cheesy comfort food,340,85,350,mild,1,0
79,cheesy comfort food,685,172,350,mild,0,0
79,cheesy comfort food,30,8,350,mild,1,0
79,healthy light dinner option,709,178,350,mild,1,0
79,healthy light dinner option,443,111,350,mild,1,1
79,healthy light dinner option,768,192,350,mild,1,0
79,healthy light dinner option,525,132,350,mild,1,0
79,healthy light dinner option,548,137,350,mild,0,0
79,healthy light dinner option,386,97,350,mild,0,0
79,healthy light dinner option,435,109,350,mild,1,0
79,healthy light dinner option,214,54,350,mild,1,1
79,healthy light dinner option,487,122,350,mild,1,0
79,healthy light dinner option,51,13,350,mild,0,0
79,cold coffee and snacks,292,73,350,mild,1,0
79,cold coffee and snacks,436,109,350,mild,1,1
79,cold coffee and snacks,570,143,350,mild,1,1
79,cold coffee and snacks,639,160,350,mild,1,1
79,cold coffee and snacks,275,69,350,mild,1,1
79,cold coffee and snacks,156,39,350,mild,1,0
79,cold coffee and snacks,617,155,350,mild,1,0
79,cold coffee and snacks,794,199,350,mild,1,0
79,cold coffee and snacks,683,171,350,mild,1,1
79,cold coffee and snacks,728,182,350,mild,1,0
79,sweet dessert to end the meal,492,123,350,mild,1,0
79,sweet dessert to end the meal,303,76,350,mild,1,1
79,sweet dessert to end the meal,546,137,350,mild,1,1
79,sweet dessert to end the meal,29,8,350,mild,1,0
79,sweet dessert to end the meal,249,63,350,mild,0,0
79,sweet dessert to end the meal,144,36,350,mild,1,0
79,sweet dessert to end the meal,185,47,350,mild,1,0
79,sweet dessert to end the meal,131,33,350,mild,1,1
79,sweet dessert to end the meal,221,56,350,mild,1,0
79,sweet dessert to end the meal,584,146,350,mild,1,0
79,something spicy and cheap under 200,567,142,350,mild,0,0
79,something spicy and cheap under 200,499,125,350,mild,1,0
79,something spicy and cheap under 200,51,13,350,mild,0,0
79,something spicy and cheap under 200,361,91,350,mild,1,0
79,something spicy and cheap under 200,626,157,350,mild,1,1
79,something spicy and cheap under 200,77,20,350,mild,1,1
79,something spicy and cheap under 200,796,199,350,mild,1,1
79,something spicy and cheap under 200,295,74,350,mild,1,0
79,something spicy and cheap under 200,800,200,350,mild,1,0
79,something spicy and cheap under 200,300,75,350,mild,1,0
79,something spicy and cheap under 200,693,174,350,mild,1,1
79,something spicy and cheap under 200,86,22,350,mild,0,0
79,something spicy and cheap under 200,647,162,350,mild,1,0
79,something spicy and cheap under 200,461,116,350,mild,1,0
79,something spicy and cheap under 200,442,111,350,mild,1,1
79,something spicy and cheap under 200,465,117,350,mild,1,0
79,something spicy and cheap under 200,43,11,350,mild,1,1
79,something spicy and cheap under 200,153,39,350,mild,1,1
79,something spicy and cheap under 200,36,9,350,mild,1,1
79,something spicy and cheap under 200,679,170,350,mild,1,0
79,street food cravings,122,31,350,mild,1,1
79,street food cravings,311,78,350,mild,1,0
79,street food cravings,75,19,350,mild,1,1
79,street food cravings,761,191,350,mild,1,1
79,street food cravings,639,160,350,mild,1,1
79,street food cravings,775,194,350,mild,0,0
79,street food cravings,741,186,350,mild,1,0
79,street food cravings,389,98,350,mild,1,0
79,street food cravings,97,25,350,mild,0,0
79,street food cravings,223,56,350,mild,1,1
79,vegan friendly dinner,479,120,350,mild,1,0
79,vegan friendly dinner,59,15,350,mild,1,0
79,vegan friendly dinner,224,56,350,mild,1,0
79,vegan friendly dinner,789,198,350,mild,1,1
79,vegan friendly dinner,346,87,350,mild,1,1
79,vegan friendly dinner,538,135,350,mild,1,0
79,vegan friendly dinner,397,100,350,mild,0,0
79,vegan friendly dinner,581,146,350,mild,1,1
79,vegan friendly dinner,95,24,350,mild,0,0
79,vegan friendly dinner,170,43,350,mild,1,1
80,something spicy and cheap under 200,346,87,250,medium,1,1
80,something spicy and cheap under 200,636,159,250,medium,1,1
80,something spicy and cheap under 200,572,143,250,medium,1,0
80,something spicy and cheap under 200,445,112,250,medium,1,1
80,something spicy and cheap under 200,74,19,250,medium,1,1
80,something spicy and cheap under 200,475,119,250,medium,1,0
80,something spicy and cheap under 200,195,49,250,medium,0,0
80,something spicy and cheap under 200,370,93,250,medium,1,0
80,something spicy and cheap under 200,364,91,250,medium,1,1
80,something spicy and cheap under 200,386,97,250,medium,1,0
80,sweet dessert to end the meal,685,172,250,medium,0,0
80,sweet dessert to end the meal,10,3,250,medium,1,0
80,sweet dessert to end the meal,90,23,250,medium,1,1
80,sweet dessert to end the meal,637,160,250,medium,1,0
80,sweet dessert to end the meal,407,102,250,medium,1,0
80,sweet dessert to end the meal,226,57,250,medium,1,1
80,sweet dessert to end the meal,417,105,250,medium,1,0
80,sweet dessert to end the meal,694,174,250,medium,0,0
80,sweet dessert to end the meal,796,199,250,medium,0,0
80,sweet dessert to end the meal,211,53,250,medium,1,0
80,something spicy and cheap under 200,400,100,250,medium,1,1
80,something spicy and cheap under 200,588,147,250,medium,1,1
80,something spicy and cheap under 200,94,24,250,medium,1,0
80,something spicy and cheap under 200,600,150,250,medium,0,0
80,something spicy and cheap under 200,471,118,250,medium,1,1
80,something spicy and cheap under 200,89,23,250,medium,1,0
80,something spicy and cheap under 200,148,37,250,medium,1,1
80,something spicy and cheap under 200,458,115,250,medium,0,0
80,something spicy and cheap under 200,144,36,250,medium,1,1
80,something spicy and cheap under 200,398,100,250,medium,1,0
80,healthy light dinner option,268,67,250,medium,1,0
80,healthy light dinner option,20,5,250,medium,0,0
80,healthy light dinner option,332,83,250,medium,1,0
80,healthy light dinner option,336,84,250,medium,0,0
80,healthy light dinner option,503,126,250,medium,1,1
80,healthy light dinner option,305,77,250,medium,1,0
80,healthy light dinner option,288,72,250,medium,1,0
80,healthy light dinner option,22,6,250,medium,1,0
80,healthy light dinner option,575,144,250,medium,1,1
80,healthy light dinner option,621,156,250,medium,1,0
80,street food cravings,164,41,250,medium,1,0
80,street food cravings,7,2,250,medium,0,0
80,street food cravings,48,12,250,medium,1,1
80,street food cravings,14,4,250,medium,1,1
80,street food cravings,632,158,250,medium,0,0
80,street food cravings,784,196,250,medium,0,0
80,street food cravings,467,117,250,medium,1,0
80,street food cravings,782,196,250,medium,0,0
80,street food cravings,579,145,250,medium,1,0
80,street food cravings,431,108,250,medium,1,0
80,healthy light dinner option,727,182,250,medium,0,0
80,healthy light dinner option,428,107,250,medium,1,0
80,healthy light dinner option,454,114,250,medium,0,0
80,healthy light dinner option,38,10,250,medium,1,1
80,healthy light dinner option,236,59,250,medium,1,1
80,healthy light dinner option,305,77,250,medium,1,0
80,healthy light dinner option,239,60,250,medium,1,0
80,healthy light dinner option,358,90,250,medium,0,0
80,healthy light dinner option,788,197,250,medium,0,0
80,healthy light dinner option,67,17,250,medium,0,0
80,sweet dessert to end the meal,710,178,250,medium,1,0
80,sweet dessert to end the meal,455,114,250,medium,1,0
80,sweet dessert to end the meal,660,165,250,medium,1,1
80,sweet dessert to end the meal,290,73,250,medium,1,1
80,sweet dessert to end the meal,572,143,250,medium,0,0
80,sweet dessert to end the meal,352,88,250,medium,0,0
80,sweet dessert to end the meal,82,21,250,medium,1,0
80,sweet dessert to end the meal,559,140,250,medium,1,1
80,sweet dessert to end the meal,443,111,250,medium,0,0
80,sweet dessert to end the meal,140,35,250,medium,1,1
80,quick breakfast idea,753,189,250,medium,0,0
80,quick breakfast idea,182,46,250,medium,0,0
80,quick breakfast idea,416,104,250,medium,0,0
80,quick breakfast idea,503,126,250,medium,1,1
80,quick breakfast idea,125,32,250,medium,1,0
80,quick breakfast idea,719,180,250,medium,1,0
80,quick breakfast idea,102,26,250,medium,1,0
80,quick breakfast idea,12,3,250,medium,1,0
80,quick breakfast idea,53,14,250,medium,1,1
80,quick breakfast idea,33,9,250,medium,1,0
81,quick breakfast idea,319,80,150,mild,1,1
81,quick breakfast idea,720,180,150,mild,1,0
81,quick breakfast idea,110,28,150,mild,1,1
81,quick breakfast idea,510,128,150,mild,1,0
81,quick breakfast idea,644,161,150,mild,1,1
81,quick breakfast idea,752,188,150,mild,1,0
81,quick breakfast idea,661,166,150,mild,1,0
81,quick breakfast idea,714,179,150,mild,1,0
81,quick breakfast idea,574,144,150,mild,0,0
81,quick breakfast idea,478,120,150,mild,1,0
81,biryani under 300 rupees,731,183,150,mild,0,0
81,biryani under 300 rupees,49,13,150,mild,1,0
81,biryani under 300 rupees,280,70,150,mild,0,0
81,biryani under 300 rupees,340,85,150,mild,0,0
81,biryani under 300 rupees,30,8,150,mild,1,1
81,biryani under 300 rupees,761,191,150,mild,1,0
81,biryani under 300 rupees,696,174,150,mild,1,1
81,biryani under 300 rupees,92,23,150,mild,0,0
81,biryani under 300 rupees,783,196,150,mild,1,1
81,biryani under 300 rupees,322,81,150,mild,0,0
81,sweet dessert to end the meal,666,167,150,mild,0,0
81,sweet dessert to end the meal,644,161,150,mild,1,1
81,sweet dessert to end the meal,155,39,150,mild,1,0
81,sweet dessert to end the meal,570,143,150,mild,1,0
81,sweet dessert to end the meal,745,187,150,mild,0,0
81,sweet dessert to end the meal,335,84,150,mild,1,0
81,sweet dessert to end the meal,523,131,150,mild,1,0
81,sweet dessert to end the meal,687,172,150,mild,0,0
81,sweet dessert to end the meal,561,141,150,mild,1,1
81,sweet dessert to end the meal,677,170,150,mild,1,0
81,cheesy comfort food,277,70,150,mild,1,0
81,cheesy comfort food,676,169,150,mild,1,1
81,cheesy comfort food,496,124,150,mild,1,0
81,cheesy comfort food,518,130,150,mild,1,0
81,cheesy comfort food,33,9,150,mild,1,1
81,cheesy comfort food,612,153,150,mild,0,0
81,cheesy comfort food,135,34,150,mild,0,0
81,cheesy comfort food,197,50,150,mild,0,0
81,cheesy comfort food,594,149,150,mild,1,0
81,cheesy comfort food,381,96,150,mild,1,0
81,sweet dessert to end the meal,154,39,150,mild,0,0
81,sweet dessert to end the meal,265,67,150,mild,0,0
81,sweet dessert to end the meal,92,23,150,mild,0,0
81,sweet dessert to end the meal,57,15,150,mild,0,0
81,sweet dessert to end the meal,771,193,150,mild,1,1
81,sweet dessert to end the meal,605,152,150,mild,1,0
81,sweet dessert to end the meal,508,127,150,mild,1,1
81,sweet dessert to end the meal,355,89,150,mild,1,0
81,sweet dessert to end the meal,259,65,150,mild,0,0
81,sweet dessert to end the meal,457,115,150,mild,1,1
81,biryani under 300 rupees,741,186,150,mild,0,0
81,biryani under 300 rupees,414,104,150,mild,0,0
81,biryani under 300 rupees,687,172,150,mild,1,0
81,biryani under 300 rupees,121,31,150,mild,1,0
81,biryani under 300 rupees,574,144,150,mild,0,0
81,biryani under 300 rupees,736,184,150,mild,1,1
81,biryani under 300 rupees,194,49,150,mild,1,1
81,biryani under 300 rupees,200,50,150,mild,1,0
81,biryani under 300 rupees,657,165,150,mild,1,0
81,biryani under 300 rupees,735,184,150,mild,1,1
81,sweet dessert to end the meal,452,113,150,mild,0,0
81,sweet dessert to end the meal,230,58,150,mild,0,0
81,sweet dessert to end the meal,562,141,150,mild,1,1
81,sweet dessert to end the meal,429,108,150,mild,0,0
81,sweet dessert to end the meal,198,50,150,mild,0,0
81,sweet dessert to end the meal,780,195,150,mild,1,0
81,sweet dessert to end the meal,242,61,150,mild,1,1
81,sweet dessert to end the meal,360,90,150,mild,1,0
81,sweet dessert to end the meal,239,60,150,mild,0,0
81,sweet dessert to end the meal,93,24,150,mild,0,0
81,street food cravings,667,167,150,mild,1,1
81,street food cravings,12,3,150,mild,1,0
81,street food cravings,649,163,150,mild,1,1
81,street food cravings,215,54,150,mild,0,0
81,street food cravings,506,127,150,mild,1,0
81,street food cravings,572,143,150,mild,1,0
81,street food cravings,770,193,150,mild,0,0
81,street food cravings,466,117,150,mild,1,0
81,street food cravings,719,180,150,mild,1,1
81,street food cravings,595,149,150,mild,0,0
82,vegan friendly dinner,384,96,150,spicy,1,0
82,vegan friendly dinner,650,163,150,spicy,1,0
82,vegan friendly dinner,702,176,150,spicy,1,0
82,vegan friendly dinner,413,104,150,spicy,1,0
82,vegan friendly dinner,79,20,150,spicy,1,0
82,vegan friendly dinner,438,110,150,spicy,1,0
82,vegan friendly dinner,680,170,150,spicy,1,1
82,vegan friendly dinner,759,190,150,spicy,1,1
82,vegan friendly dinner,729,183,150,spicy,0,0
82,vegan friendly dinner,671,168,150,spicy,1,0
82,quick breakfast idea,756,189,150,spicy,0,0
82,quick breakfast idea,616,154,150,spicy,1,0
82,quick breakfast idea,374,94,150,spicy,1,1
82,quick breakfast idea,289,73,150,spicy,1,0
82,quick breakfast idea,287,72,150,spicy,1,1
82,quick breakfast idea,556,139,150,spicy,0,0
82,quick breakfast idea,744,186,150,spicy,1,1
82,quick breakfast idea,231,58,150,spicy,1,1
82,quick breakfast idea,103,26,150,spicy,0,0
82,quick breakfast idea,709,178,150,spicy,0,0
82,cold coffee and snacks,93,24,150,spicy,1,1
82,cold coffee and snacks,788,197,150,spicy,1,0
82,cold coffee and snacks,540,135,150,spicy,1,0
82,cold coffee and snacks,532,133,150,spicy,1,1
82,cold coffee and snacks,133,34,150,spicy,0,0
82,cold coffee and snacks,690,173,150,spicy,1,0
82,cold coffee and snacks,541,136,150,spicy,0,0
82,cold coffee and snacks,687,172,150,spicy,0,0
82,cold coffee and snacks,707,177,150,spicy,0,0
82,cold coffee and snacks,711,178,150,spicy,1,1
82,cold coffee and snacks,240,60,150,spicy,1,0
82,cold coffee and snacks,305,77,150,spicy,1,1
82,cold coffee and snacks,410,103,150,spicy,1,0
82,cold coffee and snacks,487,122,150,spicy,1,1
82,cold coffee and snacks,518,130,150,spicy,1,0
82,cold coffee and snacks,772,193,150,spicy,1,0
82,cold coffee and snacks,312,78,150,spicy,1,0
82,cold coffee and snacks,68,17,150,spicy,0,0
82,cold coffee and snacks,697,175,150,spicy,1,0
82,cold coffee and snacks,255,64,150,spicy,1,0
82,street food cravings,122,31,150,spicy,0,0
82,street food cravings,344,86,150,spicy,0,0
82,street food cravings,316,79,150,spicy,1,1
82,street food cravings,569,143,150,spicy,1,0
82,street food cravings,137,35,150,spicy,1,1
82,street food cravings,111,28,150,spicy,1,0
82,street food cravings,69,18,150,spicy,1,1
82,street food cravings,529,133,150,spicy,1,0
82,street food cravings,457,115,150,spicy,0,0
82,street food cravings,624,156,150,spicy,0,0
82,biryani under 300 rupees,448,112,150,spicy,0,0
82,biryani under 300 rupees,782,196,150,spicy,1,0
82,biryani under 300 rupees,453,114,150,spicy,0,0
82,biryani under 300 rupees,745,187,150,spicy,0,0
82,biryani under 300 rupees,508,127,150,spicy,1,1
82,biryani under 300 rupees,583,146,150,spicy,0,0
82,biryani under 300 rupees,330,83,150,spicy,0,0
82,biryani under 300 rupees,612,153,150,spicy,0,0
82,biryani under 300 rupees,109,28,150,spicy,0,0
82,biryani under 300 rupees,709,178,150,spicy,0,0
82,biryani under 300 rupees,692,173,150,spicy,0,0
82,biryani under 300 rupees,102,26,150,spicy,1,0
82,biryani under 300 rupees,591,148,150,spicy,0,0
82,biryani under 300 rupees,680,170,150,spicy,1,0
82,biryani under 300 rupees,143,36,150,spicy,1,0
82,biryani under 300 rupees,213,54,150,spicy,0,0
82,biryani under 300 rupees,240,60,150,spicy,1,1
82,biryani under 300 rupees,586,147,150,spicy,0,0
82,biryani under 300 rupees,413,104,150,spicy,0,0
82,biryani under 300 rupees,253,64,150,spicy,1,0
82,street food cravings,76,19,150,spicy,1,0
82,street food cravings,774,194,150,spicy,0,0
82,street food cravings,182,46,150,spicy,0,0
82,street food cravings,579,145,150,spicy,0,0
82,street food cravings,378,95,150,spicy,1,0
82,street food cravings,25,7,150,spicy,0,0
82,street food cravings,305,77,150,spicy,0,0
82,street food cravings,783,196,150,spicy,1,1
82,street food cravings,10,3,150,spicy,1,1
82,street food cravings,506,127,150,spicy,1,0
83,healthy light dinner option,537,135,500,very spicy,0,0
83,healthy light dinner option,391,98,500,very spicy,0,0
83,healthy light dinner option,36,9,500,very spicy,1,1
83,healthy light dinner option,248,62,500,very spicy,1,0
83,healthy light dinner option,431,108,500,very spicy,0,0
83,healthy light dinner option,800,200,500,very spicy,1,0
83,healthy light dinner option,758,190,500,very spicy,1,0
83,healthy light dinner option,17,5,500,very spicy,1,0
83,healthy light dinner option,701,176,500,very spicy,1,1
83,healthy light dinner option,487,122,500,very spicy,1,0
83,mild non spicy food for kids,307,77,500,very spicy,0,0
83,mild non spicy food for kids,45,12,500,very spicy,1,1
83,mild non spicy food for kids,341,86,500,very spicy,1,0
83,mild non spicy food for kids,201,51,500,very spicy,1,0
83,mild non spicy food for kids,19,5,500,very spicy,1,0
83,mild non spicy food for kids,747,187,500,very spicy,1,0
83,mild non spicy food for kids,785,197,500,very spicy,0,0
83,mild non spicy food for kids,276,69,500,very spicy,1,1
83,mild non spicy food for kids,106,27,500,very spicy,1,0
83,mild non spicy food for kids,204,51,500,very spicy,1,1
83,cold coffee and snacks,737,185,500,very spicy,0,0
83,cold coffee and snacks,9,3,500,very spicy,0,0
83,cold coffee and snacks,585,147,500,very spicy,1,1
83,cold coffee and snacks,311,78,500,very spicy,0,0
83,cold coffee and snacks,114,29,500,very spicy,0,0
83,cold coffee and snacks,219,55,500,very spicy,1,1
83,cold coffee and snacks,365,92,500,very spicy,0,0
83,cold coffee and snacks,403,101,500,very spicy,1,0
83,cold coffee and snacks,89,23,500,very spicy,1,1
83,cold coffee and snacks,690,173,500,very spicy,0,0
83,quick breakfast idea,95,24,500,very spicy,0,0
83,quick breakfast idea,198,50,500,very spicy,0,0
83,quick breakfast idea,389,98,500,very spicy,1,1
83,quick breakfast idea,377,95,500,very spicy,1,1
83,quick breakfast idea,391,98,500,very spicy,1,0
83,quick breakfast idea,298,75,500,very spicy,1,0
83,quick breakfast idea,147,37,500,very spicy,1,0
83,quick breakfast idea,303,76,500,very spicy,1,0
83,quick breakfast idea,252,63,500,very spicy,1,0
83,quick breakfast idea,510,128,500,very spicy,0,0
83,cheesy comfort food,644,161,500,very spicy,1,1
83,cheesy comfort food,756,189,500,very spicy,1,1
83,cheesy comfort food,105,27,500,very spicy,1,0
83,cheesy comfort food,797,200,500,very spicy,0,0
83,cheesy comfort food,707,177,500,very spicy,1,0
83,cheesy comfort food,796,199,500,very spicy,0,0
83,cheesy comfort food,425,107,500,very spicy,1,1
83,cheesy comfort food,371,93,500,very spicy,1,0
83,cheesy comfort food,596,149,500,very spicy,1,0
83,cheesy comfort food,555,139,500,very spicy,1,1
83,mild non spicy food for kids,401,101,500,very spicy,1,0
83,mild non spicy food for kids,115,29,500,very spicy,0,0
83,mild non spicy food for kids,703,176,500,very spicy,1,1
83,mild non spicy food for kids,135,34,500,very spicy,1,0
83,mild non spicy food for kids,282,71,500,very spicy,0,0
83,mild non spicy food for kids,574,144,500,very spicy,0,0
83,mild non spicy food for kids,73,19,500,very spicy,1,0
83,mild non spicy food for kids,68,17,500,very spicy,1,0
83,mild non spicy food for kids,271,68,500,very spicy,1,0
83,mild non spicy food for kids,463,116,500,very spicy,0,0
83,mild non spicy food for kids,438,110,500,very spicy,1,1
83,mild non spicy food for kids,424,106,500,very spicy,1,1
83,mild non spicy food for kids,340,85,500,very spicy,1,0
83,mild non spicy food for kids,172,43,500,very spicy,1,1
83,mild non spicy food for kids,396,99,500,very spicy,1,0
83,mild non spicy food for kids,240,60,500,very spicy,0,0
83,mild non spicy food for kids,25,7,500,very spicy,1,0
83,mild non spicy food for kids,265,67,500,very spicy,1,0
83,mild non spicy food for kids,242,61,500,very spicy,1,1
83,mild non spicy food for kids,797,200,500,very spicy,1,0
83,sweet dessert to end the meal,294,74,500,very spicy,1,0
83,sweet dessert to end the meal,551,138,500,very spicy,1,0
83,sweet dessert to end the meal,713,179,500,very spicy,1,0
83,sweet dessert to end the meal,25,7,500,very spicy,1,1
83,sweet dessert to end the meal,187,47,500,very spicy,0,0
83,sweet dessert to end the meal,207,52,500,very spicy,1,0
83,sweet dessert to end the meal,474,119,500,very spicy,0,0
83,sweet dessert to end the meal,600,150,500,very spicy,1,0
83,sweet dessert to end the meal,43,11,500,very spicy,1,0
83,sweet dessert to end the meal,455,114,500,very spicy,0,0
84,cold coffee and snacks,275,69,150,very spicy,1,0
84,cold coffee and snacks,507,127,150,very spicy,1,1
84,cold coffee and snacks,720,180,150,very spicy,0,0
84,cold coffee and snacks,379,95,150,very spicy,0,0
84,cold coffee and snacks,400,100,150,very spicy,1,0
84,cold coffee and snacks,197,50,150,very spicy,1,1
84,cold coffee and snacks,137,35,150,very spicy,0,0
84,cold coffee and snacks,614,154,150,very spicy,0,0
84,cold coffee and snacks,56,14,150,very spicy,1,1
84,cold coffee and snacks,639,160,150,very spicy,1,1
84,cheesy comfort food,631,158,150,very spicy,1,1
84,cheesy comfort food,124,31,150,very spicy,1,1
84,cheesy comfort food,146,37,150,very spicy,1,0
84,cheesy comfort food,346,87,150,very spicy,1,1
84,cheesy comfort food,446,112,150,very spicy,1,0
84,cheesy comfort food,733,184,150,very spicy,1,1
84,cheesy comfort food,374,94,150,very spicy,1,1
84,cheesy comfort food,79,20,150,very spicy,0,0
84,cheesy comfort food,443,111,150,very spicy,1,0
84,cheesy comfort food,702,176,150,very spicy,1,0
84,sweet dessert to end the meal,37,10,150,very spicy,0,0
84,sweet dessert to end the meal,349,88,150,very spicy,0,0
84,sweet dessert to end the meal,383,96,150,very spicy,0,0
84,sweet dessert to end the meal,470,118,150,very spicy,0,0
84,sweet dessert to end the meal,456,114,150,very spicy,1,0
84,sweet dessert to end the meal,421,106,150,very spicy,0,0
84,sweet dessert to end the meal,454,114,150,very spicy,0,0
84,sweet dessert to end the meal,233,59,150,very spicy,1,0
84,sweet dessert to end the meal,481,121,150,very spicy,0,0
84,sweet dessert to end the meal,789,198,150,very spicy,1,0
84,mild non spicy food for kids,758,190,150,very spicy,1,0
84,mild non spicy food for kids,505,127,150,very spicy,1,0
84,mild non spicy food for kids,103,26,150,very spicy,1,1
84,mild non spicy food for kids,36,9,150,very spicy,1,1
84,mild non spicy food for kids,509,128,150,very spicy,1,0
84,mild non spicy food for kids,651,163,150,very spicy,1,0
84,mild non spicy food for kids,460,115,150,very spicy,1,0
84,mild non spicy food for kids,173,44,150,very spicy,0,0
84,mild non spicy food for kids,1,1,150,very spicy,0,0
84,mild non spicy food for kids,395,99,150,very spicy,1,0
84,sweet dessert to end the meal,199,50,150,very spicy,1,0
84,sweet dessert to end the meal,44,11,150,very spicy,1,0
84,sweet dessert to end the meal,637,160,150,very spicy,1,1
84,sweet dessert to end the meal,778,195,150,very spicy,1,1
84,sweet dessert to end the meal,501,126,150,very spicy,0,0
84,sweet dessert to end the meal,749,188,150,very spicy,0,0
84,sweet dessert to end the meal,428,107,150,very spicy,1,0
84,sweet dessert to end the meal,715,179,150,very spicy,1,1
84,sweet dessert to end the meal,386,97,150,very spicy,1,0
84,sweet dessert to end the meal,344,86,150,very spicy,1,1
84,something spicy and cheap under 200,295,74,150,very spicy,1,0
84,something spicy and cheap under 200,547,137,150,very spicy,1,0
84,something spicy and cheap under 200,57,15,150,very spicy,0,0
84,something spicy and cheap under 200,711,178,150,very spicy,1,0
84,something spicy and cheap under 200,225,57,150,very spicy,1,1
84,something spicy and cheap under 200,257,65,150,very spicy,1,0
84,something spicy and cheap under 200,431,108,150,very spicy,1,0
84,something spicy and cheap under 200,205,52,150,very spicy,1,1
84,something spicy and cheap under 200,478,120,150,very spicy,0,0
84,something spicy and cheap under 200,53,14,150,very spicy,0,0
84,healthy light dinner option,192,48,150,very spicy,1,0
84,healthy light dinner option,796,199,150,very spicy,1,0
84,healthy light dinner option,790,198,150,very spicy,0,0
84,healthy light dinner option,86,22,150,very spicy,1,1
84,healthy light dinner option,137,35,150,very spicy,0,0
84,healthy light dinner option,15,4,150,very spicy,1,1
84,healthy light dinner option,502,126,150,very spicy,1,1
84,healthy light dinner option,620,155,150,very spicy,1,0
84,healthy light dinner option,284,71,150,very spicy,1,0
84,healthy light dinner option,85,22,150,very spicy,1,1
84,mild non spicy food for kids,201,51,150,very spicy,1,1
84,mild non spicy food for kids,633,159,150,very spicy,0,0
84,mild non spicy food for kids,661,166,150,very spicy,1,0
84,mild non spicy food for kids,278,70,150,very spicy,1,1
84,mild non spicy food for kids,105,27,150,very spicy,1,0
84,mild non spicy food for kids,141,36,150,very spicy,1,0
84,mild non spicy food for kids,513,129,150,very spicy,0,0
84,mild non spicy food for kids,184,46,150,very spicy,0,0
84,mild non spicy food for kids,585,147,150,very spicy,1,0
84,mild non spicy food for kids,562,141,150,very spicy,0,0
85,healthy light dinner option,593,149,500,very spicy,0,0
85,healthy light dinner option,758,190,500,very spicy,1,1
85,healthy light dinner option,564,141,500,very spicy,0,0
85,healthy light dinner option,371,93,500,very spicy,0,0
85,healthy light dinner option,682,171,500,very spicy,1,0
85,healthy light dinner option,10,3,500,very spicy,1,0
85,healthy light dinner option,191,48,500,very spicy,1,0
85,healthy light dinner option,794,199,500,very spicy,1,0
85,healthy light dinner option,503,126,500,very spicy,0,0
85,healthy light dinner option,219,55,500,very spicy,1,0
85,street food cravings,222,56,500,very spicy,1,0
85,street food cravings,757,190,500,very spicy,1,1
85,street food cravings,367,92,500,very spicy,1,1
85,street food cravings,321,81,500,very spicy,1,0
85,street food cravings,725,182,500,very spicy,1,1
85,street food cravings,324,81,500,very spicy,0,0
85,street food cravings,654,164,500,very spicy,1,1
85,street food cravings,740,185,500,very spicy,0,0
85,street food cravings,759,190,500,very spicy,1,0
85,street food cravings,659,165,500,very spicy,1,0
85,vegan friendly dinner,384,96,500,very spicy,1,1
85,vegan friendly dinner,767,192,500,very spicy,1,0
85,vegan friendly dinner,464,116,500,very spicy,1,1
85,vegan friendly dinner,795,199,500,very spicy,1,0
85,vegan friendly dinner,507,127,500,very spicy,1,0
85,vegan friendly dinner,146,37,500,very spicy,1,1
85,vegan friendly dinner,549,138,500,very spicy,1,0
85,vegan friendly dinner,231,58,500,very spicy,1,0
85,vegan friendly dinner,730,183,500,very spicy,1,1
85,vegan friendly dinner,619,155,500,very spicy,1,0
85,street food cravings,747,187,500,very spicy,1,0
85,street food cravings,203,51,500,very spicy,1,1
85,street food cravings,693,174,500,very spicy,0,0
85,street food cravings,443,111,500,very spicy,1,0
85,street food cravings,440,110,500,very spicy,1,0
85,street food cravings,796,199,500,very spicy,1,1
85,street food cravings,134,34,500,very spicy,1,1
85,street food cravings,552,138,500,very spicy,1,0
85,street food cravings,221,56,500,very spicy,0,0
85,street food cravings,710,178,500,very spicy,1,1
85,mild non spicy food for kids,800,200,500,very spicy,0,0
85,mild non spicy food for kids,625,157,500,very spicy,1,1
85,mild non spicy food for kids,662,166,500,very spicy,1,0
85,mild non spicy food for kids,442,111,500,very spicy,1,0
85,mild non spicy food for kids,67,17,500,very spicy,1,1
85,mild non spicy food for kids,743,186,500,very spicy,1,0
85,mild non spicy food for kids,275,69,500,very spicy,1,0
85,mild non spicy food for kids,700,175,500,very spicy,1,0
85,mild non spicy food for kids,124,31,500,very spicy,1,1
85,mild non spicy food for kids,676,169,500,very spicy,1,1
85,healthy light dinner option,661,166,500,very spicy,1,0
85,healthy light dinner option,629,158,500,very spicy,1,0
85,healthy light dinner option,222,56,500,very spicy,1,0
85,healthy light dinner option,604,151,500,very spicy,1,0
85,healthy light dinner option,348,87,500,very spicy,1,1
85,healthy light dinner option,762,191,500,very spicy,1,0
85,healthy light dinner option,549,138,500,very spicy,1,0
85,healthy light dinner option,342,86,500,very spicy,0,0
85,healthy light dinner option,350,88,500,very spicy,1,0
85,healthy light dinner option,737,185,500,very spicy,1,0
85,cold coffee and snacks,766,192,500,very spicy,1,1
85,cold coffee and snacks,337,85,500,very spicy,1,1
85,cold coffee and snacks,6,2,500,very spicy,1,0
85,cold coffee and snacks,64,16,500,very spicy,1,0
85,cold coffee and snacks,93,24,500,very spicy,1,1
85,cold coffee and snacks,53,14,500,very spicy,1,1
85,cold coffee and snacks,334,84,500,very spicy,1,0
85,cold coffee and snacks,305,77,500,very spicy,1,1
85,cold coffee and snacks,179,45,500,very spicy,1,0
85,cold coffee and snacks,54,14,500,very spicy,1,0
85,cheesy comfort food,614,154,500,very spicy,1,0
85,cheesy comfort food,203,51,500,very spicy,1,0
85,cheesy comfort food,53,14,500,very spicy,1,1
85,cheesy comfort food,204,51,500,very spicy,0,0
85,cheesy comfort food,560,140,500,very spicy,0,0
85,cheesy comfort food,227,57,500,very spicy,1,1
85,cheesy comfort food,785,197,500,very spicy,1,1
85,cheesy comfort food,400,100,500,very spicy,1,0
85,cheesy comfort food,57,15,500,very spicy,1,1
85,cheesy comfort food,407,102,500,very spicy,1,1
86,biryani under 300 rupees,137,35,150,mild,0,0
86,biryani under 300 rupees,780,195,150,mild,1,1
86,biryani under 300 rupees,546,137,150,mild,1,0
86,biryani under 300 rupees,173,44,150,mild,1,1
86,biryani under 300 rupees,67,17,150,mild,0,0
86,biryani under 300 rupees,665,167,150,mild,1,1
86,biryani under 300 rupees,377,95,150,mild,0,0
86,biryani under 300 rupees,613,154,150,mild,1,1
86,biryani under 300 rupees,503,126,150,mild,0,0
86,biryani under 300 rupees,40,10,150,mild,0,0
86,sweet dessert to end the meal,174,44,150,mild,1,1
86,sweet dessert to end the meal,358,90,150,mild,0,0
86,sweet dessert to end the meal,391,98,150,mild,1,0
86,sweet dessert to end the meal,288,72,150,mild,0,0
86,sweet dessert to end the meal,17,5,150,mild,0,0
86,sweet dessert to end the meal,100,25,150,mild,1,0
86,sweet dessert to end the meal,384,96,150,mild,0,0
86,sweet dessert to end the meal,388,97,150,mild,0,0
86,sweet dessert to end the meal,469,118,150,mild,1,0
86,sweet dessert to end the meal,97,25,150,mild,1,1
86,street food cravings,541,136,150,mild,1,1
86,street food cravings,764,191,150,mild,1,0
86,street food cravings,630,158,150,mild,0,0
86,street food cravings,779,195,150,mild,1,0
86,street food cravings,799,200,150,mild,1,0
86,street food cravings,246,62,150,mild,0,0
86,street food cravings,20,5,150,mild,1,0
86,street food cravings,495,124,150,mild,1,0
86,street food cravings,347,87,150,mild,1,1
86,street food cravings,654,164,150,mild,1,1
86,cold coffee and snacks,573,144,150,mild,0,0
86,cold coffee and snacks,461,116,150,mild,0,0
86,cold coffee and snacks,117,30,150,mild,1,1
86,cold coffee and snacks,404,101,150,mild,1,1
86,cold coffee and snacks,468,117,150,mild,0,0
86,cold coffee and snacks,486,122,150,mild,1,0
86,cold coffee and snacks,280,70,150,mild,0,0
86,cold coffee and snacks,34,9,150,mild,0,0
86,cold coffee and snacks,613,154,150,mild,1,0
86,cold coffee and snacks,248,62,150,mild,0,0
86,cold coffee and snacks,452,113,150,mild,0,0
86,cold coffee and snacks,427,107,150,mild,0,0
86,cold coffee and snacks,573,144,150,mild,1,0
86,cold coffee and snacks,202,51,150,mild,1,1
86,cold coffee and snacks,657,165,150,mild,0,0
86,cold coffee and snacks,719,180,150,mild,0,0
86,cold coffee and snacks,238,60,150,mild,0,0
86,cold coffee and snacks,42,11,150,mild,0,0
86,cold coffee and snacks,144,36,150,mild,1,1
86,cold coffee and snacks,434,109,150,mild,0,0
86,sweet dessert to end the meal,616,154,150,mild,0,0
86,sweet dessert to end the meal,732,183,150,mild,0,0
86,sweet dessert to end the meal,437,110,150,mild,1,1
86,sweet dessert to end the meal,272,68,150,mild,0,0
86,sweet dessert to end the meal,161,41,150,mild,1,0
86,sweet dessert to end the meal,109,28,150,mild,0,0
86,sweet dessert to end the meal,86,22,150,mild,1,0
86,sweet dessert to end the meal,611,153,150,mild,0,0
86,sweet dessert to end the meal,214,54,150,mild,1,0
86,sweet dessert to end the meal,754,189,150,mild,1,1
86,cheesy comfort food,121,31,150,mild,0,0
86,cheesy comfort food,203,51,150,mild,1,1
86,cheesy comfort food,702,176,150,mild,1,1
86,cheesy comfort food,443,111,150,mild,1,1
86,cheesy comfort food,288,72,150,mild,0,0
86,cheesy comfort food,89,23,150,mild,1,1
86,cheesy comfort food,40,10,150,mild,1,0
86,cheesy comfort food,397,100,150,mild,1,1
86,cheesy comfort food,316,79,150,mild,1,1
86,cheesy comfort food,141,36,150,mild,0,0
86,cheesy comfort food,701,176,150,mild,1,1
86,cheesy comfort food,353,89,150,mild,1,0
86,cheesy comfort food,151,38,150,mild,1,1
86,cheesy comfort food,315,79,150,mild,1,0
86,cheesy comfort food,633,159,150,mild,0,0
86,cheesy comfort food,372,93,150,mild,1,0
86,cheesy comfort food,686,172,150,mild,0,0
86,cheesy comfort food,297,75,150,mild,0,0
86,cheesy comfort food,235,59,150,mild,0,0
86,cheesy comfort food,81,21,150,mild,0,0
87,biryani under 300 rupees,219,55,150,spicy,1,0
87,biryani under 300 rupees,580,145,150,spicy,0,0
87,biryani under 300 rupees,98,25,150,spicy,1,0
87,biryani under 300 rupees,206,52,150,spicy,0,0
87,biryani under 300 rupees,647,162,150,spicy,1,0
87,biryani under 300 rupees,249,63,150,spicy,0,0
87,biryani under 300 rupees,287,72,150,spicy,1,1
87,biryani under 300 rupees,144,36,150,spicy,0,0
87,biryani under 300 rupees,798,200,150,spicy,0,0
87,biryani under 300 rupees,254,64,150,spicy,1,0
87,something spicy and cheap under 200,511,128,150,spicy,1,1
87,something spicy and cheap under 200,674,169,150,spicy,0,0
87,something spicy and cheap under 200,256,64,150,spicy,0,0
87,something spicy and cheap under 200,659,165,150,spicy,1,0
87,something spicy and cheap under 200,563,141,150,spicy,1,1
87,something spicy and cheap under 200,259,65,150,spicy,0,0
87,something spicy and cheap under 200,309,78,150,spicy,1,1
87,something spicy and cheap under 200,428,107,150,spicy,0,0
87,something spicy and cheap under 200,698,175,150,spicy,0,0
87,something spicy and cheap under 200,620,155,150,spicy,1,0
87,biryani under 300 rupees,155,39,150,spicy,0,0
87,biryani under 300 rupees,528,132,150,spicy,1,0
87,biryani under 300 rupees,150,38,150,spicy,0,0
87,biryani under 300 rupees,232,58,150,spicy,1,1
87,biryani under 300 rupees,106,27,150,spicy,1,0
87,biryani under 300 rupees,286,72,150,spicy,1,1
87,biryani under 300 rupees,371,93,150,spicy,1,1
87,biryani under 300 rupees,415,104,150,spicy,0,0
87,biryani under 300 rupees,269,68,150,spicy,1,1
87,biryani under 300 rupees,621,156,150,spicy,1,0
87,something spicy and cheap under 200,125,32,150,spicy,0,0
87,something spicy and cheap under 200,321,81,150,spicy,0,0
87,something spicy and cheap under 200,585,147,150,spicy,1,0
87,something spicy and cheap under 200,382,96,150,spicy,0,0
87,something spicy and cheap under 200,45,12,150,spicy,1,0
87,something spicy and cheap under 200,726,182,150,spicy,1,1
87,something spicy and cheap under 200,405,102,150,spicy,0,0
87,something spicy and cheap under 200,750,188,150,spicy,1,0
87,something spicy and cheap under 200,153,39,150,spicy,0,0
87,something spicy and cheap under 200,44,11,150,spicy,1,1
87,cold coffee and snacks,61,16,150,spicy,0,0
87,cold coffee and snacks,604,151,150,spicy,0,0
87,cold coffee and snacks,650,163,150,spicy,1,0
87,cold coffee and snacks,465,117,150,spicy,1,1
87,cold coffee and snacks,262,66,150,spicy,1,1
87,cold coffee and snacks,186,47,150,spicy,0,0
87,cold coffee and snacks,342,86,150,spicy,1,0
87,cold coffee and snacks,170,43,150,spicy,1,0
87,cold coffee and snacks,543,136,150,spicy,1,1
87,cold coffee and snacks,192,48,150,spicy,1,1
87,biryani under 300 rupees,521,131,150,spicy,1,1
87,biryani under 300 rupees,3,1,150,spicy,0,0
87,biryani under 300 rupees,255,64,150,spicy,0,0
87,biryani under 300 rupees,294,74,150,spicy,1,1
87,biryani under 300 rupees,779,195,150,spicy,0,0
87,biryani under 300 rupees,763,191,150,spicy,0,0
87,biryani under 300 rupees,404,101,150,spicy,1,0
87,biryani under 300 rupees,168,42,150,spicy,0,0
87,biryani under 300 rupees,350,88,150,spicy,1,0
87,biryani under 300 rupees,323,81,150,spicy,1,1
87,street food cravings,356,89,150,spicy,0,0
87,street food cravings,491,123,150,spicy,1,1
87,street food cravings,407,102,150,spicy,1,0
87,street food cravings,800,200,150,spicy,1,0
87,street food cravings,503,126,150,spicy,1,0
87,street food cravings,152,38,150,spicy,0,0
87,street food cravings,394,99,150,spicy,0,0
87,street food cravings,270,68,150,spicy,1,1
87,street food cravings,294,74,150,spicy,1,0
87,street food cravings,324,81,150,spicy,1,1
87,cold coffee and snacks,668,167,150,spicy,1,0
87,cold coffee and snacks,117,30,150,spicy,0,0
87,cold coffee and snacks,553,139,150,spicy,1,1
87,cold coffee and snacks,114,29,150,spicy,0,0
87,cold coffee and snacks,723,181,150,spicy,0,0
87,cold coffee and snacks,54,14,150,spicy,0,0
87,cold coffee and snacks,45,12,150,spicy,1,0
87,cold coffee and snacks,471,118,150,spicy,0,0
87,cold coffee and snacks,637,160,150,spicy,0,0
87,cold coffee and snacks,55,14,150,spicy,0,0
88,sweet dessert to end the meal,380,95,500,spicy,1,1
88,sweet dessert to end the meal,306,77,500,spicy,1,0
88,sweet dessert to end the meal,240,60,500,spicy,1,1
88,sweet dessert to end the meal,453,114,500,spicy,1,1
88,sweet dessert to end the meal,105,27,500,spicy,1,0
88,sweet dessert to end the meal,268,67,500,spicy,0,0
88,sweet dessert to end the meal,357,90,500,spicy,1,0
88,sweet dessert to end the meal,98,25,500,spicy,1,1
88,sweet dessert to end the meal,24,6,500,spicy,0,0
88,sweet dessert to end the meal,489,123,500,spicy,1,0
88,cheesy comfort food,147,37,500,spicy,0,0
88,cheesy comfort food,436,109,500,spicy,1,0
88,cheesy comfort food,96,24,500,spicy,1,0
88,cheesy comfort food,265,67,500,spicy,1,0
88,cheesy comfort food,101,26,500,spicy,1,1
88,cheesy comfort food,264,66,500,spicy,0,0
88,cheesy comfort food,753,189,500,spicy,1,0
88,cheesy comfort food,707,177,500,spicy,1,1
88,cheesy comfort food,241,61,500,spicy,0,0
88,cheesy comfort food,582,146,500,spicy,1,0
88,something spicy and cheap under 200,484,121,500,spicy,1,0
88,something spicy and cheap under 200,638,160,500,spicy,1,0
88,something spicy and cheap under 200,490,123,500,spicy,1,0
88,something spicy and cheap under 200,250,63,500,spicy,1,0
88,something spicy and cheap under 200,54,14,500,spicy,1,0
88,something spicy and cheap under 200,15,4,500,spicy,1,1
88,something spicy and cheap under 200,676,169,500,spicy,1,1
88,something spicy and cheap under 200,586,147,500,spicy,1,0
88,something spicy and cheap under 200,303,76,500,spicy,1,1
88,something spicy and cheap under 200,491,123,500,spicy,1,0
88,healthy light dinner option,493,124,500,spicy,0,0
88,healthy light dinner option,655,164,500,spicy,1,0
88,healthy light dinner option,486,122,500,spicy,0,0
88,healthy light dinner option,705,177,500,spicy,0,0
88,healthy light dinner option,748,187,500,spicy,1,0
88,healthy light dinner option,698,175,500,spicy,1,0
88,healthy light dinner option,355,89,500,spicy,1,1
88,healthy light dinner option,609,153,500,spicy,1,1
88,healthy light dinner option,395,99,500,spicy,0,0
88,healthy light dinner option,43,11,500,spicy,0,0
88,quick breakfast idea,322,81,500,spicy,1,0
88,quick breakfast idea,308,77,500,spicy,0,0
88,quick breakfast idea,153,39,500,spicy,1,0
88,quick breakfast idea,764,191,500,spicy,1,0
88,quick breakfast idea,598,150,500,spicy,1,0
88,quick breakfast idea,703,176,500,spicy,1,0
88,quick breakfast idea,704,176,500,spicy,1,0
88,quick breakfast idea,332,83,500,spicy,1,0
88,quick breakfast idea,573,144,500,spicy,1,1
88,quick breakfast idea,556,139,500,spicy,1,1
88,quick breakfast idea,349,88,500,spicy,1,1
88,quick breakfast idea,490,123,500,spicy,1,1
88,quick breakfast idea,474,119,500,spicy,1,1
88,quick breakfast idea,343,86,500,spicy,0,0
88,quick breakfast idea,782,196,500,spicy,0,0
88,quick breakfast idea,523,131,500,spicy,0,0
88,quick breakfast idea,354,89,500,spicy,1,1
88,quick breakfast idea,372,93,500,spicy,1,0
88,quick breakfast idea,722,181,500,spicy,1,1
88,quick breakfast idea,602,151,500,spicy,1,0
88,cheesy comfort food,214,54,500,spicy,1,0
88,cheesy comfort food,728,182,500,spicy,0,0
88,cheesy comfort food,757,190,500,spicy,1,1
88,cheesy comfort food,317,80,500,spicy,1,0
88,cheesy comfort food,183,46,500,spicy,0,0
88,cheesy comfort food,725,182,500,spicy,0,0
88,cheesy comfort food,740,185,500,spicy,0,0
88,cheesy comfort food,791,198,500,spicy,1,0
88,cheesy comfort food,716,179,500,spicy,1,1
88,cheesy comfort food,719,180,500,spicy,0,0
88,quick breakfast idea,176,44,500,spicy,1,0
88,quick breakfast idea,656,164,500,spicy,1,1
88,quick breakfast idea,304,76,500,spicy,1,1
88,quick breakfast idea,107,27,500,spicy,1,0
88,quick breakfast idea,407,102,500,spicy,0,0
88,quick breakfast idea,65,17,500,spicy,0,0
88,quick breakfast idea,696,174,500,spicy,1,0
88,quick breakfast idea,252,63,500,spicy,1,0
88,quick breakfast idea,291,73,500,spicy,1,0
88,quick breakfast idea,480,120,500,spicy,1,0
89,sweet dessert to end the meal,698,175,150,medium,1,0
89,sweet dessert to end the meal,242,61,150,medium,0,0
89,sweet dessert to end the meal,16,4,150,medium,0,0
89,sweet dessert to end the meal,708,177,150,medium,1,1
89,sweet dessert to end the meal,577,145,150,medium,1,1
89,sweet dessert to end the meal,337,85,150,medium,1,1
89,sweet dessert to end the meal,645,162,150,medium,1,0
89,sweet dessert to end the meal,30,8,150,medium,1,1
89,sweet dessert to end the meal,550,138,150,medium,1,0
89,sweet dessert to end the meal,592,148,150,medium,0,0
89,cheesy comfort food,157,40,150,medium,0,0
89,cheesy comfort food,167,42,150,medium,0,0
89,cheesy comfort food,304,76,150,medium,1,0
89,cheesy comfort food,317,80,150,medium,1,0
89,cheesy comfort food,244,61,150,medium,0,0
89,cheesy comfort food,742,186,150,medium,0,0
89,cheesy comfort food,499,125,150,medium,1,0
89,cheesy comfort food,308,77,150,medium,0,0
89,cheesy comfort food,566,142,150,medium,0,0
89,cheesy comfort food,780,195,150,medium,0,0
89,biryani under 300 rupees,720,180,150,medium,0,0
89,biryani under 300 rupees,612,153,150,medium,0,0
89,biryani under 300 rupees,286,72,150,medium,0,0
89,biryani under 300 rupees,435,109,150,medium,1,1
89,biryani under 300 rupees,697,175,150,medium,1,1
89,biryani under 300 rupees,421,106,150,medium,0,0
89,biryani under 300 rupees,590,148,150,medium,1,0
89,biryani under 300 rupees,629,158,150,medium,1,1
89,biryani under 300 rupees,506,127,150,medium,1,1
89,biryani under 300 rupees,127,32,150,medium,1,0
89,healthy light dinner option,405,102,150,medium,1,0
89,healthy light dinner option,656,164,150,medium,1,1
89,healthy light dinner option,71,18,150,medium,1,1
89,healthy light dinner option,717,180,150,medium,1,0
89,healthy light dinner option,653,164,150,medium,0,0
89,healthy light dinner option,588,147,150,medium,1,0
89,healthy light dinner option,677,170,150,medium,0,0
89,healthy light dinner option,381,96,150,medium,1,0
89,healthy light dinner option,258,65,150,medium,0,0
89,healthy light dinner option,290,73,150,medium,0,0
89,cheesy comfort food,567,142,150,medium,0,0
89,cheesy comfort food,376,94,150,medium,1,1
89,cheesy comfort food,430,108,150,medium,1,0
89,cheesy comfort food,666,167,150,medium,1,0
89,cheesy comfort food,250,63,150,medium,1,1
89,cheesy comfort food,280,70,150,medium,0,0
89,cheesy comfort food,428,107,150,medium,1,0
89,cheesy comfort food,464,116,150,medium,1,1
89,cheesy comfort food,768,192,150,medium,1,0
89,cheesy comfort food,602,151,150,medium,0,0
89,cold coffee and snacks,682,171,150,medium,1,0
89,cold coffee and snacks,585,147,150,medium,1,1
89,cold coffee and snacks,60,15,150,medium,0,0
89,cold coffee and snacks,707,177,150,medium,0,0
89,cold coffee and snacks,1,1,150,medium,1,1
89,cold coffee and snacks,111,28,150,medium,1,1
89,cold coffee and snacks,31,8,150,medium,1,0
89,cold coffee and snacks,593,149,150,medium,0,0
89,cold coffee and snacks,640,160,150,medium,0,0
89,cold coffee and snacks,481,121,150,medium,0,0
89,cold coffee and snacks,212,53,150,medium,1,1
89,cold coffee and snacks,330,83,150,medium,1,0
89,cold coffee and snacks,780,195,150,medium,1,1
89,cold coffee and snacks,419,105,150,medium,1,1
89,cold coffee and snacks,509,128,150,medium,0,0
89,cold coffee and snacks,692,173,150,medium,1,0
89,cold coffee and snacks,713,179,150,medium,1,0
89,cold coffee and snacks,725,182,150,medium,0,0
89,cold coffee and snacks,747,187,150,medium,1,0
89,cold coffee and snacks,11,3,150,medium,1,1
89,cold coffee and snacks,389,98,150,medium,1,1
89,cold coffee and snacks,326,82,150,medium,1,0
89,cold coffee and snacks,2,1,150,medium,0,0
89,cold coffee and snacks,557,140,150,medium,0,0
89,cold coffee and snacks,264,66,150,medium,1,1
89,cold coffee and snacks,228,57,150,medium,1,0
89,cold coffee and snacks,433,109,150,medium,0,0
89,cold coffee and snacks,209,53,150,medium,1,0
89,cold coffee and snacks,391,98,150,medium,1,0
89,cold coffee and snacks,548,137,150,medium,0,0
90,sweet dessert to end the meal,190,48,250,medium,1,0
90,sweet dessert to end the meal,381,96,250,medium,1,0
90,sweet dessert to end the meal,188,47,250,medium,1,0
90,sweet dessert to end the meal,515,129,250,medium,1,0
90,sweet dessert to end the meal,77,20,250,medium,1,1
90,sweet dessert to end the meal,208,52,250,medium,1,1
90,sweet dessert to end the meal,127,32,250,medium,1,0
90,sweet dessert to end the meal,768,192,250,medium,1,0
90,sweet dessert to end the meal,104,26,250,medium,1,0
90,sweet dessert to end the meal,704,176,250,medium,1,1
90,biryani under 300 rupees,587,147,250,medium,1,0
90,biryani under 300 rupees,602,151,250,medium,1,0
90,biryani under 300 rupees,85,22,250,medium,1,1
90,biryani under 300 rupees,635,159,250,medium,1,0
90,biryani under 300 rupees,343,86,250,medium,1,0
90,biryani under 300 rupees,592,148,250,medium,1,0
90,biryani under 300 rupees,471,118,250,medium,1,0
90,biryani under 300 rupees,548,137,250,medium,1,0
90,biryani under 300 rupees,483,121,250,medium,1,1
90,biryani under 300 rupees,173,44,250,medium,0,0
90,vegan friendly dinner,64,16,250,medium,0,0
90,vegan friendly dinner,39,10,250,medium,0,0
90,vegan friendly dinner,85,22,250,medium,1,0
90,vegan friendly dinner,519,130,250,medium,1,0
90,vegan friendly dinner,121,31,250,medium,0,0
90,vegan friendly dinner,428,107,250,medium,1,1
90,vegan friendly dinner,348,87,250,medium,0,0
90,vegan friendly dinner,772,193,250,medium,1,0
90,vegan friendly dinner,455,114,250,medium,1,1
90,vegan friendly dinner,475,119,250,medium,1,1
90,healthy light dinner option,712,178,250,medium,0,0
90,healthy light dinner option,481,121,250,medium,0,0
90,healthy light dinner option,678,170,250,medium,1,1
90,healthy light dinner option,104,26,250,medium,1,0
90,healthy light dinner option,680,170,250,medium,1,0
90,healthy light dinner option,88,22,250,medium,1,0
90,healthy light dinner option,314,79,250,medium,0,0
90,healthy light dinner option,252,63,250,medium,1,0
90,healthy light dinner option,126,32,250,medium,1,0
90,healthy light dinner option,531,133,250,medium,1,1
90,biryani under 300 rupees,575,144,250,medium,1,0
90,biryani under 300 rupees,175,44,250,medium,1,1
90,biryani under 300 rupees,756,189,250,medium,1,0
90,biryani under 300 rupees,738,185,250,medium,0,0
90,biryani under 300 rupees,618,155,250,medium,1,0
90,biryani under 300 rupees,661,166,250,medium,1,0
90,biryani under 300 rupees,669,168,250,medium,1,0
90,biryani under 300 rupees,512,128,250,medium,0,0
90,biryani under 300 rupees,247,62,250,medium,1,0
90,biryani under 300 rupees,74,19,250,medium,0,0
90,cold coffee and snacks,258,65,250,medium,0,0
90,cold coffee and snacks,599,150,250,medium,1,0
90,cold coffee and snacks,664,166,250,medium,1,0
90,cold coffee and snacks,324,81,250,medium,1,1
90,cold coffee and snacks,760,190,250,medium,1,0
90,cold coffee and snacks,48,12,250,medium,1,0
90,cold coffee and snacks,227,57,250,medium,1,0
90,cold coffee and snacks,427,107,250,medium,0,0
90,cold coffee and snacks,421,106,250,medium,0,0
90,cold coffee and snacks,554,139,250,medium,0,0
90,street food cravings,438,110,250,medium,0,0
90,street food cravings,143,36,250,medium,1,0
90,street food cravings,402,101,250,medium,1,1
90,street food cravings,356,89,250,medium,1,0
90,street food cravings,212,53,250,medium,1,0
90,street food cravings,431,108,250,medium,1,0
90,street food cravings,256,64,250,medium,0,0
90,street food cravings,157,40,250,medium,0,0
90,street food cravings,13,4,250,medium,1,1
90,street food cravings,213,54,250,medium,1,0
90,mild non spicy food for kids,721,181,250,medium,1,0
90,mild non spicy food for kids,37,10,250,medium,0,0
90,mild non spicy food for kids,492,123,250,medium,1,1
90,mild non spicy food for kids,259,65,250,medium,1,0
90,mild non spicy food for kids,602,151,250,medium,1,1
90,mild non spicy food for kids,545,137,250,medium,1,0
90,mild non spicy food for kids,753,189,250,medium,1,0
90,mild non spicy food for kids,18,5,250,medium,1,1
90,mild non spicy food for kids,676,169,250,medium,1,1
90,mild non spicy food for kids,173,44,250,medium,0,0
91,biryani under 300 rupees,307,77,500,mild,1,1
91,biryani under 300 rupees,596,149,500,mild,0,0
91,biryani under 300 rupees,782,196,500,mild,1,0
91,biryani under 300 rupees,421,106,500,mild,1,1
91,biryani under 300 rupees,43,11,500,mild,1,1
91,biryani under 300 rupees,476,119,500,mild,0,0
91,biryani under 300 rupees,733,184,500,mild,1,1
91,biryani under 300 rupees,465,117,500,mild,1,1
91,biryani under 300 rupees,454,114,500,mild,1,0
91,biryani under 300 rupees,785,197,500,mild,1,0
91,mild non spicy food for kids,16,4,500,mild,0,0
91,mild non spicy food for kids,246,62,500,mild,1,0
91,mild non spicy food for kids,267,67,500,mild,1,1
91,mild non spicy food for kids,300,75,500,mild,1,1
91,mild non spicy food for kids,228,57,500,mild,0,0
91,mild non spicy food for kids,3,1,500,mild,1,1
91,mild non spicy food for kids,527,132,500,mild,0,0
91,mild non spicy food for kids,179,45,500,mild,1,0
91,mild non spicy food for kids,83,21,500,mild,1,0
91,mild non spicy food for kids,45,12,500,mild,0,0
91,street food cravings,40,10,500,mild,1,0
91,street food cravings,782,196,500,mild,1,0
91,street food cravings,4,1,500,mild,1,0
91,street food cravings,269,68,500,mild,1,0
91,street food cravings,580,145,500,mild,1,0
91,street food cravings,229,58,500,mild,1,0
91,street food cravings,632,158,500,mild,0,0
91,street food cravings,409,103,500,mild,1,0
91,street food cravings,280,70,500,mild,1,1
91,street food cravings,407,102,500,mild,0,0
91,cold coffee and snacks,405,102,500,mild,0,0
91,cold coffee and snacks,357,90,500,mild,1,0
91,cold coffee and snacks,25,7,500,mild,1,1
91,cold coffee and snacks,270,68,500,mild,1,1
91,cold coffee and snacks,541,136,500,mild,1,0
91,cold coffee and snacks,681,171,500,mild,1,0
91,cold coffee and snacks,492,123,500,mild,1,0
91,cold coffee and snacks,354,89,500,mild,1,1
91,cold coffee and snacks,493,124,500,mild,1,1
91,cold coffee and snacks,434,109,500,mild,0,0
91,something spicy and cheap under 200,735,184,500,mild,1,0
91,something spicy and cheap under 200,490,123,500,mild,0,0
91,something spicy and cheap under 200,542,136,500,mild,1,0
91,something spicy and cheap under 200,192,48,500,mild,0,0
91,something spicy and cheap under 200,711,178,500,mild,1,0
91,something spicy and cheap under 200,361,91,500,mild,1,1
91,something spicy and cheap under 200,597,150,500,mild,0,0
91,something spicy and cheap under 200,329,83,500,mild,0,0
91,something spicy and cheap under 200,169,43,500,mild,1,0
91,something spicy and cheap under 200,504,126,500,mild,1,0
91,something spicy and cheap under 200,513,129,500,mild,0,0
91,something spicy and cheap under 200,709,178,500,mild,0,0
91,something spicy and cheap under 200,84,21,500,mild,0,0
91,something spicy and cheap under 200,789,198,500,mild,1,0
91,something spicy and cheap under 200,232,58,500,mild,1,0
91,something spicy and cheap under 200,413,104,500,mild,1,1
91,something spicy and cheap under 200,378,95,500,mild,1,1
91,something spicy and cheap under 200,293,74,500,mild,1,1
91,something spicy and cheap under 200,563,141,500,mild,1,0
91,something spicy and cheap under 200,515,129,500,mild,0,0
91,street food cravings,765,192,500,mild,1,1
91,street food cravings,96,24,500,mild,1,0
91,street food cravings,794,199,500,mild,1,1
91,street food cravings,277,70,500,mild,1,1
91,street food cravings,792,198,500,mild,1,0
91,street food cravings,786,197,500,mild,0,0
91,street food cravings,424,106,500,mild,1,0
91,street food cravings,668,167,500,mild,1,0
91,street food cravings,741,186,500,mild,1,1
91,street food cravings,176,44,500,mild,1,1
91,mild non spicy food for kids,172,43,500,mild,1,0
91,mild non spicy food for kids,494,124,500,mild,1,1
91,mild non spicy food for kids,178,45,500,mild,1,0
91,mild non spicy food for kids,304,76,500,mild,1,0
91,mild non spicy food for kids,220,55,500,mild,1,1
91,mild non spicy food for kids,239,60,500,mild,1,0
91,mild non spicy food for kids,179,45,500,mild,1,1
91,mild non spicy food for kids,618,155,500,mild,1,0
91,mild non spicy food for kids,707,177,500,mild,1,0
91,mild non spicy food for kids,799,200,500,mild,1,0
92,cold coffee and snacks,532,133,500,spicy,1,1
92,cold coffee and snacks,458,115,500,spicy,0,0
92,cold coffee and snacks,624,156,500,spicy,1,1
92,cold coffee and snacks,102,26,500,spicy,1,1
92,cold coffee and snacks,478,120,500,spicy,1,0
92,cold coffee and snacks,444,111,500,spicy,1,0
92,cold coffee and snacks,586,147,500,spicy,1,1
92,cold coffee and snacks,543,136,500,spicy,1,0
92,cold coffee and snacks,316,79,500,spicy,1,0
92,cold coffee and snacks,389,98,500,spicy,1,0
92,cold coffee and snacks,329,83,500,spicy,1,1
92,cold coffee and snacks,255,64,500,spicy,1,0
92,cold coffee and snacks,674,169,500,spicy,1,1
92,cold coffee and snacks,612,153,500,spicy,0,0
92,cold coffee and snacks,582,146,500,spicy,1,0
92,cold coffee and snacks,8,2,500,spicy,1,0
92,cold coffee and snacks,156,39,500,spicy,1,1
92,cold coffee and snacks,2,1,500,spicy,1,0
92,cold coffee and snacks,655,164,500,spicy,1,1
92,cold coffee and snacks,795,199,500,spicy,0,0
92,vegan friendly dinner,443,111,500,spicy,1,0
92,vegan friendly dinner,484,121,500,spicy,0,0
92,vegan friendly dinner,534,134,500,spicy,1,1
92,vegan friendly dinner,415,104,500,spicy,0,0
92,vegan friendly dinner,62,16,500,spicy,0,0
92,vegan friendly dinner,282,71,500,spicy,1,0
92,vegan friendly dinner,451,113,500,spicy,1,0
92,vegan friendly dinner,178,45,500,spicy,1,0
92,vegan friendly dinner,83,21,500,spicy,1,0
92,vegan friendly dinner,346,87,500,spicy,0,0
92,biryani under 300 rupees,246,62,500,spicy,1,0
92,biryani under 300 rupees,364,91,500,spicy,1,1
92,biryani under 300 rupees,522,131,500,spicy,1,1
92,biryani under 300 rupees,605,152,500,spicy,0,0
92,biryani under 300 rupees,94,24,500,spicy,1,0
92,biryani under 300 rupees,589,148,500,spicy,1,1
92,biryani under 300 rupees,237,60,500,spicy,1,0
92,biryani under 300 rupees,62,16,500,spicy,1,0
92,biryani under 300 rupees,76,19,500,spicy,1,1
92,biryani under 300 rupees,302,76,500,spicy,1,0
92,cheesy comfort food,341,86,500,spicy,1,0
92,cheesy comfort food,510,128,500,spicy,1,0
92,cheesy comfort food,386,97,500,spicy,1,0
92,cheesy comfort food,87,22,500,spicy,1,0
92,cheesy comfort food,203,51,500,spicy,1,0
92,cheesy comfort food,156,39,500,spicy,1,1
92,cheesy comfort food,702,176,500,spicy,1,0
92,cheesy comfort food,497,125,500,spicy,1,0
92,cheesy comfort food,763,191,500,spicy,1,1
92,cheesy comfort food,736,184,500,spicy,1,0
92,quick breakfast idea,367,92,500,spicy,1,0
92,quick breakfast idea,283,71,500,spicy,1,1
92,quick breakfast idea,464,116,500,spicy,0,0
92,quick breakfast idea,193,49,500,spicy,1,0
92,quick breakfast idea,442,111,500,spicy,0,0
92,quick breakfast idea,431,108,500,spicy,1,1
92,quick breakfast idea,291,73,500,spicy,1,0
92,quick breakfast idea,284,71,500,spicy,1,1
92,quick breakfast idea,648,162,500,spicy,1,1
92,quick breakfast idea,759,190,500,spicy,1,0
92,vegan friendly dinner,156,39,500,spicy,1,1
92,vegan friendly dinner,429,108,500,spicy,0,0
92,vegan friendly dinner,617,155,500,spicy,1,0
92,vegan friendly dinner,537,135,500,spicy,1,0
92,vegan friendly dinner,277,70,500,spicy,1,1
92,vegan friendly dinner,347,87,500,spicy,1,0
92,vegan friendly dinner,479,120,500,spicy,1,0
92,vegan friendly dinner,618,155,500,spicy,1,0
92,vegan friendly dinner,584,146,500,spicy,1,0
92,vegan friendly dinner,407,102,500,spicy,1,0
92,quick breakfast idea,56,14,500,spicy,1,1
92,quick breakfast idea,256,64,500,spicy,1,1
92,quick breakfast idea,462,116,500,spicy,1,1
92,quick breakfast idea,60,15,500,spicy,0,0
92,quick breakfast idea,74,19,500,spicy,1,0
92,quick breakfast idea,599,150,500,spicy,0,0
92,quick breakfast idea,333,84,500,spicy,0,0
92,quick breakfast idea,234,59,500,spicy,0,0
92,quick breakfast idea,388,97,500,spicy,1,1
92,quick breakfast idea,740,185,500,spicy,0,0
93,street food cravings,486,122,350,medium,0,0
93,street food cravings,317,80,350,medium,1,0
93,street food cravings,770,193,350,medium,1,1
93,street food cravings,603,151,350,medium,1,0
93,street food cravings,499,125,350,medium,1,1
93,street food cravings,199,50,350,medium,1,0
93,street food cravings,72,18,350,medium,0,0
93,street food cravings,200,50,350,medium,1,0
93,street food cravings,245,62,350,medium,0,0
93,street food cravings,658,165,350,medium,1,0
93,cold coffee and snacks,593,149,350,medium,1,0
93,cold coffee and snacks,485,122,350,medium,1,1
93,cold coffee and snacks,601,151,350,medium,1,1
93,cold coffee and snacks,491,123,350,medium,0,0
93,cold coffee and snacks,780,195,350,medium,1,0
93,cold coffee and snacks,380,95,350,medium,1,0
93,cold coffee and snacks,696,174,350,medium,1,1
93,cold coffee and snacks,403,101,350,medium,1,1
93,cold coffee and snacks,557,140,350,medium,1,0
93,cold coffee and snacks,469,118,350,medium,1,1
93,sweet dessert to end the meal,454,114,350,medium,0,0
93,sweet dessert to end the meal,628,157,350,medium,1,1
93,sweet dessert to end the meal,629,158,350,medium,1,1
93,sweet dessert to end the meal,266,67,350,medium,1,1
93,sweet dessert to end the meal,278,70,350,medium,1,1
93,sweet dessert to end the meal,390,98,350,medium,1,1
93,sweet dessert to end the meal,714,179,350,medium,1,1
93,sweet dessert to end the meal,536,134,350,medium,1,0
93,sweet dessert to end the meal,354,89,350,medium,1,1
93,sweet dessert to end the meal,6,2,350,medium,1,0
93,biryani under 300 rupees,219,55,350,medium,0,0
93,biryani under 300 rupees,254,64,350,medium,1,0
93,biryani under 300 rupees,509,128,350,medium,1,0
93,biryani under 300 rupees,557,140,350,medium,0,0
93,biryani under 300 rupees,796,199,350,medium,1,0
93,biryani under 300 rupees,505,127,350,medium,1,1
93,biryani under 300 rupees,431,108,350,medium,0,0
93,biryani under 300 rupees,526,132,350,medium,0,0
93,biryani under 300 rupees,318,80,350,medium,1,0
93,biryani under 300 rupees,31,8,350,medium,1,0
93,vegan friendly dinner,521,131,350,medium,1,0
93,vegan friendly dinner,411,103,350,medium,1,0
93,vegan friendly dinner,473,119,350,medium,1,1
93,vegan friendly dinner,247,62,350,medium,1,0
93,vegan friendly dinner,591,148,350,medium,1,0
93,vegan friendly dinner,668,167,350,medium,1,1
93,vegan friendly dinner,333,84,350,medium,1,0
93,vegan friendly dinner,472,118,350,medium,1,0
93,vegan friendly dinner,225,57,350,medium,1,0
93,vegan friendly dinner,219,55,350,medium,1,1
93,cheesy comfort food,434,109,350,medium,1,0
93,cheesy comfort food,93,24,350,medium,1,0
93,cheesy comfort food,567,142,350,medium,1,0
93,cheesy comfort food,534,134,350,medium,1,1
93,cheesy comfort food,392,98,350,medium,1,1
93,cheesy comfort food,129,33,350,medium,1,0
93,cheesy comfort food,459,115,350,medium,0,0
93,cheesy comfort food,335,84,350,medium,1,0
93,cheesy comfort food,139,35,350,medium,1,1
93,cheesy comfort food,448,112,350,medium,0,0
93,quick breakfast idea,16,4,350,medium,1,1
93,quick breakfast idea,487,122,350,medium,1,0
93,quick breakfast idea,602,151,350,medium,1,0
93,quick breakfast idea,434,109,350,medium,1,0
93,quick breakfast idea,759,190,350,medium,1,0
93,quick breakfast idea,514,129,350,medium,1,1
93,quick breakfast idea,145,37,350,medium,0,0
93,quick breakfast idea,662,166,350,medium,0,0
93,quick breakfast idea,472,118,350,medium,1,0
93,quick breakfast idea,102,26,350,medium,1,1
93,healthy light dinner option,290,73,350,medium,0,0
93,healthy light dinner option,771,193,350,medium,1,0
93,healthy light dinner option,398,100,350,medium,1,1
93,healthy light dinner option,182,46,350,medium,0,0
93,healthy light dinner option,740,185,350,medium,1,0
93,healthy light dinner option,23,6,350,medium,0,0
93,healthy light dinner option,567,142,350,medium,1,1
93,healthy light dinner option,396,99,350,medium,1,0
93,healthy light dinner option,201,51,350,medium,1,0
93,healthy light dinner option,65,17,350,medium,1,1
94,cheesy comfort food,491,123,250,very spicy,1,0
94,cheesy comfort food,308,77,250,very spicy,1,1
94,cheesy comfort food,768,192,250,very spicy,0,0
94,cheesy comfort food,738,185,250,very spicy,1,1
94,cheesy comfort food,514,129,250,very spicy,1,0
94,cheesy comfort food,749,188,250,very spicy,1,0
94,cheesy comfort food,40,10,250,very spicy,1,0
94,cheesy comfort food,111,28,250,very spicy,1,1
94,cheesy comfort food,549,138,250,very spicy,1,1
94,cheesy comfort food,73,19,250,very spicy,1,0
94,cheesy comfort food,634,159,250,very spicy,1,0
94,cheesy comfort food,382,96,250,very spicy,0,0
94,cheesy comfort food,293,74,250,very spicy,1,0
94,cheesy comfort food,593,149,250,very spicy,1,1
94,cheesy comfort food,36,9,250,very spicy,1,1
94,cheesy comfort food,198,50,250,very spicy,1,0
94,cheesy comfort food,197,50,250,very spicy,1,0
94,cheesy comfort food,398,100,250,very spicy,1,0
94,cheesy comfort food,788,197,250,very spicy,1,0
94,cheesy comfort food,192,48,250,very spicy,0,0
94,cold coffee and snacks,739,185,250,very spicy,0,0
94,cold coffee and snacks,459,115,250,very spicy,1,0
94,cold coffee and snacks,664,166,250,very spicy,1,0
94,cold coffee and snacks,133,34,250,very spicy,0,0
94,cold coffee and snacks,233,59,250,very spicy,0,0
94,cold coffee and snacks,547,137,250,very spicy,0,0
94,cold coffee and snacks,553,139,250,very spicy,1,0
94,cold coffee and snacks,24,6,250,very spicy,0,0
94,cold coffee and snacks,584,146,250,very spicy,1,0
94,cold coffee and snacks,358,90,250,very spicy,0,0
94,biryani under 300 rupees,167,42,250,very spicy,1,1
94,biryani under 300 rupees,53,14,250,very spicy,1,0
94,biryani under 300 rupees,544,136,250,very spicy,1,0
94,biryani under 300 rupees,710,178,250,very spicy,1,0
94,biryani under 300 rupees,144,36,250,very spicy,1,0
94,biryani under 300 rupees,125,32,250,very spicy,1,0
94,biryani under 300 rupees,436,109,250,very spicy,1,0
94,biryani under 300 rupees,346,87,250,very spicy,1,0
94,biryani under 300 rupees,430,108,250,very spicy,1,1
94,biryani under 300 rupees,166,42,250,very spicy,0,0
94,sweet dessert to end the meal,791,198,250,very spicy,0,0
94,sweet dessert to end the meal,39,10,250,very spicy,0,0
94,sweet dessert to end the meal,325,82,250,very spicy,1,1
94,sweet dessert to end the meal,640,160,250,very spicy,0,0
94,sweet dessert to end the meal,122,31,250,very spicy,0,0
94,sweet dessert to end the meal,505,127,250,very spicy,1,0
94,sweet dessert to end the meal,137,35,250,very spicy,1,1
94,sweet dessert to end the meal,735,184,250,very spicy,1,0
94,sweet dessert to end the meal,144,36,250,very spicy,1,0
94,sweet dessert to end the meal,607,152,250,very spicy,1,0
94,quick breakfast idea,257,65,250,very spicy,0,0
94,quick breakfast idea,795,199,250,very spicy,1,0
94,quick breakfast idea,258,65,250,very spicy,0,0
94,quick breakfast idea,214,54,250,very spicy,0,0
94,quick breakfast idea,627,157,250,very spicy,0,0
94,quick breakfast idea,347,87,250,very spicy,0,0
94,quick breakfast idea,95,24,250,very spicy,1,1
94,quick breakfast idea,334,84,250,very spicy,1,0
94,quick breakfast idea,632,158,250,very spicy,1,1
94,quick breakfast idea,724,181,250,very spicy,1,0
94,something spicy and cheap under 200,277,70,250,very spicy,1,0
94,something spicy and cheap under 200,700,175,250,very spicy,0,0
94,something spicy and cheap under 200,344,86,250,very spicy,1,1
94,something spicy and cheap under 200,107,27,250,very spicy,1,0
94,something spicy and cheap under 200,745,187,250,very spicy,1,1
94,something spicy and cheap under 200,385,97,250,very spicy,1,0
94,something spicy and cheap under 200,50,13,250,very spicy,1,0
94,something spicy and cheap under 200,136,34,250,very spicy,1,0
94,something spicy and cheap under 200,59,15,250,very spicy,1,0
94,something spicy and cheap under 200,500,125,250,very spicy,1,0
94,vegan friendly dinner,791,198,250,very spicy,0,0
94,vegan friendly dinner,794,199,250,very spicy,1,0
94,vegan friendly dinner,287,72,250,very spicy,1,0
94,vegan friendly dinner,62,16,250,very spicy,0,0
94,vegan friendly dinner,116,29,250,very spicy,1,0
94,vegan friendly dinner,265,67,250,very spicy,0,0
94,vegan friendly dinner,240,60,250,very spicy,1,0
94,vegan friendly dinner,528,132,250,very spicy,1,0
94,vegan friendly dinner,137,35,250,very spicy,1,0
94,vegan friendly dinner,743,186,250,very spicy,1,1
95,cheesy comfort food,267,67,250,spicy,1,0
95,cheesy comfort food,75,19,250,spicy,1,0
95,cheesy comfort food,5,2,250,spicy,1,0
95,cheesy comfort food,481,121,250,spicy,1,1
95,cheesy comfort food,15,4,250,spicy,1,1
95,cheesy comfort food,736,184,250,spicy,1,0
95,cheesy comfort food,449,113,250,spicy,1,1
95,cheesy comfort food,226,57,250,spicy,1,0
95,cheesy comfort food,585,147,250,spicy,1,1
95,cheesy comfort food,579,145,250,spicy,1,1
95,something spicy and cheap under 200,131,33,250,spicy,1,0
95,something spicy and cheap under 200,685,172,250,spicy,1,0
95,something spicy and cheap under 200,399,100,250,spicy,0,0
95,something spicy and cheap under 200,460,115,250,spicy,1,1
95,something spicy and cheap under 200,189,48,250,spicy,1,0
95,something spicy and cheap under 200,736,184,250,spicy,0,0
95,something spicy and cheap under 200,357,90,250,spicy,1,0
95,something spicy and cheap under 200,332,83,250,spicy,1,0
95,something spicy and cheap under 200,53,14,250,spicy,0,0
95,something spicy and cheap under 200,191,48,250,spicy,0,0
95,vegan friendly dinner,763,191,250,spicy,1,0
95,vegan friendly dinner,4,1,250,spicy,0,0
95,vegan friendly dinner,257,65,250,spicy,0,0
95,vegan friendly dinner,249,63,250,spicy,0,0
95,vegan friendly dinner,461,116,250,spicy,1,0
95,vegan friendly dinner,593,149,250,spicy,1,0
95,vegan friendly dinner,82,21,250,spicy,1,1
95,vegan friendly dinner,759,190,250,spicy,1,1
95,vegan friendly dinner,70,18,250,spicy,0,0
95,vegan friendly dinner,177,45,250,spicy,0,0
95,healthy light dinner option,63,16,250,spicy,1,1
95,healthy light dinner option,485,122,250,spicy,0,0
95,healthy light dinner option,137,35,250,spicy,1,0
95,healthy light dinner option,223,56,250,spicy,0,0
95,healthy light dinner option,350,88,250,spicy,1,1
95,healthy light dinner option,99,25,250,spicy,0,0
95,healthy light dinner option,377,95,250,spicy,1,0
95,healthy light dinner option,30,8,250,spicy,1,0
95,healthy light dinner option,489,123,250,spicy,1,0
95,healthy light dinner option,534,134,250,spicy,1,0
95,quick breakfast idea,67,17,250,spicy,1,1
95,quick breakfast idea,333,84,250,spicy,1,0
95,quick breakfast idea,160,40,250,spicy,0,0
95,quick breakfast idea,257,65,250,spicy,1,0
95,quick breakfast idea,299,75,250,spicy,0,0
95,quick breakfast idea,502,126,250,spicy,0,0
95,quick breakfast idea,202,51,250,spicy,1,1
95,quick breakfast idea,739,185,250,spicy,0,0
95,quick breakfast idea,624,156,250,spicy,1,0
95,quick breakfast idea,626,157,250,spicy,1,0
95,mild non spicy food for kids,80,20,250,spicy,1,0
95,mild non spicy food for kids,774,194,250,spicy,1,1
95,mild non spicy food for kids,650,163,250,spicy,1,1
95,mild non spicy food for kids,280,70,250,spicy,1,0
95,mild non spicy food for kids,490,123,250,spicy,0,0
95,mild non spicy food for kids,624,156,250,spicy,1,0
95,mild non spicy food for kids,257,65,250,spicy,0,0
95,mild non spicy food for kids,69,18,250,spicy,0,0
95,mild non spicy food for kids,428,107,250,spicy,1,1
95,mild non spicy food for kids,312,78,250,spicy,1,0
95,cold coffee and snacks,339,85,250,spicy,0,0
95,cold coffee and snacks,603,151,250,spicy,0,0
95,cold coffee and snacks,703,176,250,spicy,1,0
95,cold coffee and snacks,377,95,250,spicy,1,1
95,cold coffee and snacks,797,200,250,spicy,1,0
95,cold coffee and snacks,619,155,250,spicy,1,1
95,cold coffee and snacks,369,93,250,spicy,1,0
95,cold coffee and snacks,362,91,250,spicy,1,0
95,cold coffee and snacks,630,158,250,spicy,1,0
95,cold coffee and snacks,8,2,250,spicy,0,0
95,vegan friendly dinner,524,131,250,spicy,0,0
95,vegan friendly dinner,295,74,250,spicy,1,0
95,vegan friendly dinner,432,108,250,spicy,0,0
95,vegan friendly dinner,39,10,250,spicy,0,0
95,vegan friendly dinner,495,124,250,spicy,0,0
95,vegan friendly dinner,464,116,250,spicy,1,0
95,vegan friendly dinner,751,188,250,spicy,0,0
95,vegan friendly dinner,60,15,250,spicy,1,1
95,vegan friendly dinner,686,172,250,spicy,1,0
95,vegan friendly dinner,5,2,250,spicy,0,0
96,cheesy comfort food,9,3,350,mild,1,0
96,cheesy comfort food,151,38,350,mild,1,1
96,cheesy comfort food,668,167,350,mild,1,0
96,cheesy comfort food,185,47,350,mild,1,0
96,cheesy comfort food,776,194,350,mild,1,0
96,cheesy comfort food,435,109,350,mild,0,0
96,cheesy comfort food,726,182,350,mild,1,0
96,cheesy comfort food,561,141,350,mild,1,0
96,cheesy comfort food,689,173,350,mild,1,0
96,cheesy comfort food,660,165,350,mild,0,0
96,mild non spicy food for kids,706,177,350,mild,1,0
96,mild non spicy food for kids,175,44,350,mild,1,0
96,mild non spicy food for kids,360,90,350,mild,1,0
96,mild non spicy food for kids,732,183,350,mild,1,0
96,mild non spicy food for kids,402,101,350,mild,1,0
96,mild non spicy food for kids,444,111,350,mild,0,0
96,mild non spicy food for kids,614,154,350,mild,1,0
96,mild non spicy food for kids,232,58,350,mild,1,1
96,mild non spicy food for kids,671,168,350,mild,0,0
96,mild non spicy food for kids,239,60,350,mild,1,0
96,healthy light dinner option,765,192,350,mild,0,0
96,healthy light dinner option,499,125,350,mild,1,0
96,healthy light dinner option,32,8,350,mild,1,0
96,healthy light dinner option,800,200,350,mild,1,0
96,healthy light dinner option,317,80,350,mild,1,1
96,healthy light dinner option,163,41,350,mild,1,0
96,healthy light dinner option,449,113,350,mild,1,0
96,healthy light dinner option,391,98,350,mild,1,0
96,healthy light dinner option,396,99,350,mild,1,0
96,healthy light dinner option,196,49,350,mild,1,0
96,something spicy and cheap under 200,475,119,350,mild,1,0
96,something spicy and cheap under 200,77,20,350,mild,1,0
96,something spicy and cheap under 200,722,181,350,mild,1,0
96,something spicy and cheap under 200,128,32,350,mild,1,1
96,something spicy and cheap under 200,331,83,350,mild,1,0
96,something spicy and cheap under 200,744,186,350,mild,1,0
96,something spicy and cheap under 200,269,68,350,mild,1,0
96,something spicy and cheap under 200,496,124,350,mild,1,0
96,something spicy and cheap under 200,773,194,350,mild,1,0
96,something spicy and cheap under 200,149,38,350,mild,0,0
96,cold coffee and snacks,37,10,350,mild,1,0
96,cold coffee and snacks,713,179,350,mild,0,0
96,cold coffee and snacks,310,78,350,mild,1,1
96,cold coffee and snacks,64,16,350,mild,1,0
96,cold coffee and snacks,607,152,350,mild,1,1
96,cold coffee and snacks,505,127,350,mild,1,1
96,cold coffee and snacks,354,89,350,mild,1,1
96,cold coffee and snacks,189,48,350,mild,1,0
96,cold coffee and snacks,169,43,350,mild,1,0
96,cold coffee and snacks,730,183,350,mild,1,0
96,healthy light dinner option,65,17,350,mild,1,0
96,healthy light dinner option,22,6,350,mild,1,1
96,healthy light dinner option,285,72,350,mild,1,0
96,healthy light dinner option,161,41,350,mild,1,1
96,healthy light dinner option,137,35,350,mild,1,0
96,healthy light dinner option,591,148,350,mild,1,0
96,healthy light dinner option,513,129,350,mild,1,0
96,healthy light dinner option,719,180,350,mild,1,0
96,healthy light dinner option,404,101,350,mild,1,0
96,healthy light dinner option,308,77,350,mild,0,0
96,street food cravings,746,187,350,mild,0,0
96,street food cravings,140,35,350,mild,1,1
96,street food cravings,226,57,350,mild,1,0
96,street food cravings,60,15,350,mild,0,0
96,street food cravings,689,173,350,mild,0,0
96,street food cravings,666,167,350,mild,1,1
96,street food cravings,469,118,350,mild,1,1
96,street food cravings,753,189,350,mild,1,0
96,street food cravings,243,61,350,mild,1,1
96,street food cravings,708,177,350,mild,1,1
96,healthy light dinner option,741,186,350,mild,1,0
96,healthy light dinner option,48,12,350,mild,1,0
96,healthy light dinner option,2,1,350,mild,1,0
96,healthy light dinner option,442,111,350,mild,1,0
96,healthy light dinner option,569,143,350,mild,1,1
96,healthy light dinner option,448,112,350,mild,1,0
96,healthy light dinner option,541,136,350,mild,1,1
96,healthy light dinner option,199,50,350,mild,1,0
96,healthy light dinner option,62,16,350,mild,1,0
96,healthy light dinner option,555,139,350,mild,1,1
97,cheesy comfort food,153,39,150,mild,1,0
97,cheesy comfort food,585,147,150,mild,0,0
97,cheesy comfort food,561,141,150,mild,1,1
97,cheesy comfort food,279,70,150,mild,1,0
97,cheesy comfort food,313,79,150,mild,1,0
97,cheesy comfort food,232,58,150,mild,0,0
97,cheesy comfort food,705,177,150,mild,1,1
97,cheesy comfort food,15,4,150,mild,1,1
97,cheesy comfort food,702,176,150,mild,1,0
97,cheesy comfort food,752,188,150,mild,0,0
97,healthy light dinner option,700,175,150,mild,1,0
97,healthy light dinner option,235,59,150,mild,0,0
97,healthy light dinner option,504,126,150,mild,1,0
97,healthy light dinner option,599,150,150,mild,1,1
97,healthy light dinner option,226,57,150,mild,0,0
97,healthy light dinner option,581,146,150,mild,0,0
97,healthy light dinner option,429,108,150,mild,0,0
97,healthy light dinner option,452,113,150,mild,0,0
97,healthy light dinner option,161,41,150,mild,1,0
97,healthy light dinner option,740,185,150,mild,1,0
97,vegan friendly dinner,526,132,150,mild,0,0
97,vegan friendly dinner,297,75,150,mild,1,0
97,vegan friendly dinner,727,182,150,mild,0,0
97,vegan friendly dinner,64,16,150,mild,0,0
97,vegan friendly dinner,236,59,150,mild,0,0
97,vegan friendly dinner,371,93,150,mild,1,0
97,vegan friendly dinner,408,102,150,mild,1,0
97,vegan friendly dinner,619,155,150,mild,0,0
97,vegan friendly dinner,310,78,150,mild,1,0
97,vegan friendly dinner,458,115,150,mild,0,0
97,sweet dessert to end the meal,523,131,150,mild,1,1
97,sweet dessert to end the meal,733,184,150,mild,1,0
97,sweet dessert to end the meal,777,195,150,mild,0,0
97,sweet dessert to end the meal,412,103,150,mild,1,1
97,sweet dessert to end the meal,717,180,150,mild,1,1
97,sweet dessert to end the meal,756,189,150,mild,0,0
97,sweet dessert to end the meal,308,77,150,mild,0,0
97,sweet dessert to end the meal,153,39,150,mild,1,0
97,sweet dessert to end the meal,784,196,150,mild,0,0
97,sweet dessert to end the meal,352,88,150,mild,1,0
97,cold coffee and snacks,226,57,150,mild,1,1
97,cold coffee and snacks,215,54,150,mild,0,0
97,cold coffee and snacks,540,135,150,mild,1,0
97,cold coffee and snacks,764,191,150,mild,0,0
97,cold coffee and snacks,611,153,150,mild,1,1
97,cold coffee and snacks,799,200,150,mild,1,0
97,cold coffee and snacks,144,36,150,mild,1,1
97,cold coffee and snacks,146,37,150,mild,0,0
97,cold coffee and snacks,665,167,150,mild,1,0
97,cold coffee and snacks,318,80,150,mild,1,0
97,mild non spicy food for kids,541,136,150,mild,0,0
97,mild non spicy food for kids,152,38,150,mild,1,0
97,mild non spicy food for kids,599,150,150,mild,0,0
97,mild non spicy food for kids,614,154,150,mild,0,0
97,mild non spicy food for kids,75,19,150,mild,0,0
97,mild non spicy food for kids,203,51,150,mild,1,0
97,mild non spicy food for kids,20,5,150,mild,0,0
97,mild non spicy food for kids,627,157,150,mild,1,1
97,mild non spicy food for kids,710,178,150,mild,0,0
97,mild non spicy food for kids,6,2,150,mild,1,0
97,healthy light dinner option,640,160,150,mild,1,1
97,healthy light dinner option,252,63,150,mild,1,0
97,healthy light dinner option,464,116,150,mild,1,0
97,healthy light dinner option,226,57,150,mild,0,0
97,healthy light dinner option,281,71,150,mild,0,0
97,healthy light dinner option,788,197,150,mild,0,0
97,healthy light dinner option,680,170,150,mild,0,0
97,healthy light dinner option,257,65,150,mild,1,0
97,healthy light dinner option,15,4,150,mild,1,0
97,healthy light dinner option,699,175,150,mild,1,0
97,vegan friendly dinner,557,140,150,mild,0,0
97,vegan friendly dinner,2,1,150,mild,0,0
97,vegan friendly dinner,352,88,150,mild,1,1
97,vegan friendly dinner,743,186,150,mild,1,1
97,vegan friendly dinner,61,16,150,mild,0,0
97,vegan friendly dinner,683,171,150,mild,0,0
97,vegan friendly dinner,710,178,150,mild,1,0
97,vegan friendly dinner,697,175,150,mild,0,0
97,vegan friendly dinner,471,118,150,mild,1,1
97,vegan friendly dinner,5,2,150,mild,1,0
98,quick breakfast idea,555,139,150,medium,1,1
98,quick breakfast idea,342,86,150,medium,1,0
98,quick breakfast idea,479,120,150,medium,1,1
98,quick breakfast idea,94,24,150,medium,0,0
98,quick breakfast idea,247,62,150,medium,1,1
98,quick breakfast idea,183,46,150,medium,0,0
98,quick breakfast idea,726,182,150,medium,0,0
98,quick breakfast idea,455,114,150,medium,0,0
98,quick breakfast idea,73,19,150,medium,1,0
98,quick breakfast idea,56,14,150,medium,1,0
98,biryani under 300 rupees,579,145,150,medium,0,0
98,biryani under 300 rupees,222,56,150,medium,1,1
98,biryani under 300 rupees,661,166,150,medium,1,1
98,biryani under 300 rupees,632,158,150,medium,0,0
98,biryani under 300 rupees,355,89,150,medium,1,0
98,biryani under 300 rupees,511,128,150,medium,1,1
98,biryani under 300 rupees,474,119,150,medium,1,1
98,biryani under 300 rupees,378,95,150,medium,1,0
98,biryani under 300 rupees,498,125,150,medium,1,0
98,biryani under 300 rupees,122,31,150,medium,1,0
98,quick breakfast idea,422,106,150,medium,0,0
98,quick breakfast idea,38,10,150,medium,1,0
98,quick breakfast idea,473,119,150,medium,1,0
98,quick breakfast idea,63,16,150,medium,1,0
98,quick breakfast idea,611,153,150,medium,1,0
98,quick breakfast idea,10,3,150,medium,1,0
98,quick breakfast idea,149,38,150,medium,1,0
98,quick breakfast idea,576,144,150,medium,0,0
98,quick breakfast idea,12,3,150,medium,1,0
98,quick breakfast idea,83,21,150,medium,1,0
98,vegan friendly dinner,529,133,150,medium,0,0
98,vegan friendly dinner,296,74,150,medium,0,0
98,vegan friendly dinner,306,77,150,medium,0,0
98,vegan friendly dinner,567,142,150,medium,0,0
98,vegan friendly dinner,505,127,150,medium,1,1
98,vegan friendly dinner,307,77,150,medium,1,0
98,vegan friendly dinner,662,166,150,medium,1,0
98,vegan friendly dinner,706,177,150,medium,1,1
98,vegan friendly dinner,642,161,150,medium,1,1
98,vegan friendly dinner,687,172,150,medium,1,0
98,mild non spicy food for kids,475,119,150,medium,1,0
98,mild non spicy food for kids,355,89,150,medium,0,0
98,mild non spicy food for kids,259,65,150,medium,0,0
98,mild non spicy food for kids,512,128,150,medium,0,0
98,mild non spicy food for kids,271,68,150,medium,1,1
98,mild non spicy food for kids,109,28,150,medium,0,0
98,mild non spicy food for kids,336,84,150,medium,0,0
98,mild non spicy food for kids,572,143,150,medium,0,0
98,mild non spicy food for kids,294,74,150,medium,0,0
98,mild non spicy food for kids,255,64,150,medium,1,1
98,healthy light dinner option,347,87,150,medium,1,0
98,healthy light dinner option,796,199,150,medium,0,0
98,healthy light dinner option,603,151,150,medium,0,0
98,healthy light dinner option,136,34,150,medium,1,0
98,healthy light dinner option,467,117,150,medium,0,0
98,healthy light dinner option,396,99,150,medium,1,1
98,healthy light dinner option,202,51,150,medium,1,0
98,healthy light dinner option,676,169,150,medium,1,0
98,healthy light dinner option,752,188,150,medium,0,0
98,healthy light dinner option,573,144,150,medium,0,0
98,vegan friendly dinner,486,122,150,medium,0,0
98,vegan friendly dinner,317,80,150,medium,1,0
98,vegan friendly dinner,770,193,150,medium,1,0
98,vegan friendly dinner,603,151,150,medium,0,0
98,vegan friendly dinner,499,125,150,medium,1,0
98,vegan friendly dinner,199,50,150,medium,0,0
98,vegan friendly dinner,72,18,150,medium,1,1
98,vegan friendly dinner,200,50,150,medium,1,0
98,vegan friendly dinner,245,62,150,medium,1,0
98,vegan friendly dinner,658,165,150,medium,1,0
98,biryani under 300 rupees,7,2,150,medium,0,0
98,biryani under 300 rupees,729,183,150,medium,0,0
98,biryani under 300 rupees,433,109,150,medium,1,1
98,biryani under 300 rupees,9,3,150,medium,0,0
98,biryani under 300 rupees,508,127,150,medium,1,1
98,biryani under 300 rupees,6,2,150,medium,1,0
98,biryani under 300 rupees,610,153,150,medium,1,0
98,biryani under 300 rupees,660,165,150,medium,1,0
98,biryani under 300 rupees,61,16,150,medium,0,0
98,biryani under 300 rupees,788,197,150,medium,1,0
99,mild non spicy food for kids,746,187,250,medium,1,1
99,mild non spicy food for kids,704,176,250,medium,1,0
99,mild non spicy food for kids,459,115,250,medium,1,0
99,mild non spicy food for kids,666,167,250,medium,0,0
99,mild non spicy food for kids,690,173,250,medium,1,0
99,mild non spicy food for kids,57,15,250,medium,0,0
99,mild non spicy food for kids,516,129,250,medium,1,1
99,mild non spicy food for kids,732,183,250,medium,0,0
99,mild non spicy food for kids,356,89,250,medium,0,0
99,mild non spicy food for kids,618,155,250,medium,0,0
99,quick breakfast idea,251,63,250,medium,1,0
99,quick breakfast idea,238,60,250,medium,1,0
99,quick breakfast idea,50,13,250,medium,0,0
99,quick breakfast idea,46,12,250,medium,1,0
99,quick breakfast idea,189,48,250,medium,1,1
99,quick breakfast idea,448,112,250,medium,1,0
99,quick breakfast idea,76,19,250,medium,1,0
99,quick breakfast idea,144,36,250,medium,1,1
99,quick breakfast idea,344,86,250,medium,1,0
99,quick breakfast idea,340,85,250,medium,1,1
99,biryani under 300 rupees,25,7,250,medium,1,0
99,biryani under 300 rupees,448,112,250,medium,0,0
99,biryani under 300 rupees,567,142,250,medium,1,0
99,biryani under 300 rupees,108,27,250,medium,0,0
99,biryani under 300 rupees,237,60,250,medium,1,1
99,biryani under 300 rupees,43,11,250,medium,1,0
99,biryani under 300 rupees,350,88,250,medium,1,0
99,biryani under 300 rupees,259,65,250,medium,1,0
99,biryani under 300 rupees,30,8,250,medium,1,0
99,biryani under 300 rupees,595,149,250,medium,0,0
99,biryani under 300 rupees,760,190,250,medium,1,0
99,biryani under 300 rupees,460,115,250,medium,1,0
99,biryani under 300 rupees,195,49,250,medium,1,1
99,biryani under 300 rupees,690,173,250,medium,0,0
99,biryani under 300 rupees,367,92,250,medium,1,0
99,biryani under 300 rupees,443,111,250,medium,0,0
99,biryani under 300 rupees,750,188,250,medium,0,0
99,biryani under 300 rupees,390,98,250,medium,0,0
99,biryani under 300 rupees,790,198,250,medium,1,0
99,biryani under 300 rupees,703,176,250,medium,0,0
99,mild non spicy food for kids,124,31,250,medium,1,1
99,mild non spicy food for kids,376,94,250,medium,1,0
99,mild non spicy food for kids,458,115,250,medium,0,0
99,mild non spicy food for kids,351,88,250,medium,1,0
99,mild non spicy food for kids,439,110,250,medium,1,1
99,mild non spicy food for kids,191,48,250,medium,0,0
99,mild non spicy food for kids,757,190,250,medium,1,1
99,mild non spicy food for kids,538,135,250,medium,0,0
99,mild non spicy food for kids,710,178,250,medium,1,1
99,mild non spicy food for kids,393,99,250,medium,1,0
99,vegan friendly dinner,626,157,250,medium,1,0
99,vegan friendly dinner,135,34,250,medium,0,0
99,vegan friendly dinner,704,176,250,medium,1,0
99,vegan friendly dinner,186,47,250,medium,1,0
99,vegan friendly dinner,800,200,250,medium,0,0
99,vegan friendly dinner,773,194,250,medium,0,0
99,vegan friendly dinner,786,197,250,medium,0,0
99,vegan friendly dinner,423,106,250,medium,1,1
99,vegan friendly dinner,16,4,250,medium,1,1
99,vegan friendly dinner,473,119,250,medium,1,0
99,cold coffee and snacks,678,170,250,medium,1,1
99,cold coffee and snacks,334,84,250,medium,1,0
99,cold coffee and snacks,681,171,250,medium,1,0
99,cold coffee and snacks,716,179,250,medium,0,0
99,cold coffee and snacks,378,95,250,medium,1,0
99,cold coffee and snacks,277,70,250,medium,1,1
99,cold coffee and snacks,80,20,250,medium,1,1
99,cold coffee and snacks,674,169,250,medium,0,0
99,cold coffee and snacks,351,88,250,medium,0,0
99,cold coffee and snacks,609,153,250,medium,1,0
99,something spicy and cheap under 200,656,164,250,medium,1,1
99,something spicy and cheap under 200,501,126,250,medium,1,1
99,something spicy and cheap under 200,471,118,250,medium,1,0
99,something spicy and cheap under 200,343,86,250,medium,1,0
99,something spicy and cheap under 200,94,24,250,medium,1,0
99,something spicy and cheap under 200,382,96,250,medium,1,0
99,something spicy and cheap under 200,550,138,250,medium,1,0
99,something spicy and cheap under 200,200,50,250,medium,0,0
99,something spicy and cheap under 200,342,86,250,medium,0,0
99,something spicy and cheap under 200,450,113,250,medium,1,1
100,vegan friendly dinner,800,200,150,mild,0,0
100,vegan friendly dinner,612,153,150,mild,1,0
100,vegan friendly dinner,564,141,150,mild,1,0
100,vegan friendly dinner,295,74,150,mild,1,0
100,vegan friendly dinner,508,127,150,mild,1,1
100,vegan friendly dinner,786,197,150,mild,1,0
100,vegan friendly dinner,550,138,150,mild,0,0
100,vegan friendly dinner,246,62,150,mild,1,1
100,vegan friendly dinner,730,183,150,mild,1,0
100,vegan friendly dinner,634,159,150,mild,0,0
100,biryani under 300 rupees,99,25,150,mild,0,0
100,biryani under 300 rupees,168,42,150,mild,0,0
100,biryani under 300 rupees,491,123,150,mild,0,0
100,biryani under 300 rupees,184,46,150,mild,0,0
100,biryani under 300 rupees,348,87,150,mild,1,0
100,biryani under 300 rupees,592,148,150,mild,1,1
100,biryani under 300 rupees,671,168,150,mild,1,0
100,biryani under 300 rupees,61,16,150,mild,1,0
100,biryani under 300 rupees,256,64,150,mild,0,0
100,biryani under 300 rupees,93,24,150,mild,1,0
100,biryani under 300 rupees,479,120,150,mild,1,1
100,biryani under 300 rupees,109,28,150,mild,0,0
100,biryani under 300 rupees,96,24,150,mild,0,0
100,biryani under 300 rupees,209,53,150,mild,1,0
100,biryani under 300 rupees,138,35,150,mild,1,0
100,biryani under 300 rupees,458,115,150,mild,1,1
100,biryani under 300 rupees,161,41,150,mild,1,1
100,biryani under 300 rupees,153,39,150,mild,0,0
100,biryani under 300 rupees,360,90,150,mild,1,0
100,biryani under 300 rupees,694,174,150,mild,1,0
100,biryani under 300 rupees,493,124,150,mild,1,0
100,biryani under 300 rupees,399,100,150,mild,1,0
100,biryani under 300 rupees,344,86,150,mild,0,0
100,biryani under 300 rupees,243,61,150,mild,1,0
100,biryani under 300 rupees,746,187,150,mild,1,1
100,biryani under 300 rupees,391,98,150,mild,1,0
100,biryani under 300 rupees,192,48,150,mild,0,0
100,biryani under 300 rupees,569,143,150,mild,1,0
100,biryani under 300 rupees,671,168,150,mild,0,0
100,biryani under 300 rupees,657,165,150,mild,1,0
100,something spicy and cheap under 200,75,19,150,mild,1,0
100,something spicy and cheap under 200,763,191,150,mild,1,1
100,something spicy and cheap under 200,771,193,150,mild,1,1
100,something spicy and cheap under 200,142,36,150,mild,0,0
100,something spicy and cheap under 200,385,97,150,mild,1,1
100,something spicy and cheap under 200,256,64,150,mild,1,0
100,something spicy and cheap under 200,336,84,150,mild,1,0
100,something spicy and cheap under 200,701,176,150,mild,1,1
100,something spicy and cheap under 200,397,100,150,mild,0,0
100,something spicy and cheap under 200,455,114,150,mild,1,0
100,cheesy comfort food,62,16,150,mild,1,1
100,cheesy comfort food,547,137,150,mild,1,0
100,cheesy comfort food,597,150,150,mild,0,0
100,cheesy comfort food,666,167,150,mild,0,0
100,cheesy comfort food,325,82,150,mild,1,0
100,cheesy comfort food,517,130,150,mild,1,0
100,cheesy comfort food,348,87,150,mild,1,0
100,cheesy comfort food,786,197,150,mild,1,0
100,cheesy comfort food,630,158,150,mild,0,0
100,cheesy comfort food,488,122,150,mild,1,1
100,something spicy and cheap under 200,749,188,150,mild,0,0
100,something spicy and cheap under 200,186,47,150,mild,1,1
100,something spicy and cheap under 200,70,18,150,mild,0,0
100,something spicy and cheap under 200,271,68,150,mild,1,0
100,something spicy and cheap under 200,605,152,150,mild,1,1
100,something spicy and cheap under 200,184,46,150,mild,0,0
100,something spicy and cheap under 200,602,151,150,mild,1,1
100,something spicy and cheap under 200,438,110,150,mild,0,0
100,something spicy and cheap under 200,571,143,150,mild,1,0
100,something spicy and cheap under 200,755,189,150,mild,1,0
100,mild non spicy food for kids,93,24,150,mild,1,0
100,mild non spicy food for kids,630,158,150,mild,0,0
100,mild non spicy food for kids,5,2,150,mild,0,0
100,mild non spicy food for kids,163,41,150,mild,0,0
100,mild non spicy food for kids,140,35,150,mild,1,1
100,mild non spicy food for kids,57,15,150,mild,1,0
100,mild non spicy food for kids,2,1,150,mild,1,1
100,mild non spicy food for kids,234,59,150,mild,0,0
100,mild non spicy food for kids,425,107,150,mild,1,1
100,mild non spicy food for kids,543,136,150,mild,0,0
101,mild non spicy food for kids,477,120,500,very spicy,1,0
101,mild non spicy food for kids,568,142,500,very spicy,1,1
101,mild non spicy food for kids,721,181,500,very spicy,1,1
101,mild non spicy food for kids,10,3,500,very spicy,1,1
101,mild non spicy food for kids,539,135,500,very spicy,0,0
101,mild non spicy food for kids,403,101,500,very spicy,1,1
101,mild non spicy food for kids,434,109,500,very spicy,1,1
101,mild non spicy food for kids,690,173,500,very spicy,1,0
101,mild non spicy food for kids,793,199,500,very spicy,1,1
101,mild non spicy food for kids,313,79,500,very spicy,1,1
101,vegan friendly dinner,155,39,500,very spicy,1,1
101,vegan friendly dinner,472,118,500,very spicy,1,0
101,vegan friendly dinner,292,73,500,very spicy,1,0
101,vegan friendly dinner,718,180,500,very spicy,1,1
101,vegan friendly dinner,605,152,500,very spicy,0,0
101,vegan friendly dinner,275,69,500,very spicy,1,0
101,vegan friendly dinner,628,157,500,very spicy,1,1
101,vegan friendly dinner,756,189,500,very spicy,1,0
101,vegan friendly dinner,18,5,500,very spicy,1,1
101,vegan friendly dinner,382,96,500,very spicy,1,0
101,something spicy and cheap under 200,524,131,500,very spicy,1,1
101,something spicy and cheap under 200,731,183,500,very spicy,1,1
101,something spicy and cheap under 200,517,130,500,very spicy,1,0
101,something spicy and cheap under 200,357,90,500,very spicy,0,0
101,something spicy and cheap under 200,96,24,500,very spicy,1,0
101,something spicy and cheap under 200,611,153,500,very spicy,1,0
101,something spicy and cheap under 200,479,120,500,very spicy,1,0
101,something spicy and cheap under 200,188,47,500,very spicy,1,0
101,something spicy and cheap under 200,99,25,500,very spicy,1,0
101,something spicy and cheap under 200,633,159,500,very spicy,1,1
101,mild non spicy food for kids,631,158,500,very spicy,0,0
101,mild non spicy food for kids,499,125,500,very spicy,1,1
101,mild non spicy food for kids,113,29,500,very spicy,1,1
101,mild non spicy food for kids,58,15,500,very spicy,1,0
101,mild non spicy food for kids,606,152,500,very spicy,0,0
101,mild non spicy food for kids,605,152,500,very spicy,1,0
101,mild non spicy food for kids,329,83,500,very spicy,1,1
101,mild non spicy food for kids,164,41,500,very spicy,1,0
101,mild non spicy food for kids,485,122,500,very spicy,1,0
101,mild non spicy food for kids,567,142,500,very spicy,1,1
101,cheesy comfort food,124,31,500,very spicy,1,1
101,cheesy comfort food,441,111,500,very spicy,1,1
101,cheesy comfort food,132,33,500,very spicy,1,0
101,cheesy comfort food,800,200,500,very spicy,1,1
101,cheesy comfort food,358,90,500,very spicy,0,0
101,cheesy comfort food,687,172,500,very spicy,1,0
101,cheesy comfort food,515,129,500,very spicy,1,0
101,cheesy comfort food,602,151,500,very spicy,0,0
101,cheesy comfort food,368,92,500,very spicy,1,0
101,cheesy comfort food,34,9,500,very spicy,1,0
101,biryani under 300 rupees,407,102,500,very spicy,1,0
101,biryani under 300 rupees,60,15,500,very spicy,0,0
101,biryani under 300 rupees,495,124,500,very spicy,1,0
101,biryani under 300 rupees,87,22,500,very spicy,1,1
101,biryani under 300 rupees,610,153,500,very spicy,1,0
101,biryani under 300 rupees,405,102,500,very spicy,1,0
101,biryani under 300 rupees,216,54,500,very spicy,1,1
101,biryani under 300 rupees,114,29,500,very spicy,0,0
101,biryani under 300 rupees,63,16,500,very spicy,0,0
101,biryani under 300 rupees,79,20,500,very spicy,1,0
101,quick breakfast idea,46,12,500,very spicy,1,1
101,quick breakfast idea,158,40,500,very spicy,1,0
101,quick breakfast idea,35,9,500,very spicy,1,0
101,quick breakfast idea,528,132,500,very spicy,1,0
101,quick breakfast idea,286,72,500,very spicy,0,0
101,quick breakfast idea,626,157,500,very spicy,1,0
101,quick breakfast idea,96,24,500,very spicy,1,1
101,quick breakfast idea,589,148,500,very spicy,1,0
101,quick breakfast idea,678,170,500,very spicy,1,1
101,quick breakfast idea,265,67,500,very spicy,1,0
101,street food cravings,790,198,500,very spicy,0,0
101,street food cravings,526,132,500,very spicy,1,0
101,street food cravings,102,26,500,very spicy,1,1
101,street food cravings,634,159,500,very spicy,1,0
101,street food cravings,462,116,500,very spicy,0,0
101,street food cravings,684,171,500,very spicy,1,0
101,street food cravings,18,5,500,very spicy,1,0
101,street food cravings,796,199,500,very spicy,1,1
101,street food cravings,470,118,500,very spicy,1,0
101,street food cravings,732,183,500,very spicy,0,0
102,biryani under 300 rupees,361,91,350,very spicy,1,1
102,biryani under 300 rupees,587,147,350,very spicy,1,0
102,biryani under 300 rupees,518,130,350,very spicy,1,0
102,biryani under 300 rupees,97,25,350,very spicy,1,0
102,biryani under 300 rupees,20,5,350,very spicy,1,1
102,biryani under 300 rupees,718,180,350,very spicy,1,0
102,biryani under 300 rupees,100,25,350,very spicy,1,1
102,biryani under 300 rupees,175,44,350,very spicy,1,1
102,biryani under 300 rupees,664,166,350,very spicy,1,0
102,biryani under 300 rupees,520,130,350,very spicy,1,1
102,sweet dessert to end the meal,518,130,350,very spicy,1,0
102,sweet dessert to end the meal,380,95,350,very spicy,1,0
102,sweet dessert to end the meal,272,68,350,very spicy,1,0
102,sweet dessert to end the meal,177,45,350,very spicy,1,1
102,sweet dessert to end the meal,528,132,350,very spicy,1,0
102,sweet dessert to end the meal,200,50,350,very spicy,1,0
102,sweet dessert to end the meal,228,57,350,very spicy,1,0
102,sweet dessert to end the meal,408,102,350,very spicy,1,1
102,sweet dessert to end the meal,677,170,350,very spicy,1,1
102,sweet dessert to end the meal,316,79,350,very spicy,1,0
102,something spicy and cheap under 200,790,198,350,very spicy,1,0
102,something spicy and cheap under 200,345,87,350,very spicy,1,1
102,something spicy and cheap under 200,699,175,350,very spicy,1,0
102,something spicy and cheap under 200,197,50,350,very spicy,1,1
102,something spicy and cheap under 200,97,25,350,very spicy,1,0
102,something spicy and cheap under 200,409,103,350,very spicy,1,0
102,something spicy and cheap under 200,394,99,350,very spicy,1,0
102,something spicy and cheap under 200,140,35,350,very spicy,1,0
102,something spicy and cheap under 200,524,131,350,very spicy,1,0
102,something spicy and cheap under 200,304,76,350,very spicy,1,1
102,vegan friendly dinner,347,87,350,very spicy,1,0
102,vegan friendly dinner,640,160,350,very spicy,1,0
102,vegan friendly dinner,540,135,350,very spicy,1,1
102,vegan friendly dinner,84,21,350,very spicy,1,1
102,vegan friendly dinner,563,141,350,very spicy,1,1
102,vegan friendly dinner,486,122,350,very spicy,1,0
102,vegan friendly dinner,277,70,350,very spicy,1,1
102,vegan friendly dinner,93,24,350,very spicy,1,1
102,vegan friendly dinner,355,89,350,very spicy,1,0
102,vegan friendly dinner,682,171,350,very spicy,0,0
102,cheesy comfort food,421,106,350,very spicy,0,0
102,cheesy comfort food,718,180,350,very spicy,0,0
102,cheesy comfort food,347,87,350,very spicy,1,1
102,cheesy comfort food,3,1,350,very spicy,1,1
102,cheesy comfort food,638,160,350,very spicy,1,0
102,cheesy comfort food,394,99,350,very spicy,0,0
102,cheesy comfort food,326,82,350,very spicy,1,0
102,cheesy comfort food,729,183,350,very spicy,0,0
102,cheesy comfort food,354,89,350,very spicy,0,0
102,cheesy comfort food,276,69,350,very spicy,1,0
102,mild non spicy food for kids,323,81,350,very spicy,1,0
102,mild non spicy food for kids,463,116,350,very spicy,1,0
102,mild non spicy food for kids,96,24,350,very spicy,0,0
102,mild non spicy food for kids,593,149,350,very spicy,1,0
102,mild non spicy food for kids,627,157,350,very spicy,1,0
102,mild non spicy food for kids,223,56,350,very spicy,1,1
102,mild non spicy food for kids,244,61,350,very spicy,1,0
102,mild non spicy food for kids,677,170,350,very spicy,1,1
102,mild non spicy food for kids,310,78,350,very spicy,1,0
102,mild non spicy food for kids,610,153,350,very spicy,1,1
102,quick breakfast idea,19,5,350,very spicy,1,1
102,quick breakfast idea,725,182,350,very spicy,1,1
102,quick breakfast idea,421,106,350,very spicy,1,0
102,quick breakfast idea,32,8,350,very spicy,1,1
102,quick breakfast idea,722,181,350,very spicy,1,0
102,quick breakfast idea,202,51,350,very spicy,1,0
102,quick breakfast idea,307,77,350,very spicy,1,0
102,quick breakfast idea,263,66,350,very spicy,1,1
102,quick breakfast idea,51,13,350,very spicy,1,0
102,quick breakfast idea,618,155,350,very spicy,0,0
102,mild non spicy food for kids,481,121,350,very spicy,0,0
102,mild non spicy food for kids,242,61,350,very spicy,0,0
102,mild non spicy food for kids,609,153,350,very spicy,1,1
102,mild non spicy food for kids,414,104,350,very spicy,1,0
102,mild non spicy food for kids,762,191,350,very spicy,0,0
102,mild non spicy food for kids,338,85,350,very spicy,1,1
102,mild non spicy food for kids,407,102,350,very spicy,1,0
102,mild non spicy food for kids,584,146,350,very spicy,1,0
102,mild non spicy food for kids,800,200,350,very spicy,1,0
102,mild non spicy food for kids,255,64,350,very spicy,0,0
103,cheesy comfort food,785,197,350,spicy,1,1
103,cheesy comfort food,559,140,350,spicy,1,1
103,cheesy comfort food,436,109,350,spicy,1,0
103,cheesy comfort food,27,7,350,spicy,0,0
103,cheesy comfort food,439,110,350,spicy,1,0
103,cheesy comfort food,607,152,350,spicy,0,0
103,cheesy comfort food,598,150,350,spicy,1,1
103,cheesy comfort food,221,56,350,spicy,0,0
103,cheesy comfort food,44,11,350,spicy,1,0
103,cheesy comfort food,564,141,350,spicy,1,1
103,something spicy and cheap under 200,387,97,350,spicy,1,0
103,something spicy and cheap under 200,452,113,350,spicy,1,0
103,something spicy and cheap under 200,764,191,350,spicy,1,0
103,something spicy and cheap under 200,37,10,350,spicy,1,0
103,something spicy and cheap under 200,400,100,350,spicy,1,1
103,something spicy and cheap under 200,700,175,350,spicy,1,0
103,something spicy and cheap under 200,528,132,350,spicy,1,0
103,something spicy and cheap under 200,642,161,350,spicy,1,0
103,something spicy and cheap under 200,741,186,350,spicy,1,0
103,something spicy and cheap under 200,178,45,350,spicy,0,0
103,street food cravings,574,144,350,spicy,1,0
103,street food cravings,455,114,350,spicy,0,0
103,street food cravings,624,156,350,spicy,1,1
103,street food cravings,138,35,350,spicy,1,1
103,street food cravings,131,33,350,spicy,1,0
103,street food cravings,469,118,350,spicy,1,1
103,street food cravings,554,139,350,spicy,1,0
103,street food cravings,522,131,350,spicy,0,0
103,street food cravings,105,27,350,spicy,1,0
103,street food cravings,233,59,350,spicy,1,0
103,quick breakfast idea,55,14,350,spicy,1,0
103,quick breakfast idea,49,13,350,spicy,0,0
103,quick breakfast idea,634,159,350,spicy,1,0
103,quick breakfast idea,145,37,350,spicy,1,0
103,quick breakfast idea,239,60,350,spicy,1,0
103,quick breakfast idea,439,110,350,spicy,1,0
103,quick breakfast idea,782,196,350,spicy,1,0
103,quick breakfast idea,287,72,350,spicy,1,0
103,quick breakfast idea,364,91,350,spicy,0,0
103,quick breakfast idea,171,43,350,spicy,1,0
103,biryani under 300 rupees,699,175,350,spicy,1,1
103,biryani under 300 rupees,682,171,350,spicy,1,1
103,biryani under 300 rupees,395,99,350,spicy,0,0
103,biryani under 300 rupees,495,124,350,spicy,1,1
103,biryani under 300 rupees,399,100,350,spicy,1,0
103,biryani under 300 rupees,456,114,350,spicy,0,0
103,biryani under 300 rupees,592,148,350,spicy,1,1
103,biryani under 300 rupees,714,179,350,spicy,1,1
103,biryani under 300 rupees,134,34,350,spicy,1,0
103,biryani under 300 rupees,147,37,350,spicy,1,1
103,healthy light dinner option,412,103,350,spicy,0,0
103,healthy light dinner option,420,105,350,spicy,1,0
103,healthy light dinner option,456,114,350,spicy,1,0
103,healthy light dinner option,135,34,350,spicy,1,0
103,healthy light dinner option,385,97,350,spicy,1,0
103,healthy light dinner option,738,185,350,spicy,1,0
103,healthy light dinner option,564,141,350,spicy,1,0
103,healthy light dinner option,298,75,350,spicy,1,0
103,healthy light dinner option,41,11,350,spicy,1,1
103,healthy light dinner option,605,152,350,spicy,1,0
103,something spicy and cheap under 200,134,34,350,spicy,1,0
103,something spicy and cheap under 200,282,71,350,spicy,1,1
103,something spicy and cheap under 200,318,80,350,spicy,1,0
103,something spicy and cheap under 200,115,29,350,spicy,0,0
103,something spicy and cheap under 200,129,33,350,spicy,0,0
103,something spicy and cheap under 200,527,132,350,spicy,0,0
103,something spicy and cheap under 200,233,59,350,spicy,1,0
103,something spicy and cheap under 200,772,193,350,spicy,1,0
103,something spicy and cheap under 200,563,141,350,spicy,1,0
103,something spicy and cheap under 200,749,188,350,spicy,1,1
103,sweet dessert to end the meal,45,12,350,spicy,0,0
103,sweet dessert to end the meal,493,124,350,spicy,1,1
103,sweet dessert to end the meal,721,181,350,spicy,1,0
103,sweet dessert to end the meal,108,27,350,spicy,0,0
103,sweet dessert to end the meal,143,36,350,spicy,0,0
103,sweet dessert to end the meal,619,155,350,spicy,0,0
103,sweet dessert to end the meal,142,36,350,spicy,1,0
103,sweet dessert to end the meal,274,69,350,spicy,1,0
103,sweet dessert to end the meal,533,134,350,spicy,1,0
103,sweet dessert to end the meal,252,63,350,spicy,1,1
104,something spicy and cheap under 200,244,61,150,spicy,0,0
104,something spicy and cheap under 200,342,86,150,spicy,1,0
104,something spicy and cheap under 200,586,147,150,spicy,1,1
104,something spicy and cheap under 200,69,18,150,spicy,1,1
104,something spicy and cheap under 200,594,149,150,spicy,1,1
104,something spicy and cheap under 200,29,8,150,spicy,1,0
104,something spicy and cheap under 200,256,64,150,spicy,1,0
104,something spicy and cheap under 200,161,41,150,spicy,1,0
104,something spicy and cheap under 200,743,186,150,spicy,1,0
104,something spicy and cheap under 200,47,12,150,spicy,1,1
104,healthy light dinner option,226,57,150,spicy,1,0
104,healthy light dinner option,562,141,150,spicy,1,0
104,healthy light dinner option,484,121,150,spicy,0,0
104,healthy light dinner option,245,62,150,spicy,1,0
104,healthy light dinner option,765,192,150,spicy,0,0
104,healthy light dinner option,121,31,150,spicy,0,0
104,healthy light dinner option,752,188,150,spicy,1,1
104,healthy light dinner option,477,120,150,spicy,1,0
104,healthy light dinner option,763,191,150,spicy,1,0
104,healthy light dinner option,312,78,150,spicy,0,0
104,sweet dessert to end the meal,459,115,150,spicy,1,0
104,sweet dessert to end the meal,75,19,150,spicy,0,0
104,sweet dessert to end the meal,305,77,150,spicy,1,1
104,sweet dessert to end the meal,626,157,150,spicy,0,0
104,sweet dessert to end the meal,472,118,150,spicy,1,1
104,sweet dessert to end the meal,726,182,150,spicy,0,0
104,sweet dessert to end the meal,246,62,150,spicy,1,0
104,sweet dessert to end the meal,203,51,150,spicy,1,1
104,sweet dessert to end the meal,284,71,150,spicy,1,0
104,sweet dessert to end the meal,53,14,150,spicy,0,0
104,something spicy and cheap under 200,342,86,150,spicy,0,0
104,something spicy and cheap under 200,523,131,150,spicy,1,1
104,something spicy and cheap under 200,395,99,150,spicy,1,0
104,something spicy and cheap under 200,384,96,150,spicy,1,0
104,something spicy and cheap under 200,337,85,150,spicy,0,0
104,something spicy and cheap under 200,277,70,150,spicy,1,1
104,something spicy and cheap under 200,417,105,150,spicy,1,1
104,something spicy and cheap under 200,351,88,150,spicy,0,0
104,something spicy and cheap under 200,145,37,150,spicy,0,0
104,something spicy and cheap under 200,502,126,150,spicy,1,0
104,vegan friendly dinner,70,18,150,spicy,0,0
104,vegan friendly dinner,445,112,150,spicy,1,0
104,vegan friendly dinner,3,1,150,spicy,0,0
104,vegan friendly dinner,781,196,150,spicy,0,0
104,vegan friendly dinner,282,71,150,spicy,1,0
104,vegan friendly dinner,783,196,150,spicy,0,0
104,vegan friendly dinner,229,58,150,spicy,1,1
104,vegan friendly dinner,697,175,150,spicy,1,1
104,vegan friendly dinner,687,172,150,spicy,0,0
104,vegan friendly dinner,112,28,150,spicy,1,1
104,street food cravings,141,36,150,spicy,1,1
104,street food cravings,26,7,150,spicy,1,0
104,street food cravings,182,46,150,spicy,0,0
104,street food cravings,115,29,150,spicy,1,0
104,street food cravings,233,59,150,spicy,1,0
104,street food cravings,657,165,150,spicy,1,1
104,street food cravings,330,83,150,spicy,1,1
104,street food cravings,681,171,150,spicy,0,0
104,street food cravings,489,123,150,spicy,1,0
104,street food cravings,86,22,150,spicy,1,1
104,mild non spicy food for kids,556,139,150,spicy,1,0
104,mild non spicy food for kids,416,104,150,spicy,0,0
104,mild non spicy food for kids,204,51,150,spicy,0,0
104,mild non spicy food for kids,591,148,150,spicy,1,1
104,mild non spicy food for kids,366,92,150,spicy,0,0
104,mild non spicy food for kids,270,68,150,spicy,1,1
104,mild non spicy food for kids,733,184,150,spicy,1,1
104,mild non spicy food for kids,76,19,150,spicy,1,0
104,mild non spicy food for kids,449,113,150,spicy,1,1
104,mild non spicy food for kids,747,187,150,spicy,1,1
104,quick breakfast idea,582,146,150,spicy,1,0
104,quick breakfast idea,214,54,150,spicy,1,0
104,quick breakfast idea,428,107,150,spicy,0,0
104,quick breakfast idea,157,40,150,spicy,0,0
104,quick breakfast idea,306,77,150,spicy,1,0
104,quick breakfast idea,626,157,150,spicy,1,0
104,quick breakfast idea,744,186,150,spicy,1,1
104,quick breakfast idea,481,121,150,spicy,0,0
104,quick breakfast idea,46,12,150,spicy,1,0
104,quick breakfast idea,43,11,150,spicy,1,0
105,street food cravings,747,187,350,spicy,0,0
105,street food cravings,391,98,350,spicy,1,1
105,street food cravings,85,22,350,spicy,1,0
105,street food cravings,148,37,350,spicy,1,1
105,street food cravings,613,154,350,spicy,0,0
105,street food cravings,745,187,350,spicy,1,1
105,street food cravings,281,71,350,spicy,0,0
105,street food cravings,414,104,350,spicy,1,0
105,street food cravings,46,12,350,spicy,1,1
105,street food cravings,335,84,350,spicy,1,1
105,cheesy comfort food,88,22,350,spicy,0,0
105,cheesy comfort food,152,38,350,spicy,1,0
105,cheesy comfort food,275,69,350,spicy,1,0
105,cheesy comfort food,192,48,350,spicy,1,1
105,cheesy comfort food,139,35,350,spicy,1,1
105,cheesy comfort food,119,30,350,spicy,1,0
105,cheesy comfort food,316,79,350,spicy,1,0
105,cheesy comfort food,732,183,350,spicy,0,0
105,cheesy comfort food,230,58,350,spicy,1,0
105,cheesy comfort food,544,136,350,spicy,1,0
105,biryani under 300 rupees,62,16,350,spicy,1,1
105,biryani under 300 rupees,639,160,350,spicy,1,1
105,biryani under 300 rupees,90,23,350,spicy,1,0
105,biryani under 300 rupees,536,134,350,spicy,1,0
105,biryani under 300 rupees,677,170,350,spicy,0,0
105,biryani under 300 rupees,135,34,350,spicy,1,0
105,biryani under 300 rupees,92,23,350,spicy,1,1
105,biryani under 300 rupees,774,194,350,spicy,1,0
105,biryani under 300 rupees,301,76,350,spicy,1,1
105,biryani under 300 rupees,750,188,350,spicy,0,0
105,quick breakfast idea,409,103,350,spicy,1,1
105,quick breakfast idea,279,70,350,spicy,0,0
105,quick breakfast idea,392,98,350,spicy,1,0
105,quick breakfast idea,280,70,350,spicy,1,1
105,quick breakfast idea,789,198,350,spicy,0,0
105,quick breakfast idea,578,145,350,spicy,1,0
105,quick breakfast idea,102,26,350,spicy,1,0
105,quick breakfast idea,127,32,350,spicy,1,0
105,quick breakfast idea,6,2,350,spicy,1,1
105,quick breakfast idea,244,61,350,spicy,1,1
105,vegan friendly dinner,376,94,350,spicy,1,0
105,vegan friendly dinner,184,46,350,spicy,1,0
105,vegan friendly dinner,414,104,350,spicy,1,0
105,vegan friendly dinner,438,110,350,spicy,1,0
105,vegan friendly dinner,691,173,350,spicy,1,0
105,vegan friendly dinner,439,110,350,spicy,1,0
105,vegan friendly dinner,397,100,350,spicy,1,0
105,vegan friendly dinner,132,33,350,spicy,0,0
105,vegan friendly dinner,415,104,350,spicy,0,0
105,vegan friendly dinner,289,73,350,spicy,0,0
105,street food cravings,584,146,350,spicy,1,0
105,street food cravings,540,135,350,spicy,0,0
105,street food cravings,451,113,350,spicy,1,1
105,street food cravings,651,163,350,spicy,1,0
105,street food cravings,29,8,350,spicy,1,0
105,street food cravings,104,26,350,spicy,1,0
105,street food cravings,317,80,350,spicy,1,0
105,street food cravings,668,167,350,spicy,1,0
105,street food cravings,351,88,350,spicy,0,0
105,street food cravings,697,175,350,spicy,1,0
105,vegan friendly dinner,104,26,350,spicy,1,0
105,vegan friendly dinner,84,21,350,spicy,1,0
105,vegan friendly dinner,187,47,350,spicy,1,0
105,vegan friendly dinner,387,97,350,spicy,0,0
105,vegan friendly dinner,407,102,350,spicy,1,0
105,vegan friendly dinner,297,75,350,spicy,1,0
105,vegan friendly dinner,730,183,350,spicy,1,0
105,vegan friendly dinner,321,81,350,spicy,1,0
105,vegan friendly dinner,358,90,350,spicy,1,0
105,vegan friendly dinner,267,67,350,spicy,1,1
105,healthy light dinner option,657,165,350,spicy,1,0
105,healthy light dinner option,760,190,350,spicy,1,1
105,healthy light dinner option,143,36,350,spicy,1,1
105,healthy light dinner option,503,126,350,spicy,1,0
105,healthy light dinner option,213,54,350,spicy,1,1
105,healthy light dinner option,536,134,350,spicy,1,0
105,healthy light dinner option,41,11,350,spicy,0,0
105,healthy light dinner option,775,194,350,spicy,0,0
105,healthy light dinner option,368,92,350,spicy,1,0
105,healthy light dinner option,26,7,350,spicy,0,0
106,healthy light dinner option,780,195,500,very spicy,1,0
106,healthy light dinner option,705,177,500,very spicy,1,1
106,healthy light dinner option,343,86,500,very spicy,1,0
106,healthy light dinner option,575,144,500,very spicy,1,1
106,healthy light dinner option,326,82,500,very spicy,0,0
106,healthy light dinner option,327,82,500,very spicy,1,0
106,healthy light dinner option,636,159,500,very spicy,1,0
106,healthy light dinner option,371,93,500,very spicy,1,1
106,healthy light dinner option,690,173,500,very spicy,1,0
106,healthy light dinner option,165,42,500,very spicy,1,0
106,something spicy and cheap under 200,195,49,500,very spicy,1,1
106,something spicy and cheap under 200,311,78,500,very spicy,1,0
106,something spicy and cheap under 200,217,55,500,very spicy,1,0
106,something spicy and cheap under 200,49,13,500,very spicy,1,0
106,something spicy and cheap under 200,655,164,500,very spicy,1,0
106,something spicy and cheap under 200,734,184,500,very spicy,1,0
106,something spicy and cheap under 200,715,179,500,very spicy,1,1
106,something spicy and cheap under 200,310,78,500,very spicy,1,1
106,something spicy and cheap under 200,279,70,500,very spicy,1,0
106,something spicy and cheap under 200,230,58,500,very spicy,1,1
106,cheesy comfort food,142,36,500,very spicy,1,1
106,cheesy comfort food,109,28,500,very spicy,1,1
106,cheesy comfort food,553,139,500,very spicy,1,0
106,cheesy comfort food,86,22,500,very spicy,0,0
106,cheesy comfort food,353,89,500,very spicy,1,0
106,cheesy comfort food,499,125,500,very spicy,0,0
106,cheesy comfort food,501,126,500,very spicy,1,1
106,cheesy comfort food,422,106,500,very spicy,1,0
106,cheesy comfort food,524,131,500,very spicy,1,1
106,cheesy comfort food,135,34,500,very spicy,1,0
106,quick breakfast idea,506,127,500,very spicy,1,0
106,quick breakfast idea,89,23,500,very spicy,1,1
106,quick breakfast idea,517,130,500,very spicy,1,0
106,quick breakfast idea,789,198,500,very spicy,1,0
106,quick breakfast idea,728,182,500,very spicy,0,0
106,quick breakfast idea,475,119,500,very spicy,1,0
106,quick breakfast idea,278,70,500,very spicy,1,1
106,quick breakfast idea,557,140,500,very spicy,1,1
106,quick breakfast idea,434,109,500,very spicy,1,1
106,quick breakfast idea,454,114,500,very spicy,1,0
106,healthy light dinner option,746,187,500,very spicy,1,0
106,healthy light dinner option,269,68,500,very spicy,1,1
106,healthy light dinner option,71,18,500,very spicy,1,0
106,healthy light dinner option,665,167,500,very spicy,1,1
106,healthy light dinner option,705,177,500,very spicy,1,0
106,healthy light dinner option,785,197,500,very spicy,1,0
106,healthy light dinner option,617,155,500,very spicy,0,0
106,healthy light dinner option,391,98,500,very spicy,1,0
106,healthy light dinner option,178,45,500,very spicy,1,1
106,healthy light dinner option,186,47,500,very spicy,1,0
106,mild non spicy food for kids,125,32,500,very spicy,1,0
106,mild non spicy food for kids,549,138,500,very spicy,1,0
106,mild non spicy food for kids,397,100,500,very spicy,1,1
106,mild non spicy food for kids,763,191,500,very spicy,1,0
106,mild non spicy food for kids,389,98,500,very spicy,1,0
106,mild non spicy food for kids,94,24,500,very spicy,0,0
106,mild non spicy food for kids,319,80,500,very spicy,1,1
106,mild non spicy food for kids,464,116,500,very spicy,1,0
106,mild non spicy food for kids,693,174,500,very spicy,0,0
106,mild non spicy food for kids,1,1,500,very spicy,1,0
106,street food cravings,530,133,500,very spicy,1,1
106,street food cravings,62,16,500,very spicy,1,1
106,street food cravings,661,166,500,very spicy,1,0
106,street food cravings,579,145,500,very spicy,0,0
106,street food cravings,110,28,500,very spicy,1,0
106,street food cravings,86,22,500,very spicy,1,0
106,street food cravings,675,169,500,very spicy,1,1
106,street food cravings,435,109,500,very spicy,1,1
106,street food cravings,392,98,500,very spicy,1,1
106,street food cravings,733,184,500,very spicy,1,0
106,mild non spicy food for kids,458,115,500,very spicy,1,1
106,mild non spicy food for kids,29,8,500,very spicy,0,0
106,mild non spicy food for kids,264,66,500,very spicy,1,0
106,mild non spicy food for kids,212,53,500,very spicy,1,1
106,mild non spicy food for kids,206,52,500,very spicy,1,1
106,mild non spicy food for kids,181,46,500,very spicy,1,0
106,mild non spicy food for kids,668,167,500,very spicy,1,0
106,mild non spicy food for kids,186,47,500,very spicy,1,0
106,mild non spicy food for kids,713,179,500,very spicy,1,1
106,mild non spicy food for kids,25,7,500,very spicy,1,0
107,biryani under 300 rupees,183,46,500,spicy,1,0
107,biryani under 300 rupees,551,138,500,spicy,1,0
107,biryani under 300 rupees,396,99,500,spicy,1,0
107,biryani under 300 rupees,512,128,500,spicy,1,1
107,biryani under 300 rupees,223,56,500,spicy,1,0
107,biryani under 300 rupees,95,24,500,spicy,1,1
107,biryani under 300 rupees,363,91,500,spicy,1,0
107,biryani under 300 rupees,558,140,500,spicy,0,0
107,biryani under 300 rupees,509,128,500,spicy,1,0
107,biryani under 300 rupees,767,192,500,spicy,1,1
107,cold coffee and snacks,104,26,500,spicy,1,0
107,cold coffee and snacks,752,188,500,spicy,1,1
107,cold coffee and snacks,149,38,500,spicy,0,0
107,cold coffee and snacks,21,6,500,spicy,1,1
107,cold coffee and snacks,226,57,500,spicy,0,0
107,cold coffee and snacks,366,92,500,spicy,1,1
107,cold coffee and snacks,134,34,500,spicy,1,1
107,cold coffee and snacks,725,182,500,spicy,1,0
107,cold coffee and snacks,411,103,500,spicy,1,0
107,cold coffee and snacks,238,60,500,spicy,1,0
107,biryani under 300 rupees,790,198,500,spicy,1,1
107,biryani under 300 rupees,126,32,500,spicy,1,1
107,biryani under 300 rupees,593,149,500,spicy,1,1
107,biryani under 300 rupees,522,131,500,spicy,1,0
107,biryani under 300 rupees,67,17,500,spicy,1,0
107,biryani under 300 rupees,84,21,500,spicy,1,0
107,biryani under 300 rupees,534,134,500,spicy,1,1
107,biryani under 300 rupees,194,49,500,spicy,1,1
107,biryani under 300 rupees,85,22,500,spicy,0,0
107,biryani under 300 rupees,504,126,500,spicy,1,0
107,cheesy comfort food,248,62,500,spicy,1,1
107,cheesy comfort food,297,75,500,spicy,1,1
107,cheesy comfort food,642,161,500,spicy,1,0
107,cheesy comfort food,252,63,500,spicy,1,1
107,cheesy comfort food,184,46,500,spicy,0,0
107,cheesy comfort food,481,121,500,spicy,0,0
107,cheesy comfort food,431,108,500,spicy,0,0
107,cheesy comfort food,608,152,500,spicy,1,1
107,cheesy comfort food,214,54,500,spicy,1,1
107,cheesy comfort food,728,182,500,spicy,1,0
107,cheesy comfort food,278,70,500,spicy,1,0
107,cheesy comfort food,307,77,500,spicy,1,0
107,cheesy comfort food,310,78,500,spicy,1,0
107,cheesy comfort food,587,147,500,spicy,1,1
107,cheesy comfort food,517,130,500,spicy,1,0
107,cheesy comfort food,74,19,500,spicy,1,0
107,cheesy comfort food,255,64,500,spicy,1,1
107,cheesy comfort food,430,108,500,spicy,1,0
107,cheesy comfort food,660,165,500,spicy,1,1
107,cheesy comfort food,637,160,500,spicy,1,0
107,cold coffee and snacks,698,175,500,spicy,0,0
107,cold coffee and snacks,493,124,500,spicy,0,0
107,cold coffee and snacks,417,105,500,spicy,1,0
107,cold coffee and snacks,603,151,500,spicy,0,0
107,cold coffee and snacks,271,68,500,spicy,1,0
107,cold coffee and snacks,542,136,500,spicy,1,0
107,cold coffee and snacks,755,189,500,spicy,0,0
107,cold coffee and snacks,50,13,500,spicy,1,1
107,cold coffee and snacks,100,25,500,spicy,1,0
107,cold coffee and snacks,496,124,500,spicy,1,0
107,mild non spicy food for kids,359,90,500,spicy,1,0
107,mild non spicy food for kids,316,79,500,spicy,1,0
107,mild non spicy food for kids,191,48,500,spicy,1,1
107,mild non spicy food for kids,622,156,500,spicy,1,0
107,mild non spicy food for kids,538,135,500,spicy,1,1
107,mild non spicy food for kids,262,66,500,spicy,1,1
107,mild non spicy food for kids,312,78,500,spicy,1,1
107,mild non spicy food for kids,132,33,500,spicy,1,0
107,mild non spicy food for kids,152,38,500,spicy,1,1
107,mild non spicy food for kids,328,82,500,spicy,1,0
107,healthy light dinner option,238,60,500,spicy,1,0
107,healthy light dinner option,246,62,500,spicy,1,0
107,healthy light dinner option,90,23,500,spicy,1,0
107,healthy light dinner option,30,8,500,spicy,1,0
107,healthy light dinner option,46,12,500,spicy,1,1
107,healthy light dinner option,321,81,500,spicy,1,1
107,healthy light dinner option,729,183,500,spicy,1,1
107,healthy light dinner option,556,139,500,spicy,1,1
107,healthy light dinner option,81,21,500,spicy,0,0
107,healthy light dinner option,770,193,500,spicy,1,1
108,cold coffee and snacks,479,120,500,medium,1,0
108,cold coffee and snacks,157,40,500,medium,1,0
108,cold coffee and snacks,671,168,500,medium,1,1
108,cold coffee and snacks,102,26,500,medium,1,1
108,cold coffee and snacks,64,16,500,medium,1,0
108,cold coffee and snacks,435,109,500,medium,1,1
108,cold coffee and snacks,495,124,500,medium,1,0
108,cold coffee and snacks,722,181,500,medium,0,0
108,cold coffee and snacks,412,103,500,medium,1,0
108,cold coffee and snacks,524,131,500,medium,1,0
108,cheesy comfort food,478,120,500,medium,1,0
108,cheesy comfort food,734,184,500,medium,1,1
108,cheesy comfort food,742,186,500,medium,1,1
108,cheesy comfort food,451,113,500,medium,0,0
108,cheesy comfort food,366,92,500,medium,1,0
108,cheesy comfort food,359,90,500,medium,1,0
108,cheesy comfort food,148,37,500,medium,1,1
108,cheesy comfort food,770,193,500,medium,1,1
108,cheesy comfort food,41,11,500,medium,0,0
108,cheesy comfort food,703,176,500,medium,1,0
108,vegan friendly dinner,683,171,500,medium,0,0
108,vegan friendly dinner,331,83,500,medium,1,1
108,vegan friendly dinner,312,78,500,medium,1,0
108,vegan friendly dinner,27,7,500,medium,1,0
108,vegan friendly dinner,755,189,500,medium,1,0
108,vegan friendly dinner,687,172,500,medium,0,0
108,vegan friendly dinner,233,59,500,medium,0,0
108,vegan friendly dinner,232,58,500,medium,1,0
108,vegan friendly dinner,122,31,500,medium,0,0
108,vegan friendly dinner,39,10,500,medium,1,0
108,street food cravings,489,123,500,medium,1,1
108,street food cravings,119,30,500,medium,1,0
108,street food cravings,88,22,500,medium,0,0
108,street food cravings,707,177,500,medium,1,1
108,street food cravings,571,143,500,medium,1,1
108,street food cravings,581,146,500,medium,1,1
108,street food cravings,441,111,500,medium,1,1
108,street food cravings,311,78,500,medium,1,0
108,street food cravings,133,34,500,medium,1,1
108,street food cravings,692,173,500,medium,0,0
108,healthy light dinner option,463,116,500,medium,1,0
108,healthy light dinner option,403,101,500,medium,1,1
108,healthy light dinner option,12,3,500,medium,1,0
108,healthy light dinner option,513,129,500,medium,0,0
108,healthy light dinner option,682,171,500,medium,1,0
108,healthy light dinner option,504,126,500,medium,1,0
108,healthy light dinner option,101,26,500,medium,0,0
108,healthy light dinner option,610,153,500,medium,1,0
108,healthy light dinner option,709,178,500,medium,1,0
108,healthy light dinner option,94,24,500,medium,1,0
108,vegan friendly dinner,164,41,500,medium,1,0
108,vegan friendly dinner,784,196,500,medium,1,1
108,vegan friendly dinner,677,170,500,medium,1,0
108,vegan friendly dinner,648,162,500,medium,1,0
108,vegan friendly dinner,228,57,500,medium,0,0
108,vegan friendly dinner,459,115,500,medium,1,1
108,vegan friendly dinner,86,22,500,medium,0,0
108,vegan friendly dinner,449,113,500,medium,1,0
108,vegan friendly dinner,474,119,500,medium,1,0
108,vegan friendly dinner,650,163,500,medium,1,0
108,sweet dessert to end the meal,57,15,500,medium,1,0
108,sweet dessert to end the meal,271,68,500,medium,0,0
108,sweet dessert to end the meal,400,100,500,medium,0,0
108,sweet dessert to end the meal,297,75,500,medium,1,0
108,sweet dessert to end the meal,199,50,500,medium,1,0
108,sweet dessert to end the meal,286,72,500,medium,1,1
108,sweet dessert to end the meal,572,143,500,medium,0,0
108,sweet dessert to end the meal,450,113,500,medium,1,1
108,sweet dessert to end the meal,439,110,500,medium,1,0
108,sweet dessert to end the meal,70,18,500,medium,1,0
108,mild non spicy food for kids,403,101,500,medium,1,0
108,mild non spicy food for kids,709,178,500,medium,0,0
108,mild non spicy food for kids,761,191,500,medium,0,0
108,mild non spicy food for kids,173,44,500,medium,1,0
108,mild non spicy food for kids,703,176,500,medium,1,0
108,mild non spicy food for kids,259,65,500,medium,1,1
108,mild non spicy food for kids,94,24,500,medium,1,0
108,mild non spicy food for kids,14,4,500,medium,0,0
108,mild non spicy food for kids,212,53,500,medium,0,0
108,mild non spicy food for kids,408,102,500,medium,1,1
109,sweet dessert to end the meal,462,116,350,mild,1,0
109,sweet dessert to end the meal,672,168,350,mild,1,0
109,sweet dessert to end the meal,763,191,350,mild,1,0
109,sweet dessert to end the meal,193,49,350,mild,1,0
109,sweet dessert to end the meal,163,41,350,mild,1,1
109,sweet dessert to end the meal,110,28,350,mild,1,0
109,sweet dessert to end the meal,354,89,350,mild,0,0
109,sweet dessert to end the meal,438,110,350,mild,1,0
109,sweet dessert to end the meal,89,23,350,mild,0,0
109,sweet dessert to end the meal,21,6,350,mild,1,1
109,sweet dessert to end the meal,512,128,350,mild,0,0
109,sweet dessert to end the meal,336,84,350,mild,1,1
109,sweet dessert to end the meal,780,195,350,mild,1,0
109,sweet dessert to end the meal,536,134,350,mild,0,0
109,sweet dessert to end the meal,180,45,350,mild,1,0
109,sweet dessert to end the meal,607,152,350,mild,1,1
109,sweet dessert to end the meal,147,37,350,mild,1,1
109,sweet dessert to end the meal,290,73,350,mild,1,0
109,sweet dessert to end the meal,725,182,350,mild,1,0
109,sweet dessert to end the meal,480,120,350,mild,1,0
109,cold coffee and snacks,789,198,350,mild,1,0
109,cold coffee and snacks,631,158,350,mild,1,1
109,cold coffee and snacks,171,43,350,mild,1,1
109,cold coffee and snacks,618,155,350,mild,1,0
109,cold coffee and snacks,326,82,350,mild,1,0
109,cold coffee and snacks,333,84,350,mild,1,0
109,cold coffee and snacks,393,99,350,mild,1,1
109,cold coffee and snacks,501,126,350,mild,1,1
109,cold coffee and snacks,572,143,350,mild,0,0
109,cold coffee and snacks,301,76,350,mild,1,0
109,cheesy comfort food,236,59,350,mild,0,0
109,cheesy comfort food,496,124,350,mild,1,0
109,cheesy comfort food,287,72,350,mild,1,0
109,cheesy comfort food,61,16,350,mild,1,0
109,cheesy comfort food,659,165,350,mild,1,1
109,cheesy comfort food,239,60,350,mild,1,0
109,cheesy comfort food,517,130,350,mild,1,0
109,cheesy comfort food,49,13,350,mild,0,0
109,cheesy comfort food,355,89,350,mild,1,1
109,cheesy comfort food,579,145,350,mild,1,0
109,street food cravings,85,22,350,mild,1,0
109,street food cravings,387,97,350,mild,0,0
109,street food cravings,632,158,350,mild,1,0
109,street food cravings,31,8,350,mild,1,1
109,street food cravings,228,57,350,mild,1,1
109,street food cravings,541,136,350,mild,1,0
109,street food cravings,406,102,350,mild,1,1
109,street food cravings,61,16,350,mild,1,0
109,street food cravings,391,98,350,mild,1,1
109,street food cravings,356,89,350,mild,1,0
109,something spicy and cheap under 200,81,21,350,mild,1,1
109,something spicy and cheap under 200,754,189,350,mild,1,1
109,something spicy and cheap under 200,539,135,350,mild,1,0
109,something spicy and cheap under 200,217,55,350,mild,1,1
109,something spicy and cheap under 200,661,166,350,mild,0,0
109,something spicy and cheap under 200,188,47,350,mild,0,0
109,something spicy and cheap under 200,516,129,350,mild,1,1
109,something spicy and cheap under 200,555,139,350,mild,1,0
109,something spicy and cheap under 200,715,179,350,mild,1,1
109,something spicy and cheap under 200,796,199,350,mild,1,1
109,sweet dessert to end the meal,762,191,350,mild,1,1
109,sweet dessert to end the meal,107,27,350,mild,1,0
109,sweet dessert to end the meal,37,10,350,mild,0,0
109,sweet dessert to end the meal,342,86,350,mild,1,0
109,sweet dessert to end the meal,300,75,350,mild,1,1
109,sweet dessert to end the meal,101,26,350,mild,1,0
109,sweet dessert to end the meal,627,157,350,mild,1,0
109,sweet dessert to end the meal,496,124,350,mild,1,0
109,sweet dessert to end the meal,58,15,350,mild,1,0
109,sweet dessert to end the meal,228,57,350,mild,1,0
109,cheesy comfort food,233,59,350,mild,1,0
109,cheesy comfort food,43,11,350,mild,1,0
109,cheesy comfort food,456,114,350,mild,0,0
109,cheesy comfort food,216,54,350,mild,1,0
109,cheesy comfort food,217,55,350,mild,1,0
109,cheesy comfort food,208,52,350,mild,1,0
109,cheesy comfort food,23,6,350,mild,1,0
109,cheesy comfort food,574,144,350,mild,1,0
109,cheesy comfort food,391,98,350,mild,1,1
109,cheesy comfort food,555,139,350,mild,1,1
110,healthy light dinner option,245,62,150,very spicy,1,0
110,healthy light dinner option,344,86,150,very spicy,0,0
110,healthy light dinner option,63,16,150,very spicy,0,0
110,healthy light dinner option,644,161,150,very spicy,1,1
110,healthy light dinner option,432,108,150,very spicy,1,1
110,healthy light dinner option,435,109,150,very spicy,0,0
110,healthy light dinner option,739,185,150,very spicy,0,0
110,healthy light dinner option,564,141,150,very spicy,0,0
110,healthy light dinner option,723,181,150,very spicy,0,0
110,healthy light dinner option,35,9,150,very spicy,1,0
110,vegan friendly dinner,261,66,150,very spicy,1,0
110,vegan friendly dinner,233,59,150,very spicy,1,0
110,vegan friendly dinner,297,75,150,very spicy,0,0
110,vegan friendly dinner,794,199,150,very spicy,0,0
110,vegan friendly dinner,798,200,150,very spicy,0,0
110,vegan friendly dinner,268,67,150,very spicy,1,0
110,vegan friendly dinner,93,24,150,very spicy,0,0
110,vegan friendly dinner,351,88,150,very spicy,1,0
110,vegan friendly dinner,46,12,150,very spicy,1,0
110,vegan friendly dinner,626,157,150,very spicy,1,0
110,something spicy and cheap under 200,582,146,150,very spicy,1,1
110,something spicy and cheap under 200,657,165,150,very spicy,1,0
110,something spicy and cheap under 200,185,47,150,very spicy,0,0
110,something spicy and cheap under 200,414,104,150,very spicy,1,0
110,something spicy and cheap under 200,256,64,150,very spicy,0,0
110,something spicy and cheap under 200,192,48,150,very spicy,1,0
110,something spicy and cheap under 200,296,74,150,very spicy,0,0
110,something spicy and cheap under 200,600,150,150,very spicy,1,0
110,something spicy and cheap under 200,124,31,150,very spicy,0,0
110,something spicy and cheap under 200,781,196,150,very spicy,1,1
110,cold coffee and snacks,734,184,150,very spicy,1,0
110,cold coffee and snacks,623,156,150,very spicy,1,1
110,cold coffee and snacks,769,193,150,very spicy,1,0
110,cold coffee and snacks,320,80,150,very spicy,0,0
110,cold coffee and snacks,84,21,150,very spicy,0,0
110,cold coffee and snacks,487,122,150,very spicy,1,1
110,cold coffee and snacks,195,49,150,very spicy,1,0
110,cold coffee and snacks,174,44,150,very spicy,1,1
110,cold coffee and snacks,333,84,150,very spicy,1,0
110,cold coffee and snacks,676,169,150,very spicy,1,1
110,sweet dessert to end the meal,59,15,150,very spicy,1,1
110,sweet dessert to end the meal,218,55,150,very spicy,1,0
110,sweet dessert to end the meal,531,133,150,very spicy,0,0
110,sweet dessert to end the meal,617,155,150,very spicy,0,0
110,sweet dessert to end the meal,101,26,150,very spicy,0,0
110,sweet dessert to end the meal,764,191,150,very spicy,1,1
110,sweet dessert to end the meal,329,83,150,very spicy,0,0
110,sweet dessert to end the meal,543,136,150,very spicy,0,0
110,sweet dessert to end the meal,752,188,150,very spicy,0,0
110,sweet dessert to end the meal,349,88,150,very spicy,1,0
110,cold coffee and snacks,222,56,150,very spicy,0,0
110,cold coffee and snacks,468,117,150,very spicy,1,0
110,cold coffee and snacks,599,150,150,very spicy,0,0
110,cold coffee and snacks,604,151,150,very spicy,0,0
110,cold coffee and snacks,26,7,150,very spicy,0,0
110,cold coffee and snacks,90,23,150,very spicy,1,1
110,cold coffee and snacks,31,8,150,very spicy,1,0
110,cold coffee and snacks,469,118,150,very spicy,1,0
110,cold coffee and snacks,205,52,150,very spicy,1,1
110,cold coffee and snacks,364,91,150,very spicy,1,1
110,biryani under 300 rupees,492,123,150,very spicy,0,0
110,biryani under 300 rupees,307,77,150,very spicy,1,0
110,biryani under 300 rupees,227,57,150,very spicy,0,0
110,biryani under 300 rupees,780,195,150,very spicy,1,1
110,biryani under 300 rupees,461,116,150,very spicy,0,0
110,biryani under 300 rupees,159,40,150,very spicy,0,0
110,biryani under 300 rupees,343,86,150,very spicy,0,0
110,biryani under 300 rupees,362,91,150,very spicy,0,0
110,biryani under 300 rupees,118,30,150,very spicy,0,0
110,biryani under 300 rupees,800,200,150,very spicy,0,0
110,street food cravings,61,16,150,very spicy,1,1
110,street food cravings,312,78,150,very spicy,0,0
110,street food cravings,111,28,150,very spicy,1,1
110,street food cravings,719,180,150,very spicy,1,0
110,street food cravings,346,87,150,very spicy,1,1
110,street food cravings,223,56,150,very spicy,0,0
110,street food cravings,220,55,150,very spicy,1,0
110,street food cravings,603,151,150,very spicy,1,0
110,street food cravings,632,158,150,very spicy,1,1
110,street food cravings,253,64,150,very spicy,0,0
111,cold coffee and snacks,482,121,500,medium,1,0
111,cold coffee and snacks,206,52,500,medium,1,0
111,cold coffee and snacks,514,129,500,medium,1,0
111,cold coffee and snacks,433,109,500,medium,0,0
111,cold coffee and snacks,536,134,500,medium,1,0
111,cold coffee and snacks,734,184,500,medium,1,1
111,cold coffee and snacks,758,190,500,medium,1,1
111,cold coffee and snacks,275,69,500,medium,1,0
111,cold coffee and snacks,300,75,500,medium,0,0
111,cold coffee and snacks,476,119,500,medium,1,1
111,cold coffee and snacks,145,37,500,medium,0,0
111,cold coffee and snacks,169,43,500,medium,1,0
111,cold coffee and snacks,622,156,500,medium,1,0
111,cold coffee and snacks,96,24,500,medium,1,1
111,cold coffee and snacks,537,135,500,medium,1,0
111,cold coffee and snacks,650,163,500,medium,0,0
111,cold coffee and snacks,149,38,500,medium,1,0
111,cold coffee and snacks,693,174,500,medium,1,0
111,cold coffee and snacks,53,14,500,medium,0,0
111,cold coffee and snacks,584,146,500,medium,1,1
111,vegan friendly dinner,53,14,500,medium,0,0
111,vegan friendly dinner,660,165,500,medium,1,1
111,vegan friendly dinner,157,40,500,medium,0,0
111,vegan friendly dinner,533,134,500,medium,1,0
111,vegan friendly dinner,234,59,500,medium,0,0
111,vegan friendly dinner,237,60,500,medium,1,0
111,vegan friendly dinner,680,170,500,medium,1,1
111,vegan friendly dinner,218,55,500,medium,1,1
111,vegan friendly dinner,610,153,500,medium,1,0
111,vegan friendly dinner,314,79,500,medium,0,0
111,street food cravings,34,9,500,medium,1,0
111,street food cravings,579,145,500,medium,1,1
111,street food cravings,748,187,500,medium,0,0
111,street food cravings,161,41,500,medium,0,0
111,street food cravings,701,176,500,medium,1,0
111,street food cravings,588,147,500,medium,1,0
111,street food cravings,732,183,500,medium,1,0
111,street food cravings,694,174,500,medium,1,1
111,street food cravings,235,59,500,medium,0,0
111,street food cravings,741,186,500,medium,1,0
111,street food cravings,575,144,500,medium,1,0
111,street food cravings,321,81,500,medium,1,0
111,street food cravings,598,150,500,medium,1,0
111,street food cravings,182,46,500,medium,1,0
111,street food cravings,313,79,500,medium,1,0
111,street food cravings,328,82,500,medium,0,0
111,street food cravings,565,142,500,medium,1,0
111,street food cravings,124,31,500,medium,1,0
111,street food cravings,147,37,500,medium,0,0
111,street food cravings,293,74,500,medium,1,0
111,biryani under 300 rupees,695,174,500,medium,1,0
111,biryani under 300 rupees,395,99,500,medium,1,1
111,biryani under 300 rupees,476,119,500,medium,1,0
111,biryani under 300 rupees,359,90,500,medium,1,0
111,biryani under 300 rupees,448,112,500,medium,1,1
111,biryani under 300 rupees,570,143,500,medium,1,0
111,biryani under 300 rupees,409,103,500,medium,1,0
111,biryani under 300 rupees,201,51,500,medium,1,0
111,biryani under 300 rupees,506,127,500,medium,1,0
111,biryani under 300 rupees,151,38,500,medium,1,1
111,biryani under 300 rupees,331,83,500,medium,1,0
111,biryani under 300 rupees,412,103,500,medium,1,1
111,biryani under 300 rupees,38,10,500,medium,1,0
111,biryani under 300 rupees,284,71,500,medium,1,0
111,biryani under 300 rupees,183,46,500,medium,1,0
111,biryani under 300 rupees,115,29,500,medium,1,0
111,biryani under 300 rupees,333,84,500,medium,1,0
111,biryani under 300 rupees,753,189,500,medium,0,0
111,biryani under 300 rupees,616,154,500,medium,1,0
111,biryani under 300 rupees,583,146,500,medium,0,0
111,mild non spicy food for kids,743,186,500,medium,1,1
111,mild non spicy food for kids,139,35,500,medium,1,0
111,mild non spicy food for kids,58,15,500,medium,0,0
111,mild non spicy food for kids,255,64,500,medium,1,1
111,mild non spicy food for kids,43,11,500,medium,0,0
111,mild non spicy food for kids,789,198,500,medium,1,0
111,mild non spicy food for kids,713,179,500,medium,1,0
111,mild non spicy food for kids,483,121,500,medium,1,0
111,mild non spicy food for kids,646,162,500,medium,1,1
111,mild non spicy food for kids,365,92,500,medium,1,0
112,healthy light dinner option,794,199,350,very spicy,1,0
112,healthy light dinner option,574,144,350,very spicy,1,1
112,healthy light dinner option,582,146,350,very spicy,1,0
112,healthy light dinner option,347,87,350,very spicy,1,0
112,healthy light dinner option,154,39,350,very spicy,0,0
112,healthy light dinner option,392,98,350,very spicy,1,1
112,healthy light dinner option,238,60,350,very spicy,1,1
112,healthy light dinner option,430,108,350,very spicy,1,1
112,healthy light dinner option,355,89,350,very spicy,1,1
112,healthy light dinner option,763,191,350,very spicy,1,0
112,something spicy and cheap under 200,539,135,350,very spicy,1,0
112,something spicy and cheap under 200,722,181,350,very spicy,1,0
112,something spicy and cheap under 200,738,185,350,very spicy,1,0
112,something spicy and cheap under 200,491,123,350,very spicy,0,0
112,something spicy and cheap under 200,278,70,350,very spicy,1,0
112,something spicy and cheap under 200,440,110,350,very spicy,1,0
112,something spicy and cheap under 200,456,114,350,very spicy,1,0
112,something spicy and cheap under 200,607,152,350,very spicy,0,0
112,something spicy and cheap under 200,142,36,350,very spicy,0,0
112,something spicy and cheap under 200,186,47,350,very spicy,1,1
112,sweet dessert to end the meal,468,117,350,very spicy,1,0
112,sweet dessert to end the meal,398,100,350,very spicy,1,0
112,sweet dessert to end the meal,573,144,350,very spicy,0,0
112,sweet dessert to end the meal,194,49,350,very spicy,1,1
112,sweet dessert to end the meal,202,51,350,very spicy,1,1
112,sweet dessert to end the meal,365,92,350,very spicy,0,0
112,sweet dessert to end the meal,510,128,350,very spicy,1,0
112,sweet dessert to end the meal,335,84,350,very spicy,1,0
112,sweet dessert to end the meal,730,183,350,very spicy,1,1
112,sweet dessert to end the meal,77,20,350,very spicy,1,1
112,healthy light dinner option,25,7,350,very spicy,1,1
112,healthy light dinner option,434,109,350,very spicy,0,0
112,healthy light dinner option,98,25,350,very spicy,1,0
112,healthy light dinner option,335,84,350,very spicy,1,0
112,healthy light dinner option,636,159,350,very spicy,1,0
112,healthy light dinner option,505,127,350,very spicy,0,0
112,healthy light dinner option,631,158,350,very spicy,1,1
112,healthy light dinner option,344,86,350,very spicy,1,1
112,healthy light dinner option,531,133,350,very spicy,1,1
112,healthy light dinner option,119,30,350,very spicy,1,1
112,mild non spicy food for kids,473,119,350,very spicy,1,0
112,mild non spicy food for kids,669,168,350,very spicy,1,0
112,mild non spicy food for kids,398,100,350,very spicy,0,0
112,mild non spicy food for kids,795,199,350,very spicy,1,0
112,mild non spicy food for kids,471,118,350,very spicy,1,1
112,mild non spicy food for kids,530,133,350,very spicy,0,0
112,mild non spicy food for kids,549,138,350,very spicy,1,1
112,mild non spicy food for kids,671,168,350,very spicy,1,1
112,mild non spicy food for kids,262,66,350,very spicy,1,0
112,mild non spicy food for kids,263,66,350,very spicy,1,1
112,quick breakfast idea,523,131,350,very spicy,1,1
112,quick breakfast idea,718,180,350,very spicy,1,0
112,quick breakfast idea,735,184,350,very spicy,1,0
112,quick breakfast idea,793,199,350,very spicy,1,0
112,quick breakfast idea,778,195,350,very spicy,1,0
112,quick breakfast idea,637,160,350,very spicy,1,0
112,quick breakfast idea,520,130,350,very spicy,1,0
112,quick breakfast idea,211,53,350,very spicy,1,1
112,quick breakfast idea,463,116,350,very spicy,1,1
112,quick breakfast idea,22,6,350,very spicy,1,0
112,mild non spicy food for kids,311,78,350,very spicy,1,0
112,mild non spicy food for kids,57,15,350,very spicy,1,1
112,mild non spicy food for kids,775,194,350,very spicy,1,1
112,mild non spicy food for kids,704,176,350,very spicy,1,0
112,mild non spicy food for kids,322,81,350,very spicy,1,1
112,mild non spicy food for kids,324,81,350,very spicy,1,0
112,mild non spicy food for kids,630,158,350,very spicy,1,0
112,mild non spicy food for kids,18,5,350,very spicy,1,0
112,mild non spicy food for kids,773,194,350,very spicy,1,1
112,mild non spicy food for kids,575,144,350,very spicy,1,1
112,something spicy and cheap under 200,17,5,350,very spicy,1,0
112,something spicy and cheap under 200,727,182,350,very spicy,1,1
112,something spicy and cheap under 200,280,70,350,very spicy,1,1
112,something spicy and cheap under 200,720,180,350,very spicy,1,0
112,something spicy and cheap under 200,665,167,350,very spicy,0,0
112,something spicy and cheap under 200,257,65,350,very spicy,0,0
112,something spicy and cheap under 200,90,23,350,very spicy,1,0
112,something spicy and cheap under 200,550,138,350,very spicy,1,0
112,something spicy and cheap under 200,68,17,350,very spicy,1,0
112,something spicy and cheap under 200,708,177,350,very spicy,1,1
113,mild non spicy food for kids,144,36,500,medium,1,0
113,mild non spicy food for kids,406,102,500,medium,1,0
113,mild non spicy food for kids,539,135,500,medium,0,0
113,mild non spicy food for kids,770,193,500,medium,1,0
113,mild non spicy food for kids,404,101,500,medium,1,0
113,mild non spicy food for kids,118,30,500,medium,1,1
113,mild non spicy food for kids,530,133,500,medium,1,1
113,mild non spicy food for kids,517,130,500,medium,1,0
113,mild non spicy food for kids,446,112,500,medium,1,0
113,mild non spicy food for kids,242,61,500,medium,1,0
113,healthy light dinner option,397,100,500,medium,0,0
113,healthy light dinner option,422,106,500,medium,1,1
113,healthy light dinner option,239,60,500,medium,1,0
113,healthy light dinner option,423,106,500,medium,0,0
113,healthy light dinner option,308,77,500,medium,1,1
113,healthy light dinner option,719,180,500,medium,1,0
113,healthy light dinner option,25,7,500,medium,1,0
113,healthy light dinner option,482,121,500,medium,1,0
113,healthy light dinner option,604,151,500,medium,1,0
113,healthy light dinner option,720,180,500,medium,1,1
113,mild non spicy food for kids,302,76,500,medium,1,1
113,mild non spicy food for kids,265,67,500,medium,0,0
113,mild non spicy food for kids,413,104,500,medium,1,0
113,mild non spicy food for kids,797,200,500,medium,1,1
113,mild non spicy food for kids,44,11,500,medium,1,0
113,mild non spicy food for kids,492,123,500,medium,0,0
113,mild non spicy food for kids,107,27,500,medium,1,1
113,mild non spicy food for kids,453,114,500,medium,1,0
113,mild non spicy food for kids,85,22,500,medium,1,0
113,mild non spicy food for kids,348,87,500,medium,1,0
113,something spicy and cheap under 200,592,148,500,medium,1,1
113,something spicy and cheap under 200,255,64,500,medium,1,0
113,something spicy and cheap under 200,161,41,500,medium,1,0
113,something spicy and cheap under 200,786,197,500,medium,1,1
113,something spicy and cheap under 200,694,174,500,medium,1,0
113,something spicy and cheap under 200,609,153,500,medium,1,0
113,something spicy and cheap under 200,266,67,500,medium,0,0
113,something spicy and cheap under 200,296,74,500,medium,0,0
113,something spicy and cheap under 200,477,120,500,medium,1,1
113,something spicy and cheap under 200,732,183,500,medium,1,1
113,quick breakfast idea,328,82,500,medium,1,0
113,quick breakfast idea,234,59,500,medium,1,0
113,quick breakfast idea,358,90,500,medium,1,1
113,quick breakfast idea,464,116,500,medium,0,0
113,quick breakfast idea,416,104,500,medium,1,0
113,quick breakfast idea,207,52,500,medium,1,0
113,quick breakfast idea,553,139,500,medium,1,0
113,quick breakfast idea,681,171,500,medium,1,0
113,quick breakfast idea,144,36,500,medium,0,0
113,quick breakfast idea,482,121,500,medium,1,0
113,street food cravings,125,32,500,medium,1,0
113,street food cravings,41,11,500,medium,0,0
113,street food cravings,266,67,500,medium,1,1
113,street food cravings,752,188,500,medium,1,0
113,street food cravings,66,17,500,medium,1,1
113,street food cravings,373,94,500,medium,1,1
113,street food cravings,382,96,500,medium,1,0
113,street food cravings,612,153,500,medium,1,0
113,street food cravings,718,180,500,medium,0,0
113,street food cravings,650,163,500,medium,0,0
113,healthy light dinner option,85,22,500,medium,1,0
113,healthy light dinner option,727,182,500,medium,0,0
113,healthy light dinner option,161,41,500,medium,1,0
113,healthy light dinner option,487,122,500,medium,1,0
113,healthy light dinner option,506,127,500,medium,0,0
113,healthy light dinner option,93,24,500,medium,1,0
113,healthy light dinner option,22,6,500,medium,1,1
113,healthy light dinner option,430,108,500,medium,0,0
113,healthy light dinner option,636,159,500,medium,1,1
113,healthy light dinner option,677,170,500,medium,1,1
113,street food cravings,613,154,500,medium,1,0
113,street food cravings,767,192,500,medium,0,0
113,street food cravings,68,17,500,medium,1,0
113,street food cravings,271,68,500,medium,1,1
113,street food cravings,134,34,500,medium,0,0
113,street food cravings,292,73,500,medium,1,0
113,street food cravings,632,158,500,medium,1,1
113,street food cravings,422,106,500,medium,0,0
113,street food cravings,672,168,500,medium,1,0
113,street food cravings,800,200,500,medium,1,1
114,cold coffee and snacks,775,194,150,very spicy,1,0
114,cold coffee and snacks,419,105,150,very spicy,1,1
114,cold coffee and snacks,320,80,150,very spicy,1,1
114,cold coffee and snacks,643,161,150,very spicy,1,1
114,cold coffee and snacks,559,140,150,very spicy,0,0
114,cold coffee and snacks,131,33,150,very spicy,1,1
114,cold coffee and snacks,591,148,150,very spicy,0,0
114,cold coffee and snacks,190,48,150,very spicy,1,0
114,cold coffee and snacks,587,147,150,very spicy,1,0
114,cold coffee and snacks,175,44,150,very spicy,1,1
114,vegan friendly dinner,394,99,150,very spicy,1,0
114,vegan friendly dinner,478,120,150,very spicy,0,0
114,vegan friendly dinner,16,4,150,very spicy,1,0
114,vegan friendly dinner,583,146,150,very spicy,0,0
114,vegan friendly dinner,484,121,150,very spicy,0,0
114,vegan friendly dinner,476,119,150,very spicy,1,0
114,vegan friendly dinner,463,116,150,very spicy,1,1
114,vegan friendly dinner,347,87,150,very spicy,1,1
114,vegan friendly dinner,465,117,150,very spicy,1,1
114,vegan friendly dinner,746,187,150,very spicy,1,1
114,cheesy comfort food,758,190,150,very spicy,1,1
114,cheesy comfort food,702,176,150,very spicy,1,0
114,cheesy comfort food,548,137,150,very spicy,0,0
114,cheesy comfort food,133,34,150,very spicy,1,0
114,cheesy comfort food,666,167,150,very spicy,1,1
114,cheesy comfort food,429,108,150,very spicy,0,0
114,cheesy comfort food,222,56,150,very spicy,0,0
114,cheesy comfort food,607,152,150,very spicy,1,0
114,cheesy comfort food,578,145,150,very spicy,1,0
114,cheesy comfort food,386,97,150,very spicy,0,0
114,something spicy and cheap under 200,421,106,150,very spicy,0,0
114,something spicy and cheap under 200,210,53,150,very spicy,1,1
114,something spicy and cheap under 200,290,73,150,very spicy,1,0
114,something spicy and cheap under 200,213,54,150,very spicy,1,0
114,something spicy and cheap under 200,403,101,150,very spicy,1,1
114,something spicy and cheap under 200,311,78,150,very spicy,0,0
114,something spicy and cheap under 200,276,69,150,very spicy,0,0
114,something spicy and cheap under 200,434,109,150,very spicy,1,0
114,something spicy and cheap under 200,208,52,150,very spicy,0,0
114,something spicy and cheap under 200,255,64,150,very spicy,0,0
114,vegan friendly dinner,752,188,150,very spicy,1,1
114,vegan friendly dinner,422,106,150,very spicy,1,0
114,vegan friendly dinner,615,154,150,very spicy,0,0
114,vegan friendly dinner,134,34,150,very spicy,0,0
114,vegan friendly dinner,291,73,150,very spicy,1,1
114,vegan friendly dinner,158,40,150,very spicy,1,1
114,vegan friendly dinner,289,73,150,very spicy,0,0
114,vegan friendly dinner,796,199,150,very spicy,1,1
114,vegan friendly dinner,342,86,150,very spicy,1,1
114,vegan friendly dinner,481,121,150,very spicy,1,0
114,sweet dessert to end the meal,387,97,150,very spicy,0,0
114,sweet dessert to end the meal,795,199,150,very spicy,0,0
114,sweet dessert to end the meal,392,98,150,very spicy,0,0
114,sweet dessert to end the meal,47,12,150,very spicy,1,0
114,sweet dessert to end the meal,373,94,150,very spicy,1,0
114,sweet dessert to end the meal,778,195,150,very spicy,0,0
114,sweet dessert to end the meal,356,89,150,very spicy,1,1
114,sweet dessert to end the meal,587,147,150,very spicy,1,0
114,sweet dessert to end the meal,205,52,150,very spicy,1,0
114,sweet dessert to end the meal,689,173,150,very spicy,1,0
114,healthy light dinner option,299,75,150,very spicy,1,1
114,healthy light dinner option,694,174,150,very spicy,1,1
114,healthy light dinner option,799,200,150,very spicy,1,0
114,healthy light dinner option,569,143,150,very spicy,1,0
114,healthy light dinner option,598,150,150,very spicy,1,1
114,healthy light dinner option,466,117,150,very spicy,1,1
114,healthy light dinner option,458,115,150,very spicy,0,0
114,healthy light dinner option,264,66,150,very spicy,1,0
114,healthy light dinner option,97,25,150,very spicy,1,0
114,healthy light dinner option,343,86,150,very spicy,0,0
114,mild non spicy food for kids,444,111,150,very spicy,1,0
114,mild non spicy food for kids,704,176,150,very spicy,0,0
114,mild non spicy food for kids,161,41,150,very spicy,1,1
114,mild non spicy food for kids,168,42,150,very spicy,0,0
114,mild non spicy food for kids,711,178,150,very spicy,0,0
114,mild non spicy food for kids,525,132,150,very spicy,0,0
114,mild non spicy food for kids,468,117,150,very spicy,1,0
114,mild non spicy food for kids,35,9,150,very spicy,1,1
114,mild non spicy food for kids,593,149,150,very spicy,0,0
114,mild non spicy food for kids,583,146,150,very spicy,1,0
115,cheesy comfort food,433,109,250,spicy,1,0
115,cheesy comfort food,582,146,250,spicy,1,1
115,cheesy comfort food,749,188,250,spicy,1,0
115,cheesy comfort food,661,166,250,spicy,1,0
115,cheesy comfort food,9,3,250,spicy,1,1
115,cheesy comfort food,226,57,250,spicy,1,1
115,cheesy comfort food,5,2,250,spicy,1,0
115,cheesy comfort food,273,69,250,spicy,1,0
115,cheesy comfort food,593,149,250,spicy,1,0
115,cheesy comfort food,690,173,250,spicy,0,0
115,healthy light dinner option,673,169,250,spicy,0,0
115,healthy light dinner option,538,135,250,spicy,1,1
115,healthy light dinner option,473,119,250,spicy,1,0
115,healthy light dinner option,79,20,250,spicy,1,1
115,healthy light dinner option,125,32,250,spicy,1,1
115,healthy light dinner option,766,192,250,spicy,0,0
115,healthy light dinner option,230,58,250,spicy,1,0
115,healthy light dinner option,399,100,250,spicy,0,0
115,healthy light dinner option,756,189,250,spicy,1,0
115,healthy light dinner option,481,121,250,spicy,1,0
115,sweet dessert to end the meal,209,53,250,spicy,1,0
115,sweet dessert to end the meal,484,121,250,spicy,1,1
115,sweet dessert to end the meal,252,63,250,spicy,1,0
115,sweet dessert to end the meal,82,21,250,spicy,1,0
115,sweet dessert to end the meal,692,173,250,spicy,0,0
115,sweet dessert to end the meal,174,44,250,spicy,1,0
115,sweet dessert to end the meal,219,55,250,spicy,1,0
115,sweet dessert to end the meal,364,91,250,spicy,1,1
115,sweet dessert to end the meal,488,122,250,spicy,1,1
115,sweet dessert to end the meal,273,69,250,spicy,1,1
115,cheesy comfort food,633,159,250,spicy,1,1
115,cheesy comfort food,658,165,250,spicy,1,0
115,cheesy comfort food,740,185,250,spicy,1,0
115,cheesy comfort food,336,84,250,spicy,1,0
115,cheesy comfort food,607,152,250,spicy,1,0
115,cheesy comfort food,679,170,250,spicy,1,0
115,cheesy comfort food,534,134,250,spicy,1,1
115,cheesy comfort food,210,53,250,spicy,1,0
115,cheesy comfort food,178,45,250,spicy,0,0
115,cheesy comfort food,670,168,250,spicy,1,0
115,street food cravings,374,94,250,spicy,1,0
115,street food cravings,590,148,250,spicy,0,0
115,street food cravings,573,144,250,spicy,1,1
115,street food cravings,508,127,250,spicy,1,0
115,street food cravings,356,89,250,spicy,0,0
115,street food cravings,185,47,250,spicy,1,0
115,street food cravings,157,40,250,spicy,0,0
115,street food cravings,58,15,250,spicy,1,0
115,street food cravings,121,31,250,spicy,1,1
115,street food cravings,318,80,250,spicy,1,0
115,cheesy comfort food,569,143,250,spicy,1,1
115,cheesy comfort food,531,133,250,spicy,1,0
115,cheesy comfort food,274,69,250,spicy,0,0
115,cheesy comfort food,576,144,250,spicy,1,0
115,cheesy comfort food,169,43,250,spicy,0,0
115,cheesy comfort food,760,190,250,spicy,1,0
115,cheesy comfort food,146,37,250,spicy,0,0
115,cheesy comfort food,404,101,250,spicy,1,0
115,cheesy comfort food,112,28,250,spicy,1,0
115,cheesy comfort food,762,191,250,spicy,1,1
115,something spicy and cheap under 200,515,129,250,spicy,1,1
115,something spicy and cheap under 200,510,128,250,spicy,1,0
115,something spicy and cheap under 200,797,200,250,spicy,1,1
115,something spicy and cheap under 200,48,12,250,spicy,1,0
115,something spicy and cheap under 200,706,177,250,spicy,0,0
115,something spicy and cheap under 200,188,47,250,spicy,1,1
115,something spicy and cheap under 200,53,14,250,spicy,1,1
115,something spicy and cheap under 200,167,42,250,spicy,0,0
115,something spicy and cheap under 200,345,87,250,spicy,1,0
115,something spicy and cheap under 200,579,145,250,spicy,1,0
115,biryani under 300 rupees,353,89,250,spicy,1,0
115,biryani under 300 rupees,131,33,250,spicy,1,0
115,biryani under 300 rupees,779,195,250,spicy,0,0
115,biryani under 300 rupees,724,181,250,spicy,1,1
115,biryani under 300 rupees,247,62,250,spicy,1,1
115,biryani under 300 rupees,542,136,250,spicy,1,1
115,biryani under 300 rupees,356,89,250,spicy,1,1
115,biryani under 300 rupees,683,171,250,spicy,1,0
115,biryani under 300 rupees,638,160,250,spicy,0,0
115,biryani under 300 rupees,142,36,250,spicy,1,1
116,biryani under 300 rupees,459,115,250,spicy,1,1
116,biryani under 300 rupees,587,147,250,spicy,1,1
116,biryani under 300 rupees,277,70,250,spicy,1,0
116,biryani under 300 rupees,659,165,250,spicy,0,0
116,biryani under 300 rupees,549,138,250,spicy,0,0
116,biryani under 300 rupees,555,139,250,spicy,1,1
116,biryani under 300 rupees,554,139,250,spicy,0,0
116,biryani under 300 rupees,712,178,250,spicy,1,1
116,biryani under 300 rupees,127,32,250,spicy,1,1
116,biryani under 300 rupees,91,23,250,spicy,1,1
116,sweet dessert to end the meal,58,15,250,spicy,0,0
116,sweet dessert to end the meal,147,37,250,spicy,0,0
116,sweet dessert to end the meal,413,104,250,spicy,0,0
116,sweet dessert to end the meal,617,155,250,spicy,1,0
116,sweet dessert to end the meal,237,60,250,spicy,1,0
116,sweet dessert to end the meal,591,148,250,spicy,0,0
116,sweet dessert to end the meal,745,187,250,spicy,0,0
116,sweet dessert to end the meal,442,111,250,spicy,1,1
116,sweet dessert to end the meal,135,34,250,spicy,1,0
116,sweet dessert to end the meal,707,177,250,spicy,1,1
116,healthy light dinner option,749,188,250,spicy,1,0
116,healthy light dinner option,209,53,250,spicy,1,1
116,healthy light dinner option,675,169,250,spicy,0,0
116,healthy light dinner option,254,64,250,spicy,1,1
116,healthy light dinner option,776,194,250,spicy,0,0
116,healthy light dinner option,157,40,250,spicy,1,0
116,healthy light dinner option,142,36,250,spicy,1,0
116,healthy light dinner option,164,41,250,spicy,1,0
116,healthy light dinner option,202,51,250,spicy,0,0
116,healthy light dinner option,313,79,250,spicy,1,1
116,quick breakfast idea,727,182,250,spicy,0,0
116,quick breakfast idea,170,43,250,spicy,1,1
116,quick breakfast idea,325,82,250,spicy,0,0
116,quick breakfast idea,304,76,250,spicy,1,1
116,quick breakfast idea,205,52,250,spicy,1,0
116,quick breakfast idea,497,125,250,spicy,1,0
116,quick breakfast idea,566,142,250,spicy,0,0
116,quick breakfast idea,643,161,250,spicy,1,1
116,quick breakfast idea,503,126,250,spicy,1,0
116,quick breakfast idea,301,76,250,spicy,0,0
116,street food cravings,571,143,250,spicy,1,0
116,street food cravings,374,94,250,spicy,1,1
116,street food cravings,350,88,250,spicy,0,0
116,street food cravings,453,114,250,spicy,0,0
116,street food cravings,588,147,250,spicy,1,0
116,street food cravings,447,112,250,spicy,1,0
116,street food cravings,85,22,250,spicy,1,1
116,street food cravings,135,34,250,spicy,1,0
116,street food cravings,327,82,250,spicy,1,0
116,street food cravings,170,43,250,spicy,1,0
116,quick breakfast idea,321,81,250,spicy,1,1
116,quick breakfast idea,644,161,250,spicy,1,1
116,quick breakfast idea,406,102,250,spicy,0,0
116,quick breakfast idea,524,131,250,spicy,0,0
116,quick breakfast idea,779,195,250,spicy,1,1
116,quick breakfast idea,17,5,250,spicy,1,0
116,quick breakfast idea,271,68,250,spicy,1,0
116,quick breakfast idea,536,134,250,spicy,1,0
116,quick breakfast idea,385,97,250,spicy,1,1
116,quick breakfast idea,762,191,250,spicy,1,1
116,mild non spicy food for kids,297,75,250,spicy,0,0
116,mild non spicy food for kids,245,62,250,spicy,1,1
116,mild non spicy food for kids,444,111,250,spicy,1,0
116,mild non spicy food for kids,94,24,250,spicy,0,0
116,mild non spicy food for kids,650,163,250,spicy,1,0
116,mild non spicy food for kids,16,4,250,spicy,1,1
116,mild non spicy food for kids,682,171,250,spicy,0,0
116,mild non spicy food for kids,758,190,250,spicy,1,0
116,mild non spicy food for kids,273,69,250,spicy,1,0
116,mild non spicy food for kids,388,97,250,spicy,1,1
116,mild non spicy food for kids,397,100,250,spicy,1,0
116,mild non spicy food for kids,386,97,250,spicy,1,1
116,mild non spicy food for kids,484,121,250,spicy,0,0
116,mild non spicy food for kids,263,66,250,spicy,1,0
116,mild non spicy food for kids,751,188,250,spicy,0,0
116,mild non spicy food for kids,538,135,250,spicy,0,0
116,mild non spicy food for kids,318,80,250,spicy,1,0
116,mild non spicy food for kids,123,31,250,spicy,0,0
116,mild non spicy food for kids,188,47,250,spicy,1,1
116,mild non spicy food for kids,180,45,250,spicy,1,1
117,something spicy and cheap under 200,281,71,350,mild,1,1
117,something spicy and cheap under 200,746,187,350,mild,1,1
117,something spicy and cheap under 200,143,36,350,mild,1,0
117,something spicy and cheap under 200,637,160,350,mild,0,0
117,something spicy and cheap under 200,676,169,350,mild,1,0
117,something spicy and cheap under 200,100,25,350,mild,1,1
117,something spicy and cheap under 200,477,120,350,mild,1,0
117,something spicy and cheap under 200,73,19,350,mild,0,0
117,something spicy and cheap under 200,79,20,350,mild,1,0
117,something spicy and cheap under 200,316,79,350,mild,1,0
117,cold coffee and snacks,503,126,350,mild,1,1
117,cold coffee and snacks,167,42,350,mild,1,0
117,cold coffee and snacks,730,183,350,mild,1,0
117,cold coffee and snacks,482,121,350,mild,1,0
117,cold coffee and snacks,161,41,350,mild,1,0
117,cold coffee and snacks,281,71,350,mild,0,0
117,cold coffee and snacks,47,12,350,mild,0,0
117,cold coffee and snacks,370,93,350,mild,1,0
117,cold coffee and snacks,240,60,350,mild,1,0
117,cold coffee and snacks,71,18,350,mild,1,1
117,biryani under 300 rupees,48,12,350,mild,1,0
117,biryani under 300 rupees,538,135,350,mild,1,1
117,biryani under 300 rupees,222,56,350,mild,1,0
117,biryani under 300 rupees,448,112,350,mild,1,0
117,biryani under 300 rupees,645,162,350,mild,1,0
117,biryani under 300 rupees,495,124,350,mild,1,1
117,biryani under 300 rupees,200,50,350,mild,1,0
117,biryani under 300 rupees,776,194,350,mild,1,0
117,biryani under 300 rupees,526,132,350,mild,0,0
117,biryani under 300 rupees,47,12,350,mild,1,0
117,cold coffee and snacks,213,54,350,mild,0,0
117,cold coffee and snacks,522,131,350,mild,1,1
117,cold coffee and snacks,173,44,350,mild,1,0
117,cold coffee and snacks,257,65,350,mild,1,1
117,cold coffee and snacks,553,139,350,mild,0,0
117,cold coffee and snacks,771,193,350,mild,1,0
117,cold coffee and snacks,122,31,350,mild,1,1
117,cold coffee and snacks,621,156,350,mild,0,0
117,cold coffee and snacks,686,172,350,mild,1,1
117,cold coffee and snacks,397,100,350,mild,1,0
117,biryani under 300 rupees,697,175,350,mild,1,1
117,biryani under 300 rupees,567,142,350,mild,1,0
117,biryani under 300 rupees,732,183,350,mild,1,1
117,biryani under 300 rupees,275,69,350,mild,1,0
117,biryani under 300 rupees,97,25,350,mild,1,0
117,biryani under 300 rupees,577,145,350,mild,1,0
117,biryani under 300 rupees,198,50,350,mild,1,0
117,biryani under 300 rupees,647,162,350,mild,1,1
117,biryani under 300 rupees,92,23,350,mild,0,0
117,biryani under 300 rupees,638,160,350,mild,0,0
117,quick breakfast idea,54,14,350,mild,1,0
117,quick breakfast idea,472,118,350,mild,1,0
117,quick breakfast idea,696,174,350,mild,0,0
117,quick breakfast idea,85,22,350,mild,1,0
117,quick breakfast idea,504,126,350,mild,1,1
117,quick breakfast idea,190,48,350,mild,1,1
117,quick breakfast idea,52,13,350,mild,1,0
117,quick breakfast idea,527,132,350,mild,1,0
117,quick breakfast idea,182,46,350,mild,1,0
117,quick breakfast idea,67,17,350,mild,1,0
117,sweet dessert to end the meal,106,27,350,mild,1,1
117,sweet dessert to end the meal,603,151,350,mild,0,0
117,sweet dessert to end the meal,122,31,350,mild,1,1
117,sweet dessert to end the meal,301,76,350,mild,0,0
117,sweet dessert to end the meal,660,165,350,mild,1,0
117,sweet dessert to end the meal,354,89,350,mild,1,1
117,sweet dessert to end the meal,525,132,350,mild,1,0
117,sweet dessert to end the meal,50,13,350,mild,1,0
117,sweet dessert to end the meal,192,48,350,mild,1,1
117,sweet dessert to end the meal,585,147,350,mild,1,1
117,street food cravings,549,138,350,mild,1,1
117,street food cravings,398,100,350,mild,1,1
117,street food cravings,240,60,350,mild,1,0
117,street food cravings,5,2,350,mild,1,0
117,street food cravings,175,44,350,mild,1,1
117,street food cravings,629,158,350,mild,0,0
117,street food cravings,305,77,350,mild,0,0
117,street food cravings,160,40,350,mild,1,1
117,street food cravings,393,99,350,mild,1,0
117,street food cravings,257,65,350,mild,1,0
118,mild non spicy food for kids,267,67,250,mild,1,0
118,mild non spicy food for kids,436,109,250,mild,1,0
118,mild non spicy food for kids,210,53,250,mild,1,1
118,mild non spicy food for kids,658,165,250,mild,1,0
118,mild non spicy food for kids,176,44,250,mild,1,1
118,mild non spicy food for kids,591,148,250,mild,1,1
118,mild non spicy food for kids,384,96,250,mild,1,1
118,mild non spicy food for kids,27,7,250,mild,1,1
118,mild non spicy food for kids,9,3,250,mild,1,0
118,mild non spicy food for kids,186,47,250,mild,1,0
118,cheesy comfort food,724,181,250,mild,1,1
118,cheesy comfort food,783,196,250,mild,1,0
118,cheesy comfort food,370,93,250,mild,1,0
118,cheesy comfort food,491,123,250,mild,1,1
118,cheesy comfort food,302,76,250,mild,1,0
118,cheesy comfort food,638,160,250,mild,0,0
118,cheesy comfort food,425,107,250,mild,1,0
118,cheesy comfort food,780,195,250,mild,0,0
118,cheesy comfort food,117,30,250,mild,1,1
118,cheesy comfort food,1,1,250,mild,1,1
118,street food cravings,357,90,250,mild,1,1
118,street food cravings,460,115,250,mild,1,0
118,street food cravings,789,198,250,mild,1,0
118,street food cravings,282,71,250,mild,1,0
118,street food cravings,697,175,250,mild,1,0
118,street food cravings,334,84,250,mild,1,0
118,street food cravings,236,59,250,mild,1,0
118,street food cravings,273,69,250,mild,1,0
118,street food cravings,333,84,250,mild,1,1
118,street food cravings,646,162,250,mild,1,0
118,cold coffee and snacks,751,188,250,mild,1,0
118,cold coffee and snacks,517,130,250,mild,1,1
118,cold coffee and snacks,753,189,250,mild,1,0
118,cold coffee and snacks,137,35,250,mild,1,0
118,cold coffee and snacks,494,124,250,mild,1,0
118,cold coffee and snacks,744,186,250,mild,1,1
118,cold coffee and snacks,705,177,250,mild,0,0
118,cold coffee and snacks,42,11,250,mild,1,0
118,cold coffee and snacks,374,94,250,mild,1,1
118,cold coffee and snacks,647,162,250,mild,1,0
118,mild non spicy food for kids,544,136,250,mild,1,1
118,mild non spicy food for kids,737,185,250,mild,0,0
118,mild non spicy food for kids,125,32,250,mild,1,1
118,mild non spicy food for kids,178,45,250,mild,1,1
118,mild non spicy food for kids,207,52,250,mild,1,1
118,mild non spicy food for kids,369,93,250,mild,0,0
118,mild non spicy food for kids,354,89,250,mild,1,0
118,mild non spicy food for kids,564,141,250,mild,1,0
118,mild non spicy food for kids,569,143,250,mild,1,0
118,mild non spicy food for kids,66,17,250,mild,1,0
118,cheesy comfort food,159,40,250,mild,1,1
118,cheesy comfort food,441,111,250,mild,0,0
118,cheesy comfort food,250,63,250,mild,0,0
118,cheesy comfort food,255,64,250,mild,0,0
118,cheesy comfort food,372,93,250,mild,0,0
118,cheesy comfort food,120,30,250,mild,1,0
118,cheesy comfort food,331,83,250,mild,1,0
118,cheesy comfort food,513,129,250,mild,1,1
118,cheesy comfort food,712,178,250,mild,1,0
118,cheesy comfort food,126,32,250,mild,0,0
118,mild non spicy food for kids,336,84,250,mild,0,0
118,mild non spicy food for kids,307,77,250,mild,0,0
118,mild non spicy food for kids,784,196,250,mild,0,0
118,mild non spicy food for kids,114,29,250,mild,0,0
118,mild non spicy food for kids,5,2,250,mild,0,0
118,mild non spicy food for kids,622,156,250,mild,1,0
118,mild non spicy food for kids,752,188,250,mild,1,1
118,mild non spicy food for kids,616,154,250,mild,1,0
118,mild non spicy food for kids,737,185,250,mild,1,0
118,mild non spicy food for kids,467,117,250,mild,1,0
118,quick breakfast idea,498,125,250,mild,1,0
118,quick breakfast idea,66,17,250,mild,0,0
118,quick breakfast idea,75,19,250,mild,1,0
118,quick breakfast idea,488,122,250,mild,1,0
118,quick breakfast idea,694,174,250,mild,1,0
118,quick breakfast idea,552,138,250,mild,1,0
118,quick breakfast idea,31,8,250,mild,1,0
118,quick breakfast idea,580,145,250,mild,1,1
118,quick breakfast idea,320,80,250,mild,1,1
118,quick breakfast idea,616,154,250,mild,1,1
119,something spicy and cheap under 200,166,42,500,very spicy,1,0
119,something spicy and cheap under 200,654,164,500,very spicy,1,0
119,something spicy and cheap under 200,698,175,500,very spicy,1,0
119,something spicy and cheap under 200,194,49,500,very spicy,1,1
119,something spicy and cheap under 200,610,153,500,very spicy,1,1
119,something spicy and cheap under 200,485,122,500,very spicy,0,0
119,something spicy and cheap under 200,23,6,500,very spicy,0,0
119,something spicy and cheap under 200,459,115,500,very spicy,0,0
119,something spicy and cheap under 200,482,121,500,very spicy,0,0
119,something spicy and cheap under 200,518,130,500,very spicy,1,1
119,cold coffee and snacks,614,154,500,very spicy,1,1
119,cold coffee and snacks,668,167,500,very spicy,1,1
119,cold coffee and snacks,653,164,500,very spicy,1,1
119,cold coffee and snacks,197,50,500,very spicy,1,0
119,cold coffee and snacks,270,68,500,very spicy,1,1
119,cold coffee and snacks,662,166,500,very spicy,1,1
119,cold coffee and snacks,448,112,500,very spicy,1,1
119,cold coffee and snacks,762,191,500,very spicy,0,0
119,cold coffee and snacks,286,72,500,very spicy,1,1
119,cold coffee and snacks,718,180,500,very spicy,1,1
119,sweet dessert to end the meal,387,97,500,very spicy,1,1
119,sweet dessert to end the meal,433,109,500,very spicy,1,0
119,sweet dessert to end the meal,770,193,500,very spicy,1,1
119,sweet dessert to end the meal,612,153,500,very spicy,1,1
119,sweet dessert to end the meal,776,194,500,very spicy,0,0
119,sweet dessert to end the meal,470,118,500,very spicy,1,0
119,sweet dessert to end the meal,771,193,500,very spicy,1,0
119,sweet dessert to end the meal,427,107,500,very spicy,0,0
119,sweet dessert to end the meal,138,35,500,very spicy,1,0
119,sweet dessert to end the meal,559,140,500,very spicy,1,0
119,cheesy comfort food,256,64,500,very spicy,1,1
119,cheesy comfort food,223,56,500,very spicy,1,0
119,cheesy comfort food,610,153,500,very spicy,0,0
119,cheesy comfort food,799,200,500,very spicy,1,1
119,cheesy comfort food,747,187,500,very spicy,1,0
119,cheesy comfort food,729,183,500,very spicy,1,1
119,cheesy comfort food,562,141,500,very spicy,1,0
119,cheesy comfort food,174,44,500,very spicy,1,1
119,cheesy comfort food,355,89,500,very spicy,1,0
119,cheesy comfort food,378,95,500,very spicy,1,1
119,something spicy and cheap under 200,289,73,500,very spicy,1,1
119,something spicy and cheap under 200,476,119,500,very spicy,1,0
119,something spicy and cheap under 200,624,156,500,very spicy,0,0
119,something spicy and cheap under 200,74,19,500,very spicy,1,1
119,something spicy and cheap under 200,366,92,500,very spicy,1,0
119,something spicy and cheap under 200,64,16,500,very spicy,1,0
119,something spicy and cheap under 200,356,89,500,very spicy,1,1
119,something spicy and cheap under 200,174,44,500,very spicy,1,1
119,something spicy and cheap under 200,443,111,500,very spicy,1,1
119,something spicy and cheap under 200,329,83,500,very spicy,0,0
119,sweet dessert to end the meal,412,103,500,very spicy,1,1
119,sweet dessert to end the meal,342,86,500,very spicy,1,0
119,sweet dessert to end the meal,637,160,500,very spicy,0,0
119,sweet dessert to end the meal,287,72,500,very spicy,1,1
119,sweet dessert to end the meal,233,59,500,very spicy,1,1
119,sweet dessert to end the meal,405,102,500,very spicy,1,0
119,sweet dessert to end the meal,635,159,500,very spicy,1,1
119,sweet dessert to end the meal,59,15,500,very spicy,1,1
119,sweet dessert to end the meal,158,40,500,very spicy,1,0
119,sweet dessert to end the meal,187,47,500,very spicy,1,0
119,sweet dessert to end the meal,680,170,500,very spicy,1,0
119,sweet dessert to end the meal,431,108,500,very spicy,1,1
119,sweet dessert to end the meal,492,123,500,very spicy,1,0
119,sweet dessert to end the meal,396,99,500,very spicy,1,0
119,sweet dessert to end the meal,677,170,500,very spicy,1,1
119,sweet dessert to end the meal,42,11,500,very spicy,1,0
119,sweet dessert to end the meal,217,55,500,very spicy,1,0
119,sweet dessert to end the meal,755,189,500,very spicy,1,1
119,sweet dessert to end the meal,87,22,500,very spicy,1,0
119,sweet dessert to end the meal,444,111,500,very spicy,0,0
119,biryani under 300 rupees,721,181,500,very spicy,1,1
119,biryani under 300 rupees,236,59,500,very spicy,1,0
119,biryani under 300 rupees,757,190,500,very spicy,1,0
119,biryani under 300 rupees,199,50,500,very spicy,1,0
119,biryani under 300 rupees,683,171,500,very spicy,1,1
119,biryani under 300 rupees,450,113,500,very spicy,1,0
119,biryani under 300 rupees,240,60,500,very spicy,1,0
119,biryani under 300 rupees,249,63,500,very spicy,1,1
119,biryani under 300 rupees,743,186,500,very spicy,1,0
119,biryani under 300 rupees,42,11,500,very spicy,1,1
120,something spicy and cheap under 200,789,198,350,medium,0,0
120,something spicy and cheap under 200,18,5,350,medium,1,0
120,something spicy and cheap under 200,578,145,350,medium,0,0
120,something spicy and cheap under 200,799,200,350,medium,1,0
120,something spicy and cheap under 200,98,25,350,medium,1,0
120,something spicy and cheap under 200,453,114,350,medium,1,0
120,something spicy and cheap under 200,11,3,350,medium,1,0
120,something spicy and cheap under 200,727,182,350,medium,1,0
120,something spicy and cheap under 200,708,177,350,medium,0,0
120,something spicy and cheap under 200,271,68,350,medium,1,0
120,mild non spicy food for kids,309,78,350,medium,1,0
120,mild non spicy food for kids,729,183,350,medium,1,0
120,mild non spicy food for kids,488,122,350,medium,1,1
120,mild non spicy food for kids,289,73,350,medium,0,0
120,mild non spicy food for kids,600,150,350,medium,0,0
120,mild non spicy food for kids,90,23,350,medium,1,0
120,mild non spicy food for kids,762,191,350,medium,1,0
120,mild non spicy food for kids,345,87,350,medium,1,0
120,mild non spicy food for kids,467,117,350,medium,1,0
120,mild non spicy food for kids,737,185,350,medium,1,0
120,healthy light dinner option,45,12,350,medium,0,0
120,healthy light dinner option,292,73,350,medium,1,0
120,healthy light dinner option,168,42,350,medium,1,1
120,healthy light dinner option,310,78,350,medium,1,0
120,healthy light dinner option,574,144,350,medium,1,1
120,healthy light dinner option,575,144,350,medium,0,0
120,healthy light dinner option,735,184,350,medium,1,0
120,healthy light dinner option,646,162,350,medium,1,0
120,healthy light dinner option,127,32,350,medium,1,0
120,healthy light dinner option,531,133,350,medium,1,0
120,healthy light dinner option,666,167,350,medium,1,1
120,healthy light dinner option,190,48,350,medium,1,1
120,healthy light dinner option,305,77,350,medium,1,0
120,healthy light dinner option,781,196,350,medium,0,0
120,healthy light dinner option,220,55,350,medium,1,0
120,healthy light dinner option,165,42,350,medium,0,0
120,healthy light dinner option,281,71,350,medium,1,0
120,healthy light dinner option,121,31,350,medium,1,0
120,healthy light dinner option,437,110,350,medium,0,0
120,healthy light dinner option,329,83,350,medium,1,1
120,healthy light dinner option,720,180,350,medium,1,0
120,healthy light dinner option,581,146,350,medium,1,0
120,healthy light dinner option,119,30,350,medium,1,0
120,healthy light dinner option,522,131,350,medium,1,1
120,healthy light dinner option,288,72,350,medium,1,1
120,healthy light dinner option,721,181,350,medium,1,0
120,healthy light dinner option,185,47,350,medium,1,0
120,healthy light dinner option,327,82,350,medium,1,0
120,healthy light dinner option,217,55,350,medium,1,1
120,healthy light dinner option,402,101,350,medium,1,1
120,mild non spicy food for kids,208,52,350,medium,1,0
120,mild non spicy food for kids,672,168,350,medium,1,0
120,mild non spicy food for kids,367,92,350,medium,0,0
120,mild non spicy food for kids,614,154,350,medium,0,0
120,mild non spicy food for kids,613,154,350,medium,1,1
120,mild non spicy food for kids,539,135,350,medium,1,1
120,mild non spicy food for kids,7,2,350,medium,1,0
120,mild non spicy food for kids,793,199,350,medium,1,1
120,mild non spicy food for kids,790,198,350,medium,1,0
120,mild non spicy food for kids,517,130,350,medium,1,0
120,biryani under 300 rupees,381,96,350,medium,1,0
120,biryani under 300 rupees,312,78,350,medium,1,0
120,biryani under 300 rupees,303,76,350,medium,1,0
120,biryani under 300 rupees,558,140,350,medium,1,1
120,biryani under 300 rupees,73,19,350,medium,1,1
120,biryani under 300 rupees,82,21,350,medium,0,0
120,biryani under 300 rupees,259,65,350,medium,1,0
120,biryani under 300 rupees,194,49,350,medium,0,0
120,biryani under 300 rupees,189,48,350,medium,1,0
120,biryani under 300 rupees,39,10,350,medium,0,0
120,street food cravings,728,182,350,medium,1,1
120,street food cravings,317,80,350,medium,1,1
120,street food cravings,671,168,350,medium,1,1
120,street food cravings,261,66,350,medium,1,0
120,street food cravings,455,114,350,medium,1,1
120,street food cravings,766,192,350,medium,1,0
120,street food cravings,574,144,350,medium,1,1
120,street food cravings,138,35,350,medium,1,1
120,street food cravings,674,169,350,medium,1,0
120,street food cravings,391,98,350,medium,1,1
121,sweet dessert to end the meal,588,147,350,spicy,1,1
121,sweet dessert to end the meal,52,13,350,spicy,1,1
121,sweet dessert to end the meal,53,14,350,spicy,1,1
121,sweet dessert to end the meal,768,192,350,spicy,1,1
121,sweet dessert to end the meal,643,161,350,spicy,1,0
121,sweet dessert to end the meal,265,67,350,spicy,1,1
121,sweet dessert to end the meal,779,195,350,spicy,1,0
121,sweet dessert to end the meal,573,144,350,spicy,1,0
121,sweet dessert to end the meal,398,100,350,spicy,1,1
121,sweet dessert to end the meal,236,59,350,spicy,1,0
121,cold coffee and snacks,790,198,350,spicy,1,0
121,cold coffee and snacks,658,165,350,spicy,1,0
121,cold coffee and snacks,63,16,350,spicy,1,0
121,cold coffee and snacks,297,75,350,spicy,1,0
121,cold coffee and snacks,77,20,350,spicy,0,0
121,cold coffee and snacks,477,120,350,spicy,1,0
121,cold coffee and snacks,476,119,350,spicy,1,1
121,cold coffee and snacks,421,106,350,spicy,1,0
121,cold coffee and snacks,436,109,350,spicy,1,1
121,cold coffee and snacks,279,70,350,spicy,1,0
121,quick breakfast idea,321,81,350,spicy,1,1
121,quick breakfast idea,207,52,350,spicy,1,0
121,quick breakfast idea,682,171,350,spicy,1,0
121,quick breakfast idea,546,137,350,spicy,0,0
121,quick breakfast idea,67,17,350,spicy,1,0
121,quick breakfast idea,239,60,350,spicy,1,1
121,quick breakfast idea,9,3,350,spicy,1,0
121,quick breakfast idea,66,17,350,spicy,1,0
121,quick breakfast idea,137,35,350,spicy,1,1
121,quick breakfast idea,655,164,350,spicy,1,0
121,vegan friendly dinner,515,129,350,spicy,0,0
121,vegan friendly dinner,104,26,350,spicy,1,1
121,vegan friendly dinner,653,164,350,spicy,1,0
121,vegan friendly dinner,518,130,350,spicy,1,1
121,vegan friendly dinner,626,157,350,spicy,1,1
121,vegan friendly dinner,744,186,350,spicy,1,0
121,vegan friendly dinner,373,94,350,spicy,1,0
121,vegan friendly dinner,333,84,350,spicy,1,0
121,vegan friendly dinner,627,157,350,spicy,1,0
121,vegan friendly dinner,613,154,350,spicy,1,0
121,quick breakfast idea,399,100,350,spicy,1,0
121,quick breakfast idea,319,80,350,spicy,1,1
121,quick breakfast idea,742,186,350,spicy,0,0
121,quick breakfast idea,758,190,350,spicy,1,1
121,quick breakfast idea,510,128,350,spicy,0,0
121,quick breakfast idea,368,92,350,spicy,1,1
121,quick breakfast idea,573,144,350,spicy,1,0
121,quick breakfast idea,172,43,350,spicy,1,0
121,quick breakfast idea,316,79,350,spicy,1,0
121,quick breakfast idea,79,20,350,spicy,1,0
121,street food cravings,297,75,350,spicy,0,0
121,street food cravings,527,132,350,spicy,0,0
121,street food cravings,466,117,350,spicy,1,1
121,street food cravings,4,1,350,spicy,1,0
121,street food cravings,155,39,350,spicy,1,1
121,street food cravings,732,183,350,spicy,1,0
121,street food cravings,237,60,350,spicy,0,0
121,street food cravings,5,2,350,spicy,1,1
121,street food cravings,704,176,350,spicy,1,0
121,street food cravings,747,187,350,spicy,0,0
121,something spicy and cheap under 200,758,190,350,spicy,1,1
121,something spicy and cheap under 200,690,173,350,spicy,1,0
121,something spicy and cheap under 200,525,132,350,spicy,1,0
121,something spicy and cheap under 200,343,86,350,spicy,1,1
121,something spicy and cheap under 200,666,167,350,spicy,1,1
121,something spicy and cheap under 200,741,186,350,spicy,1,1
121,something spicy and cheap under 200,769,193,350,spicy,1,1
121,something spicy and cheap under 200,429,108,350,spicy,1,1
121,something spicy and cheap under 200,305,77,350,spicy,1,1
121,something spicy and cheap under 200,752,188,350,spicy,1,1
121,cheesy comfort food,626,157,350,spicy,1,0
121,cheesy comfort food,616,154,350,spicy,1,0
121,cheesy comfort food,597,150,350,spicy,1,1
121,cheesy comfort food,520,130,350,spicy,1,1
121,cheesy comfort food,749,188,350,spicy,1,0
121,cheesy comfort food,398,100,350,spicy,1,0
121,cheesy comfort food,283,71,350,spicy,1,1
121,cheesy comfort food,128,32,350,spicy,1,1
121,cheesy comfort food,496,124,350,spicy,1,0
121,cheesy comfort food,93,24,350,spicy,1,0
122,something spicy and cheap under 200,766,192,500,mild,0,0
122,something spicy and cheap under 200,499,125,500,mild,1,1
122,something spicy and cheap under 200,749,188,500,mild,1,0
122,something spicy and cheap under 200,586,147,500,mild,1,0
122,something spicy and cheap under 200,5,2,500,mild,1,0
122,something spicy and cheap under 200,614,154,500,mild,1,1
122,something spicy and cheap under 200,474,119,500,mild,1,1
122,something spicy and cheap under 200,560,140,500,mild,1,0
122,something spicy and cheap under 200,683,171,500,mild,1,0
122,something spicy and cheap under 200,573,144,500,mild,1,1
122,cheesy comfort food,162,41,500,mild,0,0
122,cheesy comfort food,106,27,500,mild,1,1
122,cheesy comfort food,545,137,500,mild,0,0
122,cheesy comfort food,343,86,500,mild,1,1
122,cheesy comfort food,374,94,500,mild,1,0
122,cheesy comfort food,503,126,500,mild,1,0
122,cheesy comfort food,359,90,500,mild,1,0
122,cheesy comfort food,349,88,500,mild,1,0
122,cheesy comfort food,775,194,500,mild,1,1
122,cheesy comfort food,430,108,500,mild,0,0
122,mild non spicy food for kids,681,171,500,mild,0,0
122,mild non spicy food for kids,288,72,500,mild,0,0
122,mild non spicy food for kids,625,157,500,mild,1,1
122,mild non spicy food for kids,797,200,500,mild,1,0
122,mild non spicy food for kids,429,108,500,mild,1,0
122,mild non spicy food for kids,702,176,500,mild,1,0
122,mild non spicy food for kids,195,49,500,mild,1,1
122,mild non spicy food for kids,160,40,500,mild,1,1
122,mild non spicy food for kids,142,36,500,mild,1,1
122,mild non spicy food for kids,170,43,500,mild,1,0
122,cold coffee and snacks,15,4,500,mild,1,0
122,cold coffee and snacks,360,90,500,mild,1,0
122,cold coffee and snacks,258,65,500,mild,0,0
122,cold coffee and snacks,442,111,500,mild,1,1
122,cold coffee and snacks,93,24,500,mild,1,1
122,cold coffee and snacks,788,197,500,mild,1,1
122,cold coffee and snacks,495,124,500,mild,1,1
122,cold coffee and snacks,471,118,500,mild,1,0
122,cold coffee and snacks,64,16,500,mild,1,1
122,cold coffee and snacks,330,83,500,mild,1,1
122,biryani under 300 rupees,102,26,500,mild,1,0
122,biryani under 300 rupees,252,63,500,mild,1,0
122,biryani under 300 rupees,74,19,500,mild,1,1
122,biryani under 300 rupees,735,184,500,mild,1,0
122,biryani under 300 rupees,260,65,500,mild,1,0
122,biryani under 300 rupees,155,39,500,mild,1,0
122,biryani under 300 rupees,573,144,500,mild,1,0
122,biryani under 300 rupees,235,59,500,mild,1,1
122,biryani under 300 rupees,403,101,500,mild,1,1
122,biryani under 300 rupees,192,48,500,mild,1,1
122,healthy light dinner option,375,94,500,mild,1,0
122,healthy light dinner option,679,170,500,mild,1,1
122,healthy light dinner option,693,174,500,mild,0,0
122,healthy light dinner option,134,34,500,mild,1,0
122,healthy light dinner option,475,119,500,mild,1,0
122,healthy light dinner option,794,199,500,mild,1,0
122,healthy light dinner option,178,45,500,mild,1,1
122,healthy light dinner option,133,34,500,mild,0,0
122,healthy light dinner option,384,96,500,mild,1,0
122,healthy light dinner option,293,74,500,mild,1,1
122,healthy light dinner option,356,89,500,mild,0,0
122,healthy light dinner option,650,163,500,mild,1,0
122,healthy light dinner option,107,27,500,mild,1,1
122,healthy light dinner option,321,81,500,mild,1,1
122,healthy light dinner option,119,30,500,mild,1,0
122,healthy light dinner option,69,18,500,mild,1,0
122,healthy light dinner option,474,119,500,mild,1,0
122,healthy light dinner option,796,199,500,mild,1,1
122,healthy light dinner option,522,131,500,mild,1,0
122,healthy light dinner option,238,60,500,mild,1,0
122,something spicy and cheap under 200,704,176,500,mild,1,0
122,something spicy and cheap under 200,748,187,500,mild,1,1
122,something spicy and cheap under 200,458,115,500,mild,0,0
122,something spicy and cheap under 200,362,91,500,mild,1,0
122,something spicy and cheap under 200,124,31,500,mild,1,0
122,something spicy and cheap under 200,553,139,500,mild,1,1
122,something spicy and cheap under 200,587,147,500,mild,1,1
122,something spicy and cheap under 200,419,105,500,mild,0,0
122,something spicy and cheap under 200,13,4,500,mild,1,0
122,something spicy and cheap under 200,106,27,500,mild,1,0
123,vegan friendly dinner,428,107,150,very spicy,0,0
123,vegan friendly dinner,741,186,150,very spicy,0,0
123,vegan friendly dinner,353,89,150,very spicy,1,0
123,vegan friendly dinner,694,174,150,very spicy,1,0
123,vegan friendly dinner,500,125,150,very spicy,1,0
123,vegan friendly dinner,350,88,150,very spicy,0,0
123,vegan friendly dinner,380,95,150,very spicy,1,1
123,vegan friendly dinner,733,184,150,very spicy,0,0
123,vegan friendly dinner,704,176,150,very spicy,1,0
123,vegan friendly dinner,554,139,150,very spicy,0,0
123,street food cravings,21,6,150,very spicy,0,0
123,street food cravings,764,191,150,very spicy,1,0
123,street food cravings,671,168,150,very spicy,1,0
123,street food cravings,771,193,150,very spicy,1,1
123,street food cravings,457,115,150,very spicy,1,0
123,street food cravings,782,196,150,very spicy,0,0
123,street food cravings,593,149,150,very spicy,0,0
123,street food cravings,371,93,150,very spicy,1,0
123,street food cravings,10,3,150,very spicy,1,0
123,street food cravings,471,118,150,very spicy,1,0
123,biryani under 300 rupees,103,26,150,very spicy,1,0
123,biryani under 300 rupees,473,119,150,very spicy,1,0
123,biryani under 300 rupees,705,177,150,very spicy,1,0
123,biryani under 300 rupees,710,178,150,very spicy,1,0
123,biryani under 300 rupees,781,196,150,very spicy,1,1
123,biryani under 300 rupees,145,37,150,very spicy,1,0
123,biryani under 300 rupees,540,135,150,very spicy,1,1
123,biryani under 300 rupees,669,168,150,very spicy,1,0
123,biryani under 300 rupees,613,154,150,very spicy,0,0
123,biryani under 300 rupees,768,192,150,very spicy,1,0
123,something spicy and cheap under 200,560,140,150,very spicy,0,0
123,something spicy and cheap under 200,495,124,150,very spicy,1,1
123,something spicy and cheap under 200,708,177,150,very spicy,1,0
123,something spicy and cheap under 200,8,2,150,very spicy,0,0
123,something spicy and cheap under 200,445,112,150,very spicy,1,0
123,something spicy and cheap under 200,530,133,150,very spicy,1,1
123,something spicy and cheap under 200,31,8,150,very spicy,0,0
123,something spicy and cheap under 200,282,71,150,very spicy,1,1
123,something spicy and cheap under 200,312,78,150,very spicy,1,0
123,something spicy and cheap under 200,696,174,150,very spicy,1,0
123,cold coffee and snacks,663,166,150,very spicy,0,0
123,cold coffee and snacks,165,42,150,very spicy,0,0
123,cold coffee and snacks,328,82,150,very spicy,1,0
123,cold coffee and snacks,44,11,150,very spicy,0,0
123,cold coffee and snacks,324,81,150,very spicy,1,1
123,cold coffee and snacks,381,96,150,very spicy,1,1
123,cold coffee and snacks,399,100,150,very spicy,1,0
123,cold coffee and snacks,309,78,150,very spicy,1,0
123,cold coffee and snacks,119,30,150,very spicy,1,0
123,cold coffee and snacks,239,60,150,very spicy,1,0
123,quick breakfast idea,58,15,150,very spicy,1,0
123,quick breakfast idea,723,181,150,very spicy,0,0
123,quick breakfast idea,272,68,150,very spicy,1,1
123,quick breakfast idea,383,96,150,very spicy,0,0
123,quick breakfast idea,244,61,150,very spicy,1,0
123,quick breakfast idea,271,68,150,very spicy,1,1
123,quick breakfast idea,679,170,150,very spicy,1,0
123,quick breakfast idea,648,162,150,very spicy,0,0
123,quick breakfast idea,609,153,150,very spicy,1,0
123,quick breakfast idea,8,2,150,very spicy,1,0
123,something spicy and cheap under 200,140,35,150,very spicy,0,0
123,something spicy and cheap under 200,656,164,150,very spicy,1,1
123,something spicy and cheap under 200,187,47,150,very spicy,1,1
123,something spicy and cheap under 200,138,35,150,very spicy,1,1
123,something spicy and cheap under 200,753,189,150,very spicy,0,0
123,something spicy and cheap under 200,50,13,150,very spicy,1,0
123,something spicy and cheap under 200,210,53,150,very spicy,0,0
123,something spicy and cheap under 200,646,162,150,very spicy,0,0
123,something spicy and cheap under 200,799,200,150,very spicy,1,0
123,something spicy and cheap under 200,784,196,150,very spicy,0,0
123,something spicy and cheap under 200,444,111,150,very spicy,1,1
123,something spicy and cheap under 200,124,31,150,very spicy,1,1
123,something spicy and cheap under 200,492,123,150,very spicy,0,0
123,something spicy and cheap under 200,351,88,150,very spicy,1,0
123,something spicy and cheap under 200,759,190,150,very spicy,1,0
123,something spicy and cheap under 200,653,164,150,very spicy,0,0
123,something spicy and cheap under 200,125,32,150,very spicy,1,1
123,something spicy and cheap under 200,782,196,150,very spicy,0,0
123,something spicy and cheap under 200,216,54,150,very spicy,1,0
123,something spicy and cheap under 200,93,24,150,very spicy,1,0
124,quick breakfast idea,91,23,350,spicy,0,0
124,quick breakfast idea,221,56,350,spicy,1,1
124,quick breakfast idea,502,126,350,spicy,1,1
124,quick breakfast idea,752,188,350,spicy,1,1
124,quick breakfast idea,311,78,350,spicy,1,0
124,quick breakfast idea,274,69,350,spicy,1,0
124,quick breakfast idea,60,15,350,spicy,1,1
124,quick breakfast idea,285,72,350,spicy,1,1
124,quick breakfast idea,90,23,350,spicy,1,0
124,quick breakfast idea,723,181,350,spicy,0,0
124,street food cravings,660,165,350,spicy,1,1
124,street food cravings,515,129,350,spicy,0,0
124,street food cravings,625,157,350,spicy,0,0
124,street food cravings,428,107,350,spicy,0,0
124,street food cravings,509,128,350,spicy,1,0
124,street food cravings,176,44,350,spicy,0,0
124,street food cravings,99,25,350,spicy,1,0
124,street food cravings,193,49,350,spicy,1,0
124,street food cravings,55,14,350,spicy,1,1
124,street food cravings,604,151,350,spicy,1,1
124,sweet dessert to end the meal,18,5,350,spicy,1,0
124,sweet dessert to end the meal,171,43,350,spicy,1,1
124,sweet dessert to end the meal,695,174,350,spicy,0,0
124,sweet dessert to end the meal,133,34,350,spicy,0,0
124,sweet dessert to end the meal,708,177,350,spicy,1,0
124,sweet dessert to end the meal,134,34,350,spicy,0,0
124,sweet dessert to end the meal,336,84,350,spicy,1,0
124,sweet dessert to end the meal,377,95,350,spicy,0,0
124,sweet dessert to end the meal,340,85,350,spicy,1,0
124,sweet dessert to end the meal,315,79,350,spicy,1,0
124,quick breakfast idea,238,60,350,spicy,1,0
124,quick breakfast idea,28,7,350,spicy,0,0
124,quick breakfast idea,679,170,350,spicy,1,0
124,quick breakfast idea,221,56,350,spicy,1,0
124,quick breakfast idea,207,52,350,spicy,0,0
124,quick breakfast idea,47,12,350,spicy,1,0
124,quick breakfast idea,313,79,350,spicy,1,0
124,quick breakfast idea,576,144,350,spicy,1,0
124,quick breakfast idea,130,33,350,spicy,0,0
124,quick breakfast idea,45,12,350,spicy,1,0
124,cold coffee and snacks,594,149,350,spicy,0,0
124,cold coffee and snacks,446,112,350,spicy,1,0
124,cold coffee and snacks,694,174,350,spicy,0,0
124,cold coffee and snacks,647,162,350,spicy,1,0
124,cold coffee and snacks,412,103,350,spicy,1,0
124,cold coffee and snacks,779,195,350,spicy,0,0
124,cold coffee and snacks,224,56,350,spicy,1,1
124,cold coffee and snacks,330,83,350,spicy,1,1
124,cold coffee and snacks,16,4,350,spicy,1,1
124,cold coffee and snacks,5,2,350,spicy,1,0
124,something spicy and cheap under 200,383,96,350,spicy,1,0
124,something spicy and cheap under 200,753,189,350,spicy,1,0
124,something spicy and cheap under 200,533,134,350,spicy,1,0
124,something spicy and cheap under 200,521,131,350,spicy,1,0
124,something spicy and cheap under 200,679,170,350,spicy,0,0
124,something spicy and cheap under 200,564,141,350,spicy,1,0
124,something spicy and cheap under 200,227,57,350,spicy,1,0
124,something spicy and cheap under 200,691,173,350,spicy,1,1
124,something spicy and cheap under 200,334,84,350,spicy,1,0
124,something spicy and cheap under 200,233,59,350,spicy,1,0
124,cold coffee and snacks,192,48,350,spicy,1,1
124,cold coffee and snacks,406,102,350,spicy,1,1
124,cold coffee and snacks,258,65,350,spicy,0,0
124,cold coffee and snacks,379,95,350,spicy,1,0
124,cold coffee and snacks,37,10,350,spicy,1,0
124,cold coffee and snacks,564,141,350,spicy,1,0
124,cold coffee and snacks,785,197,350,spicy,1,0
124,cold coffee and snacks,795,199,350,spicy,1,0
124,cold coffee and snacks,2,1,350,spicy,1,0
124,cold coffee and snacks,244,61,350,spicy,0,0
124,street food cravings,338,85,350,spicy,1,0
124,street food cravings,87,22,350,spicy,1,0
124,street food cravings,18,5,350,spicy,1,1
124,street food cravings,59,15,350,spicy,1,0
124,street food cravings,714,179,350,spicy,1,0
124,street food cravings,414,104,350,spicy,1,1
124,street food cravings,468,117,350,spicy,1,1
124,street food cravings,431,108,350,spicy,1,0
124,street food cravings,548,137,350,spicy,1,1
124,street food cravings,335,84,350,spicy,1,0
125,biryani under 300 rupees,332,83,250,mild,1,1
125,biryani under 300 rupees,746,187,250,mild,0,0
125,biryani under 300 rupees,647,162,250,mild,1,1
125,biryani under 300 rupees,79,20,250,mild,1,1
125,biryani under 300 rupees,550,138,250,mild,1,0
125,biryani under 300 rupees,567,142,250,mild,1,1
125,biryani under 300 rupees,221,56,250,mild,1,1
125,biryani under 300 rupees,108,27,250,mild,1,1
125,biryani under 300 rupees,73,19,250,mild,1,1
125,biryani under 300 rupees,76,19,250,mild,1,1
125,sweet dessert to end the meal,555,139,250,mild,1,1
125,sweet dessert to end the meal,9,3,250,mild,1,1
125,sweet dessert to end the meal,322,81,250,mild,0,0
125,sweet dessert to end the meal,449,113,250,mild,0,0
125,sweet dessert to end the meal,779,195,250,mild,1,1
125,sweet dessert to end the meal,301,76,250,mild,0,0
125,sweet dessert to end the meal,703,176,250,mild,0,0
125,sweet dessert to end the meal,386,97,250,mild,1,0
125,sweet dessert to end the meal,503,126,250,mild,1,1
125,sweet dessert to end the meal,546,137,250,mild,0,0
125,mild non spicy food for kids,706,177,250,mild,0,0
125,mild non spicy food for kids,21,6,250,mild,0,0
125,mild non spicy food for kids,713,179,250,mild,1,0
125,mild non spicy food for kids,353,89,250,mild,1,1
125,mild non spicy food for kids,436,109,250,mild,1,0
125,mild non spicy food for kids,160,40,250,mild,0,0
125,mild non spicy food for kids,118,30,250,mild,1,1
125,mild non spicy food for kids,252,63,250,mild,0,0
125,mild non spicy food for kids,642,161,250,mild,1,1
125,mild non spicy food for kids,215,54,250,mild,1,1
125,cheesy comfort food,481,121,250,mild,1,0
125,cheesy comfort food,242,61,250,mild,1,0
125,cheesy comfort food,609,153,250,mild,1,0
125,cheesy comfort food,414,104,250,mild,1,0
125,cheesy comfort food,762,191,250,mild,1,1
125,cheesy comfort food,338,85,250,mild,0,0
125,cheesy comfort food,407,102,250,mild,1,0
125,cheesy comfort food,584,146,250,mild,0,0
125,cheesy comfort food,800,200,250,mild,0,0
125,cheesy comfort food,255,64,250,mild,1,1
125,quick breakfast idea,764,191,250,mild,0,0
125,quick breakfast idea,503,126,250,mild,1,0
125,quick breakfast idea,18,5,250,mild,1,1
125,quick breakfast idea,167,42,250,mild,0,0
125,quick breakfast idea,527,132,250,mild,1,0
125,quick breakfast idea,715,179,250,mild,1,0
125,quick breakfast idea,529,133,250,mild,1,1
125,quick breakfast idea,734,184,250,mild,1,0
125,quick breakfast idea,36,9,250,mild,1,0
125,quick breakfast idea,767,192,250,mild,1,0
125,street food cravings,370,93,250,mild,1,0
125,street food cravings,482,121,250,mild,1,0
125,street food cravings,302,76,250,mild,0,0
125,street food cravings,706,177,250,mild,0,0
125,street food cravings,168,42,250,mild,1,1
125,street food cravings,184,46,250,mild,0,0
125,street food cravings,449,113,250,mild,1,1
125,street food cravings,788,197,250,mild,1,1
125,street food cravings,16,4,250,mild,1,0
125,street food cravings,598,150,250,mild,0,0
125,street food cravings,681,171,250,mild,0,0
125,street food cravings,375,94,250,mild,1,0
125,street food cravings,425,107,250,mild,0,0
125,street food cravings,781,196,250,mild,0,0
125,street food cravings,215,54,250,mild,0,0
125,street food cravings,583,146,250,mild,1,1
125,street food cravings,229,58,250,mild,0,0
125,street food cravings,128,32,250,mild,1,0
125,street food cravings,361,91,250,mild,1,1
125,street food cravings,213,54,250,mild,1,1
125,cheesy comfort food,72,18,250,mild,1,0
125,cheesy comfort food,514,129,250,mild,1,0
125,cheesy comfort food,136,34,250,mild,1,1
125,cheesy comfort food,67,17,250,mild,1,0
125,cheesy comfort food,757,190,250,mild,1,1
125,cheesy comfort food,92,23,250,mild,1,1
125,cheesy comfort food,196,49,250,mild,1,1
125,cheesy comfort food,250,63,250,mild,0,0
125,cheesy comfort food,330,83,250,mild,1,0
125,cheesy comfort food,639,160,250,mild,0,0
126,cheesy comfort food,31,8,150,medium,0,0
126,cheesy comfort food,205,52,150,medium,1,1
126,cheesy comfort food,84,21,150,medium,0,0
126,cheesy comfort food,130,33,150,medium,1,1
126,cheesy comfort food,230,58,150,medium,0,0
126,cheesy comfort food,96,24,150,medium,1,1
126,cheesy comfort food,761,191,150,medium,1,1
126,cheesy comfort food,302,76,150,medium,1,1
126,cheesy comfort food,169,43,150,medium,0,0
126,cheesy comfort food,83,21,150,medium,0,0
126,street food cravings,265,67,150,medium,0,0
126,street food cravings,252,63,150,medium,1,0
126,street food cravings,220,55,150,medium,1,0
126,street food cravings,598,150,150,medium,0,0
126,street food cravings,71,18,150,medium,0,0
126,street food cravings,504,126,150,medium,0,0
126,street food cravings,535,134,150,medium,1,1
126,street food cravings,524,131,150,medium,1,1
126,street food cravings,196,49,150,medium,1,1
126,street food cravings,249,63,150,medium,1,1
126,mild non spicy food for kids,662,166,150,medium,1,1
126,mild non spicy food for kids,527,132,150,medium,1,1
126,mild non spicy food for kids,170,43,150,medium,0,0
126,mild non spicy food for kids,755,189,150,medium,1,0
126,mild non spicy food for kids,255,64,150,medium,1,0
126,mild non spicy food for kids,159,40,150,medium,1,1
126,mild non spicy food for kids,136,34,150,medium,1,0
126,mild non spicy food for kids,544,136,150,medium,0,0
126,mild non spicy food for kids,515,129,150,medium,0,0
126,mild non spicy food for kids,435,109,150,medium,0,0
126,sweet dessert to end the meal,754,189,150,medium,0,0
126,sweet dessert to end the meal,468,117,150,medium,1,0
126,sweet dessert to end the meal,264,66,150,medium,1,1
126,sweet dessert to end the meal,534,134,150,medium,1,0
126,sweet dessert to end the meal,44,11,150,medium,1,0
126,sweet dessert to end the meal,256,64,150,medium,1,1
126,sweet dessert to end the meal,631,158,150,medium,0,0
126,sweet dessert to end the meal,382,96,150,medium,0,0
126,sweet dessert to end the meal,503,126,150,medium,0,0
126,sweet dessert to end the meal,637,160,150,medium,0,0
126,something spicy and cheap under 200,603,151,150,medium,1,0
126,something spicy and cheap under 200,91,23,150,medium,0,0
126,something spicy and cheap under 200,527,132,150,medium,0,0
126,something spicy and cheap under 200,357,90,150,medium,1,1
126,something spicy and cheap under 200,242,61,150,medium,1,1
126,something spicy and cheap under 200,26,7,150,medium,0,0
126,something spicy and cheap under 200,625,157,150,medium,1,1
126,something spicy and cheap under 200,492,123,150,medium,0,0
126,something spicy and cheap under 200,745,187,150,medium,1,0
126,something spicy and cheap under 200,789,198,150,medium,0,0
126,mild non spicy food for kids,623,156,150,medium,1,0
126,mild non spicy food for kids,397,100,150,medium,0,0
126,mild non spicy food for kids,5,2,150,medium,1,0
126,mild non spicy food for kids,542,136,150,medium,0,0
126,mild non spicy food for kids,166,42,150,medium,1,0
126,mild non spicy food for kids,69,18,150,medium,1,1
126,mild non spicy food for kids,149,38,150,medium,1,1
126,mild non spicy food for kids,250,63,150,medium,1,1
126,mild non spicy food for kids,32,8,150,medium,0,0
126,mild non spicy food for kids,454,114,150,medium,0,0
126,sweet dessert to end the meal,130,33,150,medium,0,0
126,sweet dessert to end the meal,258,65,150,medium,0,0
126,sweet dessert to end the meal,705,177,150,medium,0,0
126,sweet dessert to end the meal,478,120,150,medium,1,0
126,sweet dessert to end the meal,4,1,150,medium,1,1
126,sweet dessert to end the meal,542,136,150,medium,1,0
126,sweet dessert to end the meal,342,86,150,medium,0,0
126,sweet dessert to end the meal,384,96,150,medium,0,0
126,sweet dessert to end the meal,172,43,150,medium,0,0
126,sweet dessert to end the meal,376,94,150,medium,1,1
126,mild non spicy food for kids,406,102,150,medium,0,0
126,mild non spicy food for kids,743,186,150,medium,1,0
126,mild non spicy food for kids,549,138,150,medium,0,0
126,mild non spicy food for kids,63,16,150,medium,1,0
126,mild non spicy food for kids,289,73,150,medium,1,1
126,mild non spicy food for kids,623,156,150,medium,1,1
126,mild non spicy food for kids,711,178,150,medium,1,1
126,mild non spicy food for kids,291,73,150,medium,1,0
126,mild non spicy food for kids,450,113,150,medium,1,0
126,mild non spicy food for kids,758,190,150,medium,1,1
127,something spicy and cheap under 200,674,169,500,mild,1,0
127,something spicy and cheap under 200,152,38,500,mild,1,1
127,something spicy and cheap under 200,483,121,500,mild,1,0
127,something spicy and cheap under 200,65,17,500,mild,1,1
127,something spicy and cheap under 200,513,129,500,mild,1,0
127,something spicy and cheap under 200,338,85,500,mild,0,0
127,something spicy and cheap under 200,336,84,500,mild,1,0
127,something spicy and cheap under 200,653,164,500,mild,1,1
127,something spicy and cheap under 200,279,70,500,mild,1,1
127,something spicy and cheap under 200,71,18,500,mild,1,1
127,biryani under 300 rupees,337,85,500,mild,1,0
127,biryani under 300 rupees,213,54,500,mild,0,0
127,biryani under 300 rupees,181,46,500,mild,1,1
127,biryani under 300 rupees,18,5,500,mild,1,0
127,biryani under 300 rupees,354,89,500,mild,1,1
127,biryani under 300 rupees,465,117,500,mild,1,0
127,biryani under 300 rupees,38,10,500,mild,1,0
127,biryani under 300 rupees,609,153,500,mild,1,0
127,biryani under 300 rupees,396,99,500,mild,1,0
127,biryani under 300 rupees,585,147,500,mild,1,1
127,sweet dessert to end the meal,143,36,500,mild,1,0
127,sweet dessert to end the meal,203,51,500,mild,1,0
127,sweet dessert to end the meal,448,112,500,mild,1,0
127,sweet dessert to end the meal,304,76,500,mild,1,1
127,sweet dessert to end the meal,735,184,500,mild,0,0
127,sweet dessert to end the meal,685,172,500,mild,1,1
127,sweet dessert to end the meal,135,34,500,mild,1,1
127,sweet dessert to end the meal,385,97,500,mild,1,0
127,sweet dessert to end the meal,165,42,500,mild,1,0
127,sweet dessert to end the meal,62,16,500,mild,1,0
127,mild non spicy food for kids,760,190,500,mild,1,0
127,mild non spicy food for kids,717,180,500,mild,1,1
127,mild non spicy food for kids,395,99,500,mild,0,0
127,mild non spicy food for kids,571,143,500,mild,1,0
127,mild non spicy food for kids,575,144,500,mild,1,0
127,mild non spicy food for kids,652,163,500,mild,1,0
127,mild non spicy food for kids,712,178,500,mild,1,0
127,mild non spicy food for kids,179,45,500,mild,0,0
127,mild non spicy food for kids,218,55,500,mild,1,1
127,mild non spicy food for kids,514,129,500,mild,1,0
127,cold coffee and snacks,659,165,500,mild,1,0
127,cold coffee and snacks,753,189,500,mild,1,0
127,cold coffee and snacks,600,150,500,mild,1,0
127,cold coffee and snacks,8,2,500,mild,1,0
127,cold coffee and snacks,478,120,500,mild,1,1
127,cold coffee and snacks,779,195,500,mild,1,1
127,cold coffee and snacks,251,63,500,mild,0,0
127,cold coffee and snacks,566,142,500,mild,1,1
127,cold coffee and snacks,302,76,500,mild,1,1
127,cold coffee and snacks,477,120,500,mild,1,0
127,mild non spicy food for kids,108,27,500,mild,1,0
127,mild non spicy food for kids,61,16,500,mild,1,0
127,mild non spicy food for kids,427,107,500,mild,1,0
127,mild non spicy food for kids,178,45,500,mild,0,0
127,mild non spicy food for kids,164,41,500,mild,1,1
127,mild non spicy food for kids,153,39,500,mild,1,0
127,mild non spicy food for kids,325,82,500,mild,1,1
127,mild non spicy food for kids,489,123,500,mild,0,0
127,mild non spicy food for kids,418,105,500,mild,1,1
127,mild non spicy food for kids,556,139,500,mild,1,0
127,something spicy and cheap under 200,477,120,500,mild,1,0
127,something spicy and cheap under 200,272,68,500,mild,1,1
127,something spicy and cheap under 200,727,182,500,mild,1,0
127,something spicy and cheap under 200,485,122,500,mild,1,0
127,something spicy and cheap under 200,381,96,500,mild,1,0
127,something spicy and cheap under 200,288,72,500,mild,1,1
127,something spicy and cheap under 200,320,80,500,mild,1,1
127,something spicy and cheap under 200,415,104,500,mild,0,0
127,something spicy and cheap under 200,741,186,500,mild,1,1
127,something spicy and cheap under 200,507,127,500,mild,1,1
127,quick breakfast idea,243,61,500,mild,1,0
127,quick breakfast idea,457,115,500,mild,0,0
127,quick breakfast idea,126,32,500,mild,1,0
127,quick breakfast idea,456,114,500,mild,1,1
127,quick breakfast idea,317,80,500,mild,1,1
127,quick breakfast idea,445,112,500,mild,1,0
127,quick breakfast idea,192,48,500,mild,0,0
127,quick breakfast idea,228,57,500,mild,1,1
127,quick breakfast idea,682,171,500,mild,1,0
127,quick breakfast idea,508,127,500,mild,1,0
128,mild non spicy food for kids,398,100,500,spicy,1,1
128,mild non spicy food for kids,299,75,500,spicy,0,0
128,mild non spicy food for kids,298,75,500,spicy,1,0
128,mild non spicy food for kids,420,105,500,spicy,1,0
128,mild non spicy food for kids,728,182,500,spicy,1,0
128,mild non spicy food for kids,100,25,500,spicy,1,1
128,mild non spicy food for kids,168,42,500,spicy,1,0
128,mild non spicy food for kids,739,185,500,spicy,0,0
128,mild non spicy food for kids,532,133,500,spicy,1,0
128,mild non spicy food for kids,279,70,500,spicy,1,0
128,vegan friendly dinner,722,181,500,spicy,1,1
128,vegan friendly dinner,101,26,500,spicy,1,0
128,vegan friendly dinner,14,4,500,spicy,0,0
128,vegan friendly dinner,410,103,500,spicy,1,0
128,vegan friendly dinner,243,61,500,spicy,1,0
128,vegan friendly dinner,111,28,500,spicy,1,0
128,vegan friendly dinner,505,127,500,spicy,1,0
128,vegan friendly dinner,539,135,500,spicy,0,0
128,vegan friendly dinner,409,103,500,spicy,1,1
128,vegan friendly dinner,82,21,500,spicy,1,0
128,biryani under 300 rupees,164,41,500,spicy,1,0
128,biryani under 300 rupees,82,21,500,spicy,1,0
128,biryani under 300 rupees,550,138,500,spicy,0,0
128,biryani under 300 rupees,530,133,500,spicy,0,0
128,biryani under 300 rupees,746,187,500,spicy,1,1
128,biryani under 300 rupees,345,87,500,spicy,1,0
128,biryani under 300 rupees,581,146,500,spicy,1,0
128,biryani under 300 rupees,565,142,500,spicy,1,0
128,biryani under 300 rupees,326,82,500,spicy,1,1
128,biryani under 300 rupees,488,122,500,spicy,1,0
128,vegan friendly dinner,249,63,500,spicy,1,1
128,vegan friendly dinner,27,7,500,spicy,1,1
128,vegan friendly dinner,603,151,500,spicy,1,1
128,vegan friendly dinner,771,193,500,spicy,1,0
128,vegan friendly dinner,38,10,500,spicy,1,0
128,vegan friendly dinner,739,185,500,spicy,1,0
128,vegan friendly dinner,268,67,500,spicy,0,0
128,vegan friendly dinner,84,21,500,spicy,1,1
128,vegan friendly dinner,293,74,500,spicy,1,0
128,vegan friendly dinner,85,22,500,spicy,1,1
128,street food cravings,328,82,500,spicy,0,0
128,street food cravings,551,138,500,spicy,1,0
128,street food cravings,784,196,500,spicy,1,0
128,street food cravings,45,12,500,spicy,1,1
128,street food cravings,652,163,500,spicy,1,1
128,street food cravings,629,158,500,spicy,1,0
128,street food cravings,342,86,500,spicy,1,1
128,street food cravings,232,58,500,spicy,1,0
128,street food cravings,302,76,500,spicy,1,0
128,street food cravings,408,102,500,spicy,1,0
128,quick breakfast idea,524,131,500,spicy,0,0
128,quick breakfast idea,583,146,500,spicy,1,1
128,quick breakfast idea,181,46,500,spicy,1,0
128,quick breakfast idea,2,1,500,spicy,1,1
128,quick breakfast idea,313,79,500,spicy,1,0
128,quick breakfast idea,495,124,500,spicy,1,1
128,quick breakfast idea,656,164,500,spicy,1,0
128,quick breakfast idea,170,43,500,spicy,1,1
128,quick breakfast idea,22,6,500,spicy,1,0
128,quick breakfast idea,622,156,500,spicy,1,1
128,biryani under 300 rupees,721,181,500,spicy,1,1
128,biryani under 300 rupees,611,153,500,spicy,1,1
128,biryani under 300 rupees,519,130,500,spicy,1,0
128,biryani under 300 rupees,51,13,500,spicy,1,0
128,biryani under 300 rupees,676,169,500,spicy,0,0
128,biryani under 300 rupees,465,117,500,spicy,1,0
128,biryani under 300 rupees,23,6,500,spicy,1,1
128,biryani under 300 rupees,788,197,500,spicy,1,1
128,biryani under 300 rupees,217,55,500,spicy,1,0
128,biryani under 300 rupees,363,91,500,spicy,1,1
128,quick breakfast idea,419,105,500,spicy,1,1
128,quick breakfast idea,686,172,500,spicy,1,1
128,quick breakfast idea,97,25,500,spicy,1,1
128,quick breakfast idea,702,176,500,spicy,0,0
128,quick breakfast idea,186,47,500,spicy,1,0
128,quick breakfast idea,199,50,500,spicy,1,1
128,quick breakfast idea,39,10,500,spicy,1,0
128,quick breakfast idea,564,141,500,spicy,1,0
128,quick breakfast idea,486,122,500,spicy,0,0
128,quick breakfast idea,685,172,500,spicy,1,0
129,sweet dessert to end the meal,130,33,350,medium,0,0
129,sweet dessert to end the meal,216,54,350,medium,1,1
129,sweet dessert to end the meal,342,86,350,medium,1,1
129,sweet dessert to end the meal,453,114,350,medium,1,0
129,sweet dessert to end the meal,400,100,350,medium,1,1
129,sweet dessert to end the meal,614,154,350,medium,1,0
129,sweet dessert to end the meal,441,111,350,medium,1,0
129,sweet dessert to end the meal,48,12,350,medium,0,0
129,sweet dessert to end the meal,498,125,350,medium,1,1
129,sweet dessert to end the meal,697,175,350,medium,1,0
129,healthy light dinner option,795,199,350,medium,1,0
129,healthy light dinner option,572,143,350,medium,1,0
129,healthy light dinner option,751,188,350,medium,1,0
129,healthy light dinner option,131,33,350,medium,1,0
129,healthy light dinner option,79,20,350,medium,1,0
129,healthy light dinner option,773,194,350,medium,1,1
129,healthy light dinner option,701,176,350,medium,1,1
129,healthy light dinner option,604,151,350,medium,1,0
129,healthy light dinner option,511,128,350,medium,1,0
129,healthy light dinner option,634,159,350,medium,1,0
129,cold coffee and snacks,590,148,350,medium,1,0
129,cold coffee and snacks,562,141,350,medium,0,0
129,cold coffee and snacks,53,14,350,medium,1,0
129,cold coffee and snacks,456,114,350,medium,0,0
129,cold coffee and snacks,738,185,350,medium,1,0
129,cold coffee and snacks,21,6,350,medium,1,0
129,cold coffee and snacks,273,69,350,medium,1,0
129,cold coffee and snacks,774,194,350,medium,1,1
129,cold coffee and snacks,737,185,350,medium,1,0
129,cold coffee and snacks,169,43,350,medium,0,0
129,something spicy and cheap under 200,607,152,350,medium,1,0
129,something spicy and cheap under 200,351,88,350,medium,1,0
129,something spicy and cheap under 200,450,113,350,medium,1,0
129,something spicy and cheap under 200,247,62,350,medium,1,1
129,something spicy and cheap under 200,594,149,350,medium,1,0
129,something spicy and cheap under 200,488,122,350,medium,1,0
129,something spicy and cheap under 200,617,155,350,medium,1,0
129,something spicy and cheap under 200,333,84,350,medium,0,0
129,something spicy and cheap under 200,105,27,350,medium,1,1
129,something spicy and cheap under 200,664,166,350,medium,1,0
129,vegan friendly dinner,492,123,350,medium,1,1
129,vegan friendly dinner,738,185,350,medium,0,0
129,vegan friendly dinner,332,83,350,medium,0,0
129,vegan friendly dinner,303,76,350,medium,1,0
129,vegan friendly dinner,157,40,350,medium,0,0
129,vegan friendly dinner,502,126,350,medium,1,1
129,vegan friendly dinner,341,86,350,medium,1,1
129,vegan friendly dinner,624,156,350,medium,1,1
129,vegan friendly dinner,616,154,350,medium,1,0
129,vegan friendly dinner,106,27,350,medium,0,0
129,quick breakfast idea,276,69,350,medium,1,1
129,quick breakfast idea,449,113,350,medium,1,1
129,quick breakfast idea,155,39,350,medium,1,0
129,quick breakfast idea,365,92,350,medium,1,0
129,quick breakfast idea,13,4,350,medium,1,1
129,quick breakfast idea,387,97,350,medium,0,0
129,quick breakfast idea,69,18,350,medium,1,0
129,quick breakfast idea,769,193,350,medium,1,1
129,quick breakfast idea,614,154,350,medium,1,1
129,quick breakfast idea,332,83,350,medium,1,0
129,cold coffee and snacks,56,14,350,medium,0,0
129,cold coffee and snacks,240,60,350,medium,1,0
129,cold coffee and snacks,21,6,350,medium,0,0
129,cold coffee and snacks,405,102,350,medium,1,1
129,cold coffee and snacks,281,71,350,medium,0,0
129,cold coffee and snacks,226,57,350,medium,1,0
129,cold coffee and snacks,427,107,350,medium,1,0
129,cold coffee and snacks,17,5,350,medium,1,1
129,cold coffee and snacks,768,192,350,medium,1,1
129,cold coffee and snacks,582,146,350,medium,1,1
129,vegan friendly dinner,766,192,350,medium,0,0
129,vegan friendly dinner,692,173,350,medium,0,0
129,vegan friendly dinner,250,63,350,medium,0,0
129,vegan friendly dinner,177,45,350,medium,1,0
129,vegan friendly dinner,337,85,350,medium,1,0
129,vegan friendly dinner,103,26,350,medium,1,1
129,vegan friendly dinner,308,77,350,medium,0,0
129,vegan friendly dinner,723,181,350,medium,1,0
129,vegan friendly dinner,188,47,350,medium,0,0
129,vegan friendly dinner,470,118,350,medium,1,1
130,healthy light dinner option,279,70,250,spicy,1,1
130,healthy light dinner option,729,183,250,spicy,0,0
130,healthy light dinner option,517,130,250,spicy,0,0
130,healthy light dinner option,743,186,250,spicy,1,0
130,healthy light dinner option,127,32,250,spicy,1,0
130,healthy light dinner option,641,161,250,spicy,1,0
130,healthy light dinner option,45,12,250,spicy,1,0
130,healthy light dinner option,356,89,250,spicy,1,0
130,healthy light dinner option,458,115,250,spicy,0,0
130,healthy light dinner option,568,142,250,spicy,0,0
130,street food cravings,487,122,250,spicy,0,0
130,street food cravings,362,91,250,spicy,1,1
130,street food cravings,182,46,250,spicy,0,0
130,street food cravings,410,103,250,spicy,0,0
130,street food cravings,546,137,250,spicy,0,0
130,street food cravings,570,143,250,spicy,1,0
130,street food cravings,539,135,250,spicy,0,0
130,street food cravings,39,10,250,spicy,1,0
130,street food cravings,373,94,250,spicy,1,1
130,street food cravings,580,145,250,spicy,0,0
130,healthy light dinner option,186,47,250,spicy,1,0
130,healthy light dinner option,119,30,250,spicy,0,0
130,healthy light dinner option,284,71,250,spicy,1,1
130,healthy light dinner option,27,7,250,spicy,0,0
130,healthy light dinner option,77,20,250,spicy,1,0
130,healthy light dinner option,420,105,250,spicy,1,0
130,healthy light dinner option,774,194,250,spicy,0,0
130,healthy light dinner option,407,102,250,spicy,1,0
130,healthy light dinner option,169,43,250,spicy,1,0
130,healthy light dinner option,457,115,250,spicy,1,1
130,cold coffee and snacks,490,123,250,spicy,0,0
130,cold coffee and snacks,591,148,250,spicy,1,0
130,cold coffee and snacks,243,61,250,spicy,1,0
130,cold coffee and snacks,552,138,250,spicy,1,0
130,cold coffee and snacks,785,197,250,spicy,1,1
130,cold coffee and snacks,136,34,250,spicy,0,0
130,cold coffee and snacks,288,72,250,spicy,1,0
130,cold coffee and snacks,654,164,250,spicy,1,0
130,cold coffee and snacks,301,76,250,spicy,1,1
130,cold coffee and snacks,642,161,250,spicy,1,0
130,healthy light dinner option,49,13,250,spicy,1,1
130,healthy light dinner option,704,176,250,spicy,1,0
130,healthy light dinner option,548,137,250,spicy,0,0
130,healthy light dinner option,317,80,250,spicy,1,1
130,healthy light dinner option,601,151,250,spicy,0,0
130,healthy light dinner option,757,190,250,spicy,0,0
130,healthy light dinner option,295,74,250,spicy,1,1
130,healthy light dinner option,90,23,250,spicy,0,0
130,healthy light dinner option,122,31,250,spicy,0,0
130,healthy light dinner option,299,75,250,spicy,1,1
130,something spicy and cheap under 200,120,30,250,spicy,0,0
130,something spicy and cheap under 200,45,12,250,spicy,1,0
130,something spicy and cheap under 200,721,181,250,spicy,0,0
130,something spicy and cheap under 200,569,143,250,spicy,1,1
130,something spicy and cheap under 200,28,7,250,spicy,1,0
130,something spicy and cheap under 200,687,172,250,spicy,1,0
130,something spicy and cheap under 200,381,96,250,spicy,1,1
130,something spicy and cheap under 200,284,71,250,spicy,1,1
130,something spicy and cheap under 200,416,104,250,spicy,1,1
130,something spicy and cheap under 200,369,93,250,spicy,1,0
130,biryani under 300 rupees,49,13,250,spicy,0,0
130,biryani under 300 rupees,444,111,250,spicy,1,1
130,biryani under 300 rupees,560,140,250,spicy,1,0
130,biryani under 300 rupees,486,122,250,spicy,1,1
130,biryani under 300 rupees,13,4,250,spicy,1,1
130,biryani under 300 rupees,44,11,250,spicy,1,1
130,biryani under 300 rupees,581,146,250,spicy,0,0
130,biryani under 300 rupees,317,80,250,spicy,1,0
130,biryani under 300 rupees,381,96,250,spicy,1,1
130,biryani under 300 rupees,296,74,250,spicy,1,1
130,healthy light dinner option,645,162,250,spicy,1,0
130,healthy light dinner option,303,76,250,spicy,1,1
130,healthy light dinner option,131,33,250,spicy,1,1
130,healthy light dinner option,33,9,250,spicy,1,0
130,healthy light dinner option,688,172,250,spicy,1,0
130,healthy light dinner option,648,162,250,spicy,1,0
130,healthy light dinner option,200,50,250,spicy,0,0
130,healthy light dinner option,620,155,250,spicy,1,0
130,healthy light dinner option,450,113,250,spicy,0,0
130,healthy light dinner option,562,141,250,spicy,1,0
131,something spicy and cheap under 200,756,189,500,mild,1,0
131,something spicy and cheap under 200,251,63,500,mild,0,0
131,something spicy and cheap under 200,542,136,500,mild,0,0
131,something spicy and cheap under 200,596,149,500,mild,1,1
131,something spicy and cheap under 200,78,20,500,mild,0,0
131,something spicy and cheap under 200,372,93,500,mild,1,1
131,something spicy and cheap under 200,100,25,500,mild,1,1
131,something spicy and cheap under 200,605,152,500,mild,0,0
131,something spicy and cheap under 200,67,17,500,mild,1,0
131,something spicy and cheap under 200,159,40,500,mild,1,0
131,street food cravings,34,9,500,mild,1,0
131,street food cravings,259,65,500,mild,1,1
131,street food cravings,260,65,500,mild,1,1
131,street food cravings,358,90,500,mild,1,1
131,street food cravings,26,7,500,mild,0,0
131,street food cravings,54,14,500,mild,1,1
131,street food cravings,779,195,500,mild,1,0
131,street food cravings,581,146,500,mild,0,0
131,street food cravings,111,28,500,mild,0,0
131,street food cravings,119,30,500,mild,1,1
131,biryani under 300 rupees,475,119,500,mild,1,0
131,biryani under 300 rupees,236,59,500,mild,1,1
131,biryani under 300 rupees,295,74,500,mild,1,1
131,biryani under 300 rupees,406,102,500,mild,1,1
131,biryani under 300 rupees,600,150,500,mild,0,0
131,biryani under 300 rupees,775,194,500,mild,1,0
131,biryani under 300 rupees,711,178,500,mild,1,1
131,biryani under 300 rupees,218,55,500,mild,1,1
131,biryani under 300 rupees,264,66,500,mild,1,0
131,biryani under 300 rupees,242,61,500,mild,1,0
131,healthy light dinner option,510,128,500,mild,1,0
131,healthy light dinner option,428,107,500,mild,1,1
131,healthy light dinner option,267,67,500,mild,0,0
131,healthy light dinner option,459,115,500,mild,1,1
131,healthy light dinner option,567,142,500,mild,1,0
131,healthy light dinner option,563,141,500,mild,1,1
131,healthy light dinner option,265,67,500,mild,0,0
131,healthy light dinner option,571,143,500,mild,1,1
131,healthy light dinner option,488,122,500,mild,1,0
131,healthy light dinner option,349,88,500,mild,1,1
131,something spicy and cheap under 200,32,8,500,mild,0,0
131,something spicy and cheap under 200,467,117,500,mild,1,0
131,something spicy and cheap under 200,332,83,500,mild,1,0
131,something spicy and cheap under 200,584,146,500,mild,1,0
131,something spicy and cheap under 200,29,8,500,mild,1,0
131,something spicy and cheap under 200,404,101,500,mild,1,0
131,something spicy and cheap under 200,255,64,500,mild,0,0
131,something spicy and cheap under 200,373,94,500,mild,1,1
131,something spicy and cheap under 200,568,142,500,mild,0,0
131,something spicy and cheap under 200,482,121,500,mild,1,1
131,something spicy and cheap under 200,525,132,500,mild,1,0
131,something spicy and cheap under 200,157,40,500,mild,1,1
131,something spicy and cheap under 200,310,78,500,mild,1,1
131,something spicy and cheap under 200,49,13,500,mild,1,0
131,something spicy and cheap under 200,551,138,500,mild,1,0
131,something spicy and cheap under 200,742,186,500,mild,1,0
131,something spicy and cheap under 200,499,125,500,mild,0,0
131,something spicy and cheap under 200,554,139,500,mild,1,0
131,something spicy and cheap under 200,48,12,500,mild,1,1
131,something spicy and cheap under 200,68,17,500,mild,0,0
131,biryani under 300 rupees,797,200,500,mild,1,0
131,biryani under 300 rupees,97,25,500,mild,0,0
131,biryani under 300 rupees,183,46,500,mild,1,0
131,biryani under 300 rupees,84,21,500,mild,1,0
131,biryani under 300 rupees,208,52,500,mild,1,1
131,biryani under 300 rupees,725,182,500,mild,1,0
131,biryani under 300 rupees,491,123,500,mild,1,0
131,biryani under 300 rupees,352,88,500,mild,1,1
131,biryani under 300 rupees,435,109,500,mild,0,0
131,biryani under 300 rupees,489,123,500,mild,1,1
131,healthy light dinner option,571,143,500,mild,1,1
131,healthy light dinner option,265,67,500,mild,1,0
131,healthy light dinner option,118,30,500,mild,1,1
131,healthy light dinner option,500,125,500,mild,0,0
131,healthy light dinner option,304,76,500,mild,0,0
131,healthy light dinner option,67,17,500,mild,0,0
131,healthy light dinner option,338,85,500,mild,0,0
131,healthy light dinner option,25,7,500,mild,1,0
131,healthy light dinner option,638,160,500,mild,1,0
131,healthy light dinner option,376,94,500,mild,1,0
132,street food cravings,742,186,250,very spicy,1,0
132,street food cravings,317,80,250,very spicy,1,0
132,street food cravings,280,70,250,very spicy,1,0
132,street food cravings,113,29,250,very spicy,0,0
132,street food cravings,714,179,250,very spicy,1,0
132,street food cravings,158,40,250,very spicy,1,0
132,street food cravings,360,90,250,very spicy,1,0
132,street food cravings,598,150,250,very spicy,1,1
132,street food cravings,163,41,250,very spicy,1,0
132,street food cravings,25,7,250,very spicy,0,0
132,street food cravings,158,40,250,very spicy,0,0
132,street food cravings,348,87,250,very spicy,1,1
132,street food cravings,394,99,250,very spicy,1,1
132,street food cravings,160,40,250,very spicy,1,0
132,street food cravings,403,101,250,very spicy,0,0
132,street food cravings,734,184,250,very spicy,1,0
132,street food cravings,632,158,250,very spicy,1,0
132,street food cravings,616,154,250,very spicy,1,0
132,street food cravings,790,198,250,very spicy,1,0
132,street food cravings,785,197,250,very spicy,1,0
132,cold coffee and snacks,165,42,250,very spicy,0,0
132,cold coffee and snacks,11,3,250,very spicy,1,0
132,cold coffee and snacks,231,58,250,very spicy,1,0
132,cold coffee and snacks,502,126,250,very spicy,1,0
132,cold coffee and snacks,659,165,250,very spicy,0,0
132,cold coffee and snacks,340,85,250,very spicy,1,1
132,cold coffee and snacks,710,178,250,very spicy,1,0
132,cold coffee and snacks,276,69,250,very spicy,0,0
132,cold coffee and snacks,274,69,250,very spicy,1,1
132,cold coffee and snacks,790,198,250,very spicy,1,1
132,cold coffee and snacks,753,189,250,very spicy,1,1
132,cold coffee and snacks,336,84,250,very spicy,0,0
132,cold coffee and snacks,519,130,250,very spicy,1,0
132,cold coffee and snacks,627,157,250,very spicy,0,0
132,cold coffee and snacks,705,177,250,very spicy,0,0
132,cold coffee and snacks,445,112,250,very spicy,1,1
132,cold coffee and snacks,586,147,250,very spicy,1,1
132,cold coffee and snacks,536,134,250,very spicy,0,0
132,cold coffee and snacks,544,136,250,very spicy,1,1
132,cold coffee and snacks,405,102,250,very spicy,0,0
132,street food cravings,232,58,250,very spicy,0,0
132,street food cravings,782,196,250,very spicy,1,1
132,street food cravings,740,185,250,very spicy,1,0
132,street food cravings,434,109,250,very spicy,0,0
132,street food cravings,487,122,250,very spicy,1,0
132,street food cravings,778,195,250,very spicy,1,1
132,street food cravings,410,103,250,very spicy,1,1
132,street food cravings,614,154,250,very spicy,0,0
132,street food cravings,448,112,250,very spicy,1,0
132,street food cravings,719,180,250,very spicy,1,0
132,healthy light dinner option,29,8,250,very spicy,0,0
132,healthy light dinner option,34,9,250,very spicy,0,0
132,healthy light dinner option,603,151,250,very spicy,1,0
132,healthy light dinner option,775,194,250,very spicy,1,1
132,healthy light dinner option,87,22,250,very spicy,1,0
132,healthy light dinner option,537,135,250,very spicy,1,0
132,healthy light dinner option,241,61,250,very spicy,1,1
132,healthy light dinner option,237,60,250,very spicy,1,0
132,healthy light dinner option,770,193,250,very spicy,1,0
132,healthy light dinner option,518,130,250,very spicy,1,0
132,something spicy and cheap under 200,737,185,250,very spicy,1,0
132,something spicy and cheap under 200,332,83,250,very spicy,1,0
132,something spicy and cheap under 200,449,113,250,very spicy,1,0
132,something spicy and cheap under 200,200,50,250,very spicy,1,0
132,something spicy and cheap under 200,764,191,250,very spicy,1,1
132,something spicy and cheap under 200,122,31,250,very spicy,1,1
132,something spicy and cheap under 200,51,13,250,very spicy,1,0
132,something spicy and cheap under 200,550,138,250,very spicy,1,0
132,something spicy and cheap under 200,690,173,250,very spicy,0,0
132,something spicy and cheap under 200,563,141,250,very spicy,1,0
132,mild non spicy food for kids,35,9,250,very spicy,0,0
132,mild non spicy food for kids,682,171,250,very spicy,0,0
132,mild non spicy food for kids,466,117,250,very spicy,0,0
132,mild non spicy food for kids,203,51,250,very spicy,1,1
132,mild non spicy food for kids,159,40,250,very spicy,1,0
132,mild non spicy food for kids,140,35,250,very spicy,1,1
132,mild non spicy food for kids,317,80,250,very spicy,1,0
132,mild non spicy food for kids,49,13,250,very spicy,1,1
132,mild non spicy food for kids,607,152,250,very spicy,1,0
132,mild non spicy food for kids,543,136,250,very spicy,1,0
133,healthy light dinner option,205,52,150,medium,1,1
133,healthy light dinner option,286,72,150,medium,1,1
133,healthy light dinner option,479,120,150,medium,0,0
133,healthy light dinner option,127,32,150,medium,1,0
133,healthy light dinner option,398,100,150,medium,1,0
133,healthy light dinner option,751,188,150,medium,0,0
133,healthy light dinner option,317,80,150,medium,1,1
133,healthy light dinner option,404,101,150,medium,1,0
133,healthy light dinner option,309,78,150,medium,0,0
133,healthy light dinner option,733,184,150,medium,1,0
133,street food cravings,220,55,150,medium,1,1
133,street food cravings,543,136,150,medium,0,0
133,street food cravings,441,111,150,medium,1,0
133,street food cravings,625,157,150,medium,1,0
133,street food cravings,109,28,150,medium,0,0
133,street food cravings,31,8,150,medium,0,0
133,street food cravings,558,140,150,medium,1,0
133,street food cravings,514,129,150,medium,1,0
133,street food cravings,733,184,150,medium,0,0
133,street food cravings,502,126,150,medium,0,0
133,healthy light dinner option,766,192,150,medium,1,0
133,healthy light dinner option,130,33,150,medium,1,0
133,healthy light dinner option,477,120,150,medium,1,1
133,healthy light dinner option,222,56,150,medium,1,0
133,healthy light dinner option,637,160,150,medium,1,0
133,healthy light dinner option,31,8,150,medium,0,0
133,healthy light dinner option,591,148,150,medium,0,0
133,healthy light dinner option,264,66,150,medium,1,1
133,healthy light dinner option,696,174,150,medium,0,0
133,healthy light dinner option,115,29,150,medium,1,0
133,quick breakfast idea,400,100,150,medium,1,1
133,quick breakfast idea,471,118,150,medium,0,0
133,quick breakfast idea,310,78,150,medium,0,0
133,quick breakfast idea,66,17,150,medium,1,0
133,quick breakfast idea,150,38,150,medium,1,0
133,quick breakfast idea,314,79,150,medium,1,1
133,quick breakfast idea,344,86,150,medium,0,0
133,quick breakfast idea,592,148,150,medium,1,0
133,quick breakfast idea,498,125,150,medium,0,0
133,quick breakfast idea,31,8,150,medium,1,1
133,cheesy comfort food,725,182,150,medium,1,0
133,cheesy comfort food,76,19,150,medium,1,1
133,cheesy comfort food,427,107,150,medium,0,0
133,cheesy comfort food,432,108,150,medium,1,0
133,cheesy comfort food,150,38,150,medium,1,0
133,cheesy comfort food,755,189,150,medium,1,0
133,cheesy comfort food,296,74,150,medium,0,0
133,cheesy comfort food,646,162,150,medium,0,0
133,cheesy comfort food,398,100,150,medium,1,0
133,cheesy comfort food,90,23,150,medium,0,0
133,mild non spicy food for kids,690,173,150,medium,0,0
133,mild non spicy food for kids,782,196,150,medium,1,1
133,mild non spicy food for kids,457,115,150,medium,1,1
133,mild non spicy food for kids,341,86,150,medium,0,0
133,mild non spicy food for kids,240,60,150,medium,1,0
133,mild non spicy food for kids,277,70,150,medium,1,1
133,mild non spicy food for kids,13,4,150,medium,0,0
133,mild non spicy food for kids,167,42,150,medium,1,0
133,mild non spicy food for kids,382,96,150,medium,1,0
133,mild non spicy food for kids,417,105,150,medium,0,0
133,vegan friendly dinner,369,93,150,medium,1,1
133,vegan friendly dinner,524,131,150,medium,0,0
133,vegan friendly dinner,83,21,150,medium,0,0
133,vegan friendly dinner,395,99,150,medium,0,0
133,vegan friendly dinner,269,68,150,medium,1,0
133,vegan friendly dinner,340,85,150,medium,1,0
133,vegan friendly dinner,627,157,150,medium,0,0
133,vegan friendly dinner,400,100,150,medium,1,0
133,vegan friendly dinner,476,119,150,medium,1,0
133,vegan friendly dinner,553,139,150,medium,1,1
133,cold coffee and snacks,176,44,150,medium,0,0
133,cold coffee and snacks,543,136,150,medium,0,0
133,cold coffee and snacks,385,97,150,medium,1,0
133,cold coffee and snacks,389,98,150,medium,1,0
133,cold coffee and snacks,82,21,150,medium,1,1
133,cold coffee and snacks,640,160,150,medium,1,0
133,cold coffee and snacks,290,73,150,medium,1,0
133,cold coffee and snacks,536,134,150,medium,0,0
133,cold coffee and snacks,306,77,150,medium,0,0
133,cold coffee and snacks,88,22,150,medium,0,0
134,quick breakfast idea,429,108,250,very spicy,0,0
134,quick breakfast idea,420,105,250,very spicy,1,0
134,quick breakfast idea,338,85,250,very spicy,1,0
134,quick breakfast idea,175,44,250,very spicy,1,0
134,quick breakfast idea,798,200,250,very spicy,1,1
134,quick breakfast idea,603,151,250,very spicy,1,1
134,quick breakfast idea,50,13,250,very spicy,0,0
134,quick breakfast idea,534,134,250,very spicy,0,0
134,quick breakfast idea,293,74,250,very spicy,1,0
134,quick breakfast idea,735,184,250,very spicy,1,0
134,something spicy and cheap under 200,224,56,250,very spicy,0,0
134,something spicy and cheap under 200,283,71,250,very spicy,0,0
134,something spicy and cheap under 200,582,146,250,very spicy,1,0
134,something spicy and cheap under 200,380,95,250,very spicy,1,1
134,something spicy and cheap under 200,292,73,250,very spicy,1,1
134,something spicy and cheap under 200,453,114,250,very spicy,0,0
134,something spicy and cheap under 200,39,10,250,very spicy,0,0
134,something spicy and cheap under 200,608,152,250,very spicy,1,0
134,something spicy and cheap under 200,300,75,250,very spicy,1,0
134,something spicy and cheap under 200,405,102,250,very spicy,1,0
134,cheesy comfort food,239,60,250,very spicy,1,1
134,cheesy comfort food,167,42,250,very spicy,0,0
134,cheesy comfort food,230,58,250,very spicy,1,0
134,cheesy comfort food,713,179,250,very spicy,1,1
134,cheesy comfort food,295,74,250,very spicy,1,1
134,cheesy comfort food,247,62,250,very spicy,1,0
134,cheesy comfort food,728,182,250,very spicy,1,0
134,cheesy comfort food,264,66,250,very spicy,1,0
134,cheesy comfort food,652,163,250,very spicy,1,1
134,cheesy comfort food,212,53,250,very spicy,1,0
134,street food cravings,421,106,250,very spicy,1,0
134,street food cravings,12,3,250,very spicy,0,0
134,street food cravings,354,89,250,very spicy,1,1
134,street food cravings,771,193,250,very spicy,1,0
134,street food cravings,575,144,250,very spicy,1,0
134,street food cravings,750,188,250,very spicy,1,1
134,street food cravings,690,173,250,very spicy,0,0
134,street food cravings,616,154,250,very spicy,1,1
134,street food cravings,613,154,250,very spicy,1,1
134,street food cravings,330,83,250,very spicy,0,0
134,mild non spicy food for kids,426,107,250,very spicy,1,0
134,mild non spicy food for kids,516,129,250,very spicy,0,0
134,mild non spicy food for kids,312,78,250,very spicy,1,1
134,mild non spicy food for kids,646,162,250,very spicy,1,0
134,mild non spicy food for kids,519,130,250,very spicy,1,1
134,mild non spicy food for kids,560,140,250,very spicy,1,1
134,mild non spicy food for kids,697,175,250,very spicy,1,0
134,mild non spicy food for kids,202,51,250,very spicy,1,0
134,mild non spicy food for kids,28,7,250,very spicy,0,0
134,mild non spicy food for kids,604,151,250,very spicy,1,1
134,vegan friendly dinner,18,5,250,very spicy,1,0
134,vegan friendly dinner,27,7,250,very spicy,0,0
134,vegan friendly dinner,458,115,250,very spicy,1,1
134,vegan friendly dinner,604,151,250,very spicy,1,0
134,vegan friendly dinner,333,84,250,very spicy,1,0
134,vegan friendly dinner,496,124,250,very spicy,0,0
134,vegan friendly dinner,717,180,250,very spicy,1,1
134,vegan friendly dinner,648,162,250,very spicy,1,1
134,vegan friendly dinner,204,51,250,very spicy,1,0
134,vegan friendly dinner,4,1,250,very spicy,1,0
134,street food cravings,35,9,250,very spicy,0,0
134,street food cravings,586,147,250,very spicy,1,0
134,street food cravings,707,177,250,very spicy,1,1
134,street food cravings,142,36,250,very spicy,1,0
134,street food cravings,14,4,250,very spicy,1,1
134,street food cravings,635,159,250,very spicy,0,0
134,street food cravings,95,24,250,very spicy,1,0
134,street food cravings,61,16,250,very spicy,1,1
134,street food cravings,330,83,250,very spicy,1,1
134,street food cravings,279,70,250,very spicy,0,0
134,cheesy comfort food,783,196,250,very spicy,1,1
134,cheesy comfort food,271,68,250,very spicy,1,0
134,cheesy comfort food,742,186,250,very spicy,0,0
134,cheesy comfort food,570,143,250,very spicy,1,1
134,cheesy comfort food,130,33,250,very spicy,1,0
134,cheesy comfort food,491,123,250,very spicy,0,0
134,cheesy comfort food,309,78,250,very spicy,0,0
134,cheesy comfort food,259,65,250,very spicy,1,0
134,cheesy comfort food,476,119,250,very spicy,1,0
134,cheesy comfort food,318,80,250,very spicy,1,1
135,street food cravings,289,73,350,very spicy,1,0
135,street food cravings,333,84,350,very spicy,1,0
135,street food cravings,481,121,350,very spicy,0,0
135,street food cravings,684,171,350,very spicy,1,0
135,street food cravings,281,71,350,very spicy,1,1
135,street food cravings,621,156,350,very spicy,1,0
135,street food cravings,79,20,350,very spicy,1,0
135,street food cravings,515,129,350,very spicy,0,0
135,street food cravings,547,137,350,very spicy,1,0
135,street food cravings,722,181,350,very spicy,1,1
135,sweet dessert to end the meal,360,90,350,very spicy,1,0
135,sweet dessert to end the meal,59,15,350,very spicy,1,0
135,sweet dessert to end the meal,44,11,350,very spicy,1,0
135,sweet dessert to end the meal,161,41,350,very spicy,1,1
135,sweet dessert to end the meal,315,79,350,very spicy,1,1
135,sweet dessert to end the meal,644,161,350,very spicy,1,1
135,sweet dessert to end the meal,519,130,350,very spicy,1,1
135,sweet dessert to end the meal,305,77,350,very spicy,1,1
135,sweet dessert to end the meal,208,52,350,very spicy,0,0
135,sweet dessert to end the meal,426,107,350,very spicy,1,0
135,something spicy and cheap under 200,329,83,350,very spicy,1,0
135,something spicy and cheap under 200,314,79,350,very spicy,1,0
135,something spicy and cheap under 200,337,85,350,very spicy,1,1
135,something spicy and cheap under 200,138,35,350,very spicy,0,0
135,something spicy and cheap under 200,320,80,350,very spicy,1,0
135,something spicy and cheap under 200,108,27,350,very spicy,0,0
135,something spicy and cheap under 200,533,134,350,very spicy,1,0
135,something spicy and cheap under 200,307,77,350,very spicy,0,0
135,something spicy and cheap under 200,355,89,350,very spicy,1,0
135,something spicy and cheap under 200,478,120,350,very spicy,1,0
135,street food cravings,561,141,350,very spicy,1,1
135,street food cravings,34,9,350,very spicy,1,0
135,street food cravings,385,97,350,very spicy,0,0
135,street food cravings,173,44,350,very spicy,1,0
135,street food cravings,398,100,350,very spicy,1,1
135,street food cravings,454,114,350,very spicy,0,0
135,street food cravings,165,42,350,very spicy,1,0
135,street food cravings,376,94,350,very spicy,1,1
135,street food cravings,505,127,350,very spicy,1,0
135,street food cravings,294,74,350,very spicy,0,0
135,cheesy comfort food,457,115,350,very spicy,1,0
135,cheesy comfort food,176,44,350,very spicy,1,1
135,cheesy comfort food,492,123,350,very spicy,0,0
135,cheesy comfort food,302,76,350,very spicy,1,1
135,cheesy comfort food,770,193,350,very spicy,1,0
135,cheesy comfort food,182,46,350,very spicy,1,1
135,cheesy comfort food,661,166,350,very spicy,1,0
135,cheesy comfort food,536,134,350,very spicy,1,0
135,cheesy comfort food,602,151,350,very spicy,1,0
135,cheesy comfort food,104,26,350,very spicy,1,0
135,quick breakfast idea,305,77,350,very spicy,1,0
135,quick breakfast idea,107,27,350,very spicy,1,0
135,quick breakfast idea,662,166,350,very spicy,1,0
135,quick breakfast idea,658,165,350,very spicy,1,0
135,quick breakfast idea,114,29,350,very spicy,1,1
135,quick breakfast idea,415,104,350,very spicy,1,0
135,quick breakfast idea,315,79,350,very spicy,1,0
135,quick breakfast idea,291,73,350,very spicy,1,0
135,quick breakfast idea,553,139,350,very spicy,0,0
135,quick breakfast idea,15,4,350,very spicy,0,0
135,mild non spicy food for kids,400,100,350,very spicy,1,0
135,mild non spicy food for kids,654,164,350,very spicy,1,0
135,mild non spicy food for kids,63,16,350,very spicy,0,0
135,mild non spicy food for kids,480,120,350,very spicy,1,0
135,mild non spicy food for kids,182,46,350,very spicy,0,0
135,mild non spicy food for kids,188,47,350,very spicy,1,0
135,mild non spicy food for kids,574,144,350,very spicy,1,1
135,mild non spicy food for kids,787,197,350,very spicy,1,0
135,mild non spicy food for kids,645,162,350,very spicy,1,1
135,mild non spicy food for kids,653,164,350,very spicy,0,0
135,biryani under 300 rupees,372,93,350,very spicy,1,1
135,biryani under 300 rupees,480,120,350,very spicy,1,0
135,biryani under 300 rupees,657,165,350,very spicy,1,1
135,biryani under 300 rupees,782,196,350,very spicy,1,1
135,biryani under 300 rupees,653,164,350,very spicy,0,0
135,biryani under 300 rupees,110,28,350,very spicy,1,0
135,biryani under 300 rupees,349,88,350,very spicy,0,0
135,biryani under 300 rupees,114,29,350,very spicy,0,0
135,biryani under 300 rupees,756,189,350,very spicy,1,1
135,biryani under 300 rupees,621,156,350,very spicy,1,0
136,quick breakfast idea,583,146,250,medium,1,1
136,quick breakfast idea,186,47,250,medium,1,0
136,quick breakfast idea,478,120,250,medium,0,0
136,quick breakfast idea,36,9,250,medium,1,0
136,quick breakfast idea,319,80,250,medium,1,1
136,quick breakfast idea,690,173,250,medium,1,0
136,quick breakfast idea,400,100,250,medium,1,0
136,quick breakfast idea,550,138,250,medium,1,1
136,quick breakfast idea,53,14,250,medium,1,1
136,quick breakfast idea,490,123,250,medium,1,1
136,vegan friendly dinner,731,183,250,medium,1,0
136,vegan friendly dinner,740,185,250,medium,1,1
136,vegan friendly dinner,595,149,250,medium,0,0
136,vegan friendly dinner,426,107,250,medium,1,0
136,vegan friendly dinner,242,61,250,medium,0,0
136,vegan friendly dinner,548,137,250,medium,0,0
136,vegan friendly dinner,583,146,250,medium,1,0
136,vegan friendly dinner,622,156,250,medium,0,0
136,vegan friendly dinner,173,44,250,medium,0,0
136,vegan friendly dinner,163,41,250,medium,1,1
136,cold coffee and snacks,786,197,250,medium,1,0
136,cold coffee and snacks,485,122,250,medium,0,0
136,cold coffee and snacks,209,53,250,medium,1,1
136,cold coffee and snacks,662,166,250,medium,0,0
136,cold coffee and snacks,537,135,250,medium,1,1
136,cold coffee and snacks,684,171,250,medium,1,0
136,cold coffee and snacks,316,79,250,medium,1,1
136,cold coffee and snacks,641,161,250,medium,0,0
136,cold coffee and snacks,692,173,250,medium,1,1
136,cold coffee and snacks,393,99,250,medium,1,0
136,cold coffee and snacks,594,149,250,medium,1,0
136,cold coffee and snacks,232,58,250,medium,1,0
136,cold coffee and snacks,531,133,250,medium,1,0
136,cold coffee and snacks,148,37,250,medium,1,0
136,cold coffee and snacks,758,190,250,medium,1,1
136,cold coffee and snacks,661,166,250,medium,1,0
136,cold coffee and snacks,158,40,250,medium,0,0
136,cold coffee and snacks,281,71,250,medium,1,1
136,cold coffee and snacks,551,138,250,medium,1,0
136,cold coffee and snacks,129,33,250,medium,0,0
136,vegan friendly dinner,191,48,250,medium,0,0
136,vegan friendly dinner,436,109,250,medium,1,1
136,vegan friendly dinner,166,42,250,medium,0,0
136,vegan friendly dinner,535,134,250,medium,0,0
136,vegan friendly dinner,795,199,250,medium,1,0
136,vegan friendly dinner,18,5,250,medium,1,0
136,vegan friendly dinner,402,101,250,medium,0,0
136,vegan friendly dinner,377,95,250,medium,0,0
136,vegan friendly dinner,507,127,250,medium,1,0
136,vegan friendly dinner,197,50,250,medium,1,0
136,street food cravings,227,57,250,medium,0,0
136,street food cravings,75,19,250,medium,1,0
136,street food cravings,513,129,250,medium,0,0
136,street food cravings,179,45,250,medium,1,0
136,street food cravings,709,178,250,medium,1,0
136,street food cravings,310,78,250,medium,1,0
136,street food cravings,331,83,250,medium,1,0
136,street food cravings,111,28,250,medium,1,0
136,street food cravings,26,7,250,medium,0,0
136,street food cravings,689,173,250,medium,1,1
136,street food cravings,402,101,250,medium,1,0
136,street food cravings,47,12,250,medium,1,0
136,street food cravings,126,32,250,medium,1,1
136,street food cravings,400,100,250,medium,1,1
136,street food cravings,80,20,250,medium,1,0
136,street food cravings,399,100,250,medium,0,0
136,street food cravings,651,163,250,medium,1,1
136,street food cravings,477,120,250,medium,1,0
136,street food cravings,672,168,250,medium,0,0
136,street food cravings,321,81,250,medium,1,0
136,biryani under 300 rupees,474,119,250,medium,1,0
136,biryani under 300 rupees,2,1,250,medium,1,1
136,biryani under 300 rupees,604,151,250,medium,1,1
136,biryani under 300 rupees,788,197,250,medium,1,0
136,biryani under 300 rupees,587,147,250,medium,0,0
136,biryani under 300 rupees,329,83,250,medium,1,0
136,biryani under 300 rupees,711,178,250,medium,1,1
136,biryani under 300 rupees,449,113,250,medium,1,0
136,biryani under 300 rupees,307,77,250,medium,1,1
136,biryani under 300 rupees,451,113,250,medium,0,0
137,cold coffee and snacks,633,159,150,medium,0,0
137,cold coffee and snacks,229,58,150,medium,1,1
137,cold coffee and snacks,552,138,150,medium,1,1
137,cold coffee and snacks,273,69,150,medium,1,1
137,cold coffee and snacks,517,130,150,medium,1,1
137,cold coffee and snacks,252,63,150,medium,1,0
137,cold coffee and snacks,603,151,150,medium,1,1
137,cold coffee and snacks,673,169,150,medium,1,1
137,cold coffee and snacks,457,115,150,medium,0,0
137,cold coffee and snacks,350,88,150,medium,1,0
137,cold coffee and snacks,221,56,150,medium,0,0
137,cold coffee and snacks,597,150,150,medium,1,0
137,cold coffee and snacks,334,84,150,medium,1,1
137,cold coffee and snacks,495,124,150,medium,0,0
137,cold coffee and snacks,747,187,150,medium,1,0
137,cold coffee and snacks,608,152,150,medium,0,0
137,cold coffee and snacks,410,103,150,medium,1,0
137,cold coffee and snacks,387,97,150,medium,1,0
137,cold coffee and snacks,399,100,150,medium,0,0
137,cold coffee and snacks,2,1,150,medium,1,0
137,something spicy and cheap under 200,696,174,150,medium,0,0
137,something spicy and cheap under 200,380,95,150,medium,0,0
137,something spicy and cheap under 200,670,168,150,medium,0,0
137,something spicy and cheap under 200,131,33,150,medium,0,0
137,something spicy and cheap under 200,12,3,150,medium,0,0
137,something spicy and cheap under 200,220,55,150,medium,1,0
137,something spicy and cheap under 200,1,1,150,medium,1,1
137,something spicy and cheap under 200,54,14,150,medium,0,0
137,something spicy and cheap under 200,435,109,150,medium,1,1
137,something spicy and cheap under 200,606,152,150,medium,1,0
137,quick breakfast idea,358,90,150,medium,1,0
137,quick breakfast idea,403,101,150,medium,0,0
137,quick breakfast idea,274,69,150,medium,1,1
137,quick breakfast idea,545,137,150,medium,1,1
137,quick breakfast idea,660,165,150,medium,1,1
137,quick breakfast idea,122,31,150,medium,0,0
137,quick breakfast idea,555,139,150,medium,0,0
137,quick breakfast idea,738,185,150,medium,0,0
137,quick breakfast idea,373,94,150,medium,1,1
137,quick breakfast idea,78,20,150,medium,0,0
137,quick breakfast idea,92,23,150,medium,1,0
137,quick breakfast idea,282,71,150,medium,1,0
137,quick breakfast idea,177,45,150,medium,1,1
137,quick breakfast idea,694,174,150,medium,1,0
137,quick breakfast idea,424,106,150,medium,1,1
137,quick breakfast idea,66,17,150,medium,0,0
137,quick breakfast idea,210,53,150,medium,1,0
137,quick breakfast idea,217,55,150,medium,1,1
137,quick breakfast idea,594,149,150,medium,0,0
137,quick breakfast idea,258,65,150,medium,1,0
137,street food cravings,619,155,150,medium,1,1
137,street food cravings,332,83,150,medium,1,1
137,street food cravings,564,141,150,medium,0,0
137,street food cravings,555,139,150,medium,0,0
137,street food cravings,96,24,150,medium,1,0
137,street food cravings,736,184,150,medium,0,0
137,street food cravings,714,179,150,medium,1,0
137,street food cravings,484,121,150,medium,1,0
137,street food cravings,690,173,150,medium,1,0
137,street food cravings,667,167,150,medium,1,1
137,quick breakfast idea,525,132,150,medium,1,1
137,quick breakfast idea,668,167,150,medium,0,0
137,quick breakfast idea,428,107,150,medium,0,0
137,quick breakfast idea,480,120,150,medium,0,0
137,quick breakfast idea,246,62,150,medium,1,1
137,quick breakfast idea,205,52,150,medium,1,0
137,quick breakfast idea,325,82,150,medium,1,1
137,quick breakfast idea,707,177,150,medium,0,0
137,quick breakfast idea,327,82,150,medium,1,1
137,quick breakfast idea,74,19,150,medium,1,1
137,vegan friendly dinner,567,142,150,medium,0,0
137,vegan friendly dinner,748,187,150,medium,1,0
137,vegan friendly dinner,603,151,150,medium,1,1
137,vegan friendly dinner,298,75,150,medium,1,1
137,vegan friendly dinner,43,11,150,medium,1,0
137,vegan friendly dinner,293,74,150,medium,1,0
137,vegan friendly dinner,700,175,150,medium,1,0
137,vegan friendly dinner,695,174,150,medium,1,0
137,vegan friendly dinner,665,167,150,medium,1,0
137,vegan friendly dinner,522,131,150,medium,0,0
138,biryani under 300 rupees,102,26,250,very spicy,1,0
138,biryani under 300 rupees,624,156,250,very spicy,0,0
138,biryani under 300 rupees,370,93,250,very spicy,1,0
138,biryani under 300 rupees,581,146,250,very spicy,0,0
138,biryani under 300 rupees,622,156,250,very spicy,1,1
138,biryani under 300 rupees,19,5,250,very spicy,1,0
138,biryani under 300 rupees,127,32,250,very spicy,1,0
138,biryani under 300 rupees,550,138,250,very spicy,1,0
138,biryani under 300 rupees,702,176,250,very spicy,1,0
138,biryani under 300 rupees,633,159,250,very spicy,0,0
138,something spicy and cheap under 200,244,61,250,very spicy,0,0
138,something spicy and cheap under 200,729,183,250,very spicy,0,0
138,something spicy and cheap under 200,210,53,250,very spicy,1,1
138,something spicy and cheap under 200,640,160,250,very spicy,1,0
138,something spicy and cheap under 200,561,141,250,very spicy,0,0
138,something spicy and cheap under 200,556,139,250,very spicy,1,0
138,something spicy and cheap under 200,225,57,250,very spicy,0,0
138,something spicy and cheap under 200,353,89,250,very spicy,1,0
138,something spicy and cheap under 200,236,59,250,very spicy,1,1
138,something spicy and cheap under 200,376,94,250,very spicy,1,0
138,something spicy and cheap under 200,170,43,250,very spicy,1,1
138,something spicy and cheap under 200,779,195,250,very spicy,1,0
138,something spicy and cheap under 200,309,78,250,very spicy,1,0
138,something spicy and cheap under 200,775,194,250,very spicy,1,0
138,something spicy and cheap under 200,211,53,250,very spicy,0,0
138,something spicy and cheap under 200,409,103,250,very spicy,1,0
138,something spicy and cheap under 200,741,186,250,very spicy,1,0
138,something spicy and cheap under 200,750,188,250,very spicy,1,0
138,something spicy and cheap under 200,255,64,250,very spicy,0,0
138,something spicy and cheap under 200,154,39,250,very spicy,1,1
138,vegan friendly dinner,22,6,250,very spicy,1,0
138,vegan friendly dinner,687,172,250,very spicy,1,1
138,vegan friendly dinner,535,134,250,very spicy,1,1
138,vegan friendly dinner,485,122,250,very spicy,0,0
138,vegan friendly dinner,12,3,250,very spicy,1,0
138,vegan friendly dinner,567,142,250,very spicy,0,0
138,vegan friendly dinner,98,25,250,very spicy,1,1
138,vegan friendly dinner,93,24,250,very spicy,1,0
138,vegan friendly dinner,6,2,250,very spicy,1,0
138,vegan friendly dinner,448,112,250,very spicy,1,0
138,mild non spicy food for kids,98,25,250,very spicy,1,0
138,mild non spicy food for kids,121,31,250,very spicy,1,1
138,mild non spicy food for kids,341,86,250,very spicy,0,0
138,mild non spicy food for kids,307,77,250,very spicy,1,1
138,mild non spicy food for kids,300,75,250,very spicy,1,0
138,mild non spicy food for kids,619,155,250,very spicy,0,0
138,mild non spicy food for kids,305,77,250,very spicy,1,0
138,mild non spicy food for kids,707,177,250,very spicy,1,1
138,mild non spicy food for kids,563,141,250,very spicy,1,0
138,mild non spicy food for kids,390,98,250,very spicy,1,1
138,cheesy comfort food,322,81,250,very spicy,1,1
138,cheesy comfort food,333,84,250,very spicy,0,0
138,cheesy comfort food,563,141,250,very spicy,1,1
138,cheesy comfort food,195,49,250,very spicy,1,0
138,cheesy comfort food,110,28,250,very spicy,0,0
138,cheesy comfort food,407,102,250,very spicy,1,0
138,cheesy comfort food,783,196,250,very spicy,1,1
138,cheesy comfort food,526,132,250,very spicy,1,1
138,cheesy comfort food,170,43,250,very spicy,0,0
138,cheesy comfort food,102,26,250,very spicy,1,0
138,cold coffee and snacks,172,43,250,very spicy,1,0
138,cold coffee and snacks,485,122,250,very spicy,1,1
138,cold coffee and snacks,382,96,250,very spicy,1,0
138,cold coffee and snacks,310,78,250,very spicy,0,0
138,cold coffee and snacks,630,158,250,very spicy,0,0
138,cold coffee and snacks,256,64,250,very spicy,0,0
138,cold coffee and snacks,652,163,250,very spicy,1,1
138,cold coffee and snacks,740,185,250,very spicy,1,1
138,cold coffee and snacks,278,70,250,very spicy,0,0
138,cold coffee and snacks,549,138,250,very spicy,1,0
138,street food cravings,88,22,250,very spicy,0,0
138,street food cravings,690,173,250,very spicy,1,0
138,street food cravings,444,111,250,very spicy,1,1
138,street food cravings,731,183,250,very spicy,0,0
138,street food cravings,211,53,250,very spicy,1,1
138,street food cravings,96,24,250,very spicy,1,0
138,street food cravings,450,113,250,very spicy,1,0
138,street food cravings,643,161,250,very spicy,1,0
138,street food cravings,330,83,250,very spicy,1,0
138,street food cravings,670,168,250,very spicy,0,0
139,quick breakfast idea,389,98,150,mild,0,0
139,quick breakfast idea,451,113,150,mild,0,0
139,quick breakfast idea,542,136,150,mild,1,0
139,quick breakfast idea,140,35,150,mild,1,0
139,quick breakfast idea,280,70,150,mild,1,1
139,quick breakfast idea,665,167,150,mild,0,0
139,quick breakfast idea,168,42,150,mild,1,0
139,quick breakfast idea,797,200,150,mild,1,0
139,quick breakfast idea,408,102,150,mild,1,0
139,quick breakfast idea,402,101,150,mild,1,1
139,sweet dessert to end the meal,646,162,150,mild,0,0
139,sweet dessert to end the meal,796,199,150,mild,1,0
139,sweet dessert to end the meal,496,124,150,mild,0,0
139,sweet dessert to end the meal,111,28,150,mild,1,0
139,sweet dessert to end the meal,286,72,150,mild,1,0
139,sweet dessert to end the meal,748,187,150,mild,0,0
139,sweet dessert to end the meal,337,85,150,mild,1,1
139,sweet dessert to end the meal,532,133,150,mild,0,0
139,sweet dessert to end the meal,761,191,150,mild,1,1
139,sweet dessert to end the meal,204,51,150,mild,1,0
139,quick breakfast idea,615,154,150,mild,1,1
139,quick breakfast idea,626,157,150,mild,1,0
139,quick breakfast idea,63,16,150,mild,1,1
139,quick breakfast idea,250,63,150,mild,1,1
139,quick breakfast idea,317,80,150,mild,1,1
139,quick breakfast idea,643,161,150,mild,1,1
139,quick breakfast idea,697,175,150,mild,0,0
139,quick breakfast idea,667,167,150,mild,1,0
139,quick breakfast idea,106,27,150,mild,1,1
139,quick breakfast idea,441,111,150,mild,0,0
139,cheesy comfort food,324,81,150,mild,0,0
139,cheesy comfort food,10,3,150,mild,1,0
139,cheesy comfort food,209,53,150,mild,0,0
139,cheesy comfort food,158,40,150,mild,1,0
139,cheesy comfort food,223,56,150,mild,0,0
139,cheesy comfort food,356,89,150,mild,0,0
139,cheesy comfort food,279,70,150,mild,0,0
139,cheesy comfort food,746,187,150,mild,0,0
139,cheesy comfort food,136,34,150,mild,0,0
139,cheesy comfort food,352,88,150,mild,1,0
139,mild non spicy food for kids,796,199,150,mild,0,0
139,mild non spicy food for kids,556,139,150,mild,0,0
139,mild non spicy food for kids,296,74,150,mild,1,1
139,mild non spicy food for kids,235,59,150,mild,1,0
139,mild non spicy food for kids,152,38,150,mild,1,0
139,mild non spicy food for kids,726,182,150,mild,1,1
139,mild non spicy food for kids,344,86,150,mild,1,1
139,mild non spicy food for kids,197,50,150,mild,0,0
139,mild non spicy food for kids,189,48,150,mild,0,0
139,mild non spicy food for kids,377,95,150,mild,0,0
139,cheesy comfort food,191,48,150,mild,0,0
139,cheesy comfort food,414,104,150,mild,1,0
139,cheesy comfort food,192,48,150,mild,1,1
139,cheesy comfort food,105,27,150,mild,1,0
139,cheesy comfort food,241,61,150,mild,1,1
139,cheesy comfort food,538,135,150,mild,1,0
139,cheesy comfort food,521,131,150,mild,1,0
139,cheesy comfort food,321,81,150,mild,0,0
139,cheesy comfort food,163,41,150,mild,1,1
139,cheesy comfort food,300,75,150,mild,1,0
139,something spicy and cheap under 200,622,156,150,mild,1,0
139,something spicy and cheap under 200,285,72,150,mild,1,0
139,something spicy and cheap under 200,263,66,150,mild,1,0
139,something spicy and cheap under 200,251,63,150,mild,0,0
139,something spicy and cheap under 200,188,47,150,mild,1,1
139,something spicy and cheap under 200,167,42,150,mild,0,0
139,something spicy and cheap under 200,34,9,150,mild,0,0
139,something spicy and cheap under 200,669,168,150,mild,1,1
139,something spicy and cheap under 200,113,29,150,mild,1,0
139,something spicy and cheap under 200,349,88,150,mild,1,0
139,sweet dessert to end the meal,624,156,150,mild,0,0
139,sweet dessert to end the meal,151,38,150,mild,0,0
139,sweet dessert to end the meal,120,30,150,mild,1,1
139,sweet dessert to end the meal,226,57,150,mild,1,1
139,sweet dessert to end the meal,545,137,150,mild,1,0
139,sweet dessert to end the meal,157,40,150,mild,0,0
139,sweet dessert to end the meal,102,26,150,mild,0,0
139,sweet dessert to end the meal,133,34,150,mild,0,0
139,sweet dessert to end the meal,375,94,150,mild,1,0
139,sweet dessert to end the meal,28,7,150,mild,0,0
140,biryani under 300 rupees,191,48,250,mild,1,1
140,biryani under 300 rupees,262,66,250,mild,1,1
140,biryani under 300 rupees,529,133,250,mild,0,0
140,biryani under 300 rupees,163,41,250,mild,0,0
140,biryani under 300 rupees,760,190,250,mild,1,1
140,biryani under 300 rupees,80,20,250,mild,1,0
140,biryani under 300 rupees,777,195,250,mild,1,0
140,biryani under 300 rupees,620,155,250,mild,1,0
140,biryani under 300 rupees,217,55,250,mild,0,0
140,biryani under 300 rupees,368,92,250,mild,1,0
140,healthy light dinner option,182,46,250,mild,1,0
140,healthy light dinner option,150,38,250,mild,0,0
140,healthy light dinner option,176,44,250,mild,1,1
140,healthy light dinner option,300,75,250,mild,0,0
140,healthy light dinner option,497,125,250,mild,1,0
140,healthy light dinner option,431,108,250,mild,1,0
140,healthy light dinner option,97,25,250,mild,1,0
140,healthy light dinner option,463,116,250,mild,0,0
140,healthy light dinner option,734,184,250,mild,0,0
140,healthy light dinner option,158,40,250,mild,1,1
140,quick breakfast idea,341,86,250,mild,0,0
140,quick breakfast idea,584,146,250,mild,1,0
140,quick breakfast idea,545,137,250,mild,1,0
140,quick breakfast idea,26,7,250,mild,0,0
140,quick breakfast idea,98,25,250,mild,0,0
140,quick breakfast idea,749,188,250,mild,1,1
140,quick breakfast idea,589,148,250,mild,1,1
140,quick breakfast idea,195,49,250,mild,0,0
140,quick breakfast idea,160,40,250,mild,1,1
140,quick breakfast idea,524,131,250,mild,1,0
140,cold coffee and snacks,487,122,250,mild,1,1
140,cold coffee and snacks,60,15,250,mild,1,0
140,cold coffee and snacks,541,136,250,mild,1,0
140,cold coffee and snacks,508,127,250,mild,0,0
140,cold coffee and snacks,206,52,250,mild,1,0
140,cold coffee and snacks,662,166,250,mild,1,0
140,cold coffee and snacks,267,67,250,mild,1,0
140,cold coffee and snacks,208,52,250,mild,0,0
140,cold coffee and snacks,389,98,250,mild,1,1
140,cold coffee and snacks,589,148,250,mild,1,0
140,vegan friendly dinner,613,154,250,mild,0,0
140,vegan friendly dinner,691,173,250,mild,1,1
140,vegan friendly dinner,282,71,250,mild,1,0
140,vegan friendly dinner,469,118,250,mild,1,0
140,vegan friendly dinner,215,54,250,mild,0,0
140,vegan friendly dinner,133,34,250,mild,1,0
140,vegan friendly dinner,340,85,250,mild,1,0
140,vegan friendly dinner,501,126,250,mild,1,1
140,vegan friendly dinner,36,9,250,mild,1,1
140,vegan friendly dinner,538,135,250,mild,1,1
140,cheesy comfort food,451,113,250,mild,1,0
140,cheesy comfort food,107,27,250,mild,1,0
140,cheesy comfort food,634,159,250,mild,1,1
140,cheesy comfort food,241,61,250,mild,1,1
140,cheesy comfort food,494,124,250,mild,1,0
140,cheesy comfort food,714,179,250,mild,1,0
140,cheesy comfort food,7,2,250,mild,0,0
140,cheesy comfort food,312,78,250,mild,1,0
140,cheesy comfort food,462,116,250,mild,1,0
140,cheesy comfort food,497,125,250,mild,1,1
140,street food cravings,779,195,250,mild,0,0
140,street food cravings,332,83,250,mild,0,0
140,street food cravings,457,115,250,mild,1,1
140,street food cravings,357,90,250,mild,0,0
140,street food cravings,145,37,250,mild,1,0
140,street food cravings,19,5,250,mild,1,1
140,street food cravings,331,83,250,mild,1,1
140,street food cravings,752,188,250,mild,0,0
140,street food cravings,448,112,250,mild,1,1
140,street food cravings,503,126,250,mild,1,0
140,healthy light dinner option,477,120,250,mild,1,0
140,healthy light dinner option,399,100,250,mild,0,0
140,healthy light dinner option,584,146,250,mild,0,0
140,healthy light dinner option,46,12,250,mild,1,0
140,healthy light dinner option,747,187,250,mild,1,1
140,healthy light dinner option,252,63,250,mild,1,1
140,healthy light dinner option,753,189,250,mild,0,0
140,healthy light dinner option,25,7,250,mild,1,1
140,healthy light dinner option,684,171,250,mild,1,0
140,healthy light dinner option,720,180,250,mild,1,0
141,quick breakfast idea,410,103,250,medium,1,0
141,quick breakfast idea,140,35,250,medium,1,0
141,quick breakfast idea,557,140,250,medium,1,1
141,quick breakfast idea,38,10,250,medium,1,1
141,quick breakfast idea,423,106,250,medium,1,0
141,quick breakfast idea,141,36,250,medium,1,0
141,quick breakfast idea,484,121,250,medium,1,0
141,quick breakfast idea,400,100,250,medium,0,0
141,quick breakfast idea,699,175,250,medium,1,0
141,quick breakfast idea,244,61,250,medium,1,0
141,mild non spicy food for kids,265,67,250,medium,1,0
141,mild non spicy food for kids,553,139,250,medium,0,0
141,mild non spicy food for kids,41,11,250,medium,1,1
141,mild non spicy food for kids,80,20,250,medium,1,1
141,mild non spicy food for kids,748,187,250,medium,1,0
141,mild non spicy food for kids,58,15,250,medium,1,1
141,mild non spicy food for kids,314,79,250,medium,1,0
141,mild non spicy food for kids,549,138,250,medium,0,0
141,mild non spicy food for kids,164,41,250,medium,1,0
141,mild non spicy food for kids,402,101,250,medium,1,0
141,vegan friendly dinner,206,52,250,medium,1,0
141,vegan friendly dinner,114,29,250,medium,0,0
141,vegan friendly dinner,693,174,250,medium,1,0
141,vegan friendly dinner,632,158,250,medium,0,0
141,vegan friendly dinner,400,100,250,medium,1,0
141,vegan friendly dinner,512,128,250,medium,0,0
141,vegan friendly dinner,788,197,250,medium,1,0
141,vegan friendly dinner,332,83,250,medium,1,0
141,vegan friendly dinner,18,5,250,medium,1,0
141,vegan friendly dinner,1,1,250,medium,1,1
141,street food cravings,758,190,250,medium,1,1
141,street food cravings,577,145,250,medium,0,0
141,street food cravings,429,108,250,medium,1,1
141,street food cravings,800,200,250,medium,1,1
141,street food cravings,624,156,250,medium,1,0
141,street food cravings,108,27,250,medium,1,1
141,street food cravings,183,46,250,medium,1,1
141,street food cravings,236,59,250,medium,0,0
141,street food cravings,755,189,250,medium,0,0
141,street food cravings,730,183,250,medium,1,1
141,quick breakfast idea,335,84,250,medium,1,0
141,quick breakfast idea,752,188,250,medium,0,0
141,quick breakfast idea,490,123,250,medium,1,1
141,quick breakfast idea,681,171,250,medium,0,0
141,quick breakfast idea,524,131,250,medium,1,1
141,quick breakfast idea,534,134,250,medium,1,1
141,quick breakfast idea,357,90,250,medium,1,1
141,quick breakfast idea,738,185,250,medium,0,0
141,quick breakfast idea,723,181,250,medium,1,0
141,quick breakfast idea,157,40,250,medium,0,0
141,street food cravings,749,188,250,medium,1,1
141,street food cravings,678,170,250,medium,1,1
141,street food cravings,405,102,250,medium,1,1
141,street food cravings,164,41,250,medium,1,1
141,street food cravings,504,126,250,medium,0,0
141,street food cravings,417,105,250,medium,1,0
141,street food cravings,616,154,250,medium,1,0
141,street food cravings,508,127,250,medium,1,0
141,street food cravings,474,119,250,medium,1,0
141,street food cravings,379,95,250,medium,1,0
141,quick breakfast idea,16,4,250,medium,1,0
141,quick breakfast idea,172,43,250,medium,0,0
141,quick breakfast idea,511,128,250,medium,1,0
141,quick breakfast idea,113,29,250,medium,1,0
141,quick breakfast idea,326,82,250,medium,1,0
141,quick breakfast idea,15,4,250,medium,1,0
141,quick breakfast idea,229,58,250,medium,1,1
141,quick breakfast idea,5,2,250,medium,1,0
141,quick breakfast idea,597,150,250,medium,1,0
141,quick breakfast idea,629,158,250,medium,0,0
141,sweet dessert to end the meal,785,197,250,medium,1,1
141,sweet dessert to end the meal,110,28,250,medium,1,1
141,sweet dessert to end the meal,693,174,250,medium,1,0
141,sweet dessert to end the meal,17,5,250,medium,1,0
141,sweet dessert to end the meal,21,6,250,medium,1,0
141,sweet dessert to end the meal,592,148,250,medium,0,0
141,sweet dessert to end the meal,419,105,250,medium,1,0
141,sweet dessert to end the meal,239,60,250,medium,1,1
141,sweet dessert to end the meal,66,17,250,medium,1,0
141,sweet dessert to end the meal,499,125,250,medium,1,0
142,something spicy and cheap under 200,131,33,250,spicy,0,0
142,something spicy and cheap under 200,122,31,250,spicy,1,1
142,something spicy and cheap under 200,608,152,250,spicy,1,0
142,something spicy and cheap under 200,562,141,250,spicy,0,0
142,something spicy and cheap under 200,746,187,250,spicy,1,0
142,something spicy and cheap under 200,118,30,250,spicy,1,0
142,something spicy and cheap under 200,58,15,250,spicy,0,0
142,something spicy and cheap under 200,235,59,250,spicy,0,0
142,something spicy and cheap under 200,665,167,250,spicy,0,0
142,something spicy and cheap under 200,346,87,250,spicy,1,0
142,sweet dessert to end the meal,624,156,250,spicy,1,0
142,sweet dessert to end the meal,409,103,250,spicy,1,0
142,sweet dessert to end the meal,263,66,250,spicy,1,1
142,sweet dessert to end the meal,690,173,250,spicy,0,0
142,sweet dessert to end the meal,399,100,250,spicy,0,0
142,sweet dessert to end the meal,260,65,250,spicy,1,0
142,sweet dessert to end the meal,536,134,250,spicy,0,0
142,sweet dessert to end the meal,258,65,250,spicy,1,0
142,sweet dessert to end the meal,487,122,250,spicy,1,1
142,sweet dessert to end the meal,641,161,250,spicy,0,0
142,mild non spicy food for kids,16,4,250,spicy,1,0
142,mild non spicy food for kids,796,199,250,spicy,0,0
142,mild non spicy food for kids,68,17,250,spicy,1,1
142,mild non spicy food for kids,184,46,250,spicy,0,0
142,mild non spicy food for kids,54,14,250,spicy,1,1
142,mild non spicy food for kids,35,9,250,spicy,0,0
142,mild non spicy food for kids,606,152,250,spicy,1,0
142,mild non spicy food for kids,494,124,250,spicy,1,1
142,mild non spicy food for kids,200,50,250,spicy,1,0
142,mild non spicy food for kids,741,186,250,spicy,0,0
142,cold coffee and snacks,572,143,250,spicy,1,1
142,cold coffee and snacks,574,144,250,spicy,1,1
142,cold coffee and snacks,223,56,250,spicy,1,0
142,cold coffee and snacks,595,149,250,spicy,0,0
142,cold coffee and snacks,280,70,250,spicy,1,0
142,cold coffee and snacks,201,51,250,spicy,1,0
142,cold coffee and snacks,318,80,250,spicy,1,0
142,cold coffee and snacks,365,92,250,spicy,0,0
142,cold coffee and snacks,162,41,250,spicy,1,1
142,cold coffee and snacks,113,29,250,spicy,0,0
142,healthy light dinner option,384,96,250,spicy,1,0
142,healthy light dinner option,395,99,250,spicy,1,1
142,healthy light dinner option,227,57,250,spicy,1,0
142,healthy light dinner option,387,97,250,spicy,1,1
142,healthy light dinner option,22,6,250,spicy,1,0
142,healthy light dinner option,484,121,250,spicy,1,0
142,healthy light dinner option,391,98,250,spicy,1,1
142,healthy light dinner option,686,172,250,spicy,1,0
142,healthy light dinner option,673,169,250,spicy,0,0
142,healthy light dinner option,379,95,250,spicy,1,0
142,street food cravings,697,175,250,spicy,1,1
142,street food cravings,110,28,250,spicy,1,1
142,street food cravings,114,29,250,spicy,1,1
142,street food cravings,144,36,250,spicy,1,0
142,street food cravings,1,1,250,spicy,0,0
142,street food cravings,373,94,250,spicy,0,0
142,street food cravings,783,196,250,spicy,1,0
142,street food cravings,294,74,250,spicy,1,0
142,street food cravings,390,98,250,spicy,0,0
142,street food cravings,344,86,250,spicy,1,1
142,cheesy comfort food,763,191,250,spicy,1,0
142,cheesy comfort food,788,197,250,spicy,0,0
142,cheesy comfort food,736,184,250,spicy,1,0
142,cheesy comfort food,769,193,250,spicy,0,0
142,cheesy comfort food,310,78,250,spicy,0,0
142,cheesy comfort food,575,144,250,spicy,0,0
142,cheesy comfort food,107,27,250,spicy,1,0
142,cheesy comfort food,266,67,250,spicy,0,0
142,cheesy comfort food,584,146,250,spicy,0,0
142,cheesy comfort food,4,1,250,spicy,0,0
142,biryani under 300 rupees,241,61,250,spicy,1,1
142,biryani under 300 rupees,712,178,250,spicy,1,0
142,biryani under 300 rupees,493,124,250,spicy,0,0
142,biryani under 300 rupees,43,11,250,spicy,1,0
142,biryani under 300 rupees,388,97,250,spicy,1,0
142,biryani under 300 rupees,399,100,250,spicy,0,0
142,biryani under 300 rupees,5,2,250,spicy,1,0
142,biryani under 300 rupees,297,75,250,spicy,0,0
142,biryani under 300 rupees,571,143,250,spicy,0,0
142,biryani under 300 rupees,202,51,250,spicy,1,0
143,mild non spicy food for kids,315,79,500,spicy,0,0
143,mild non spicy food for kids,679,170,500,spicy,1,1
143,mild non spicy food for kids,686,172,500,spicy,1,0
143,mild non spicy food for kids,118,30,500,spicy,1,0
143,mild non spicy food for kids,77,20,500,spicy,1,0
143,mild non spicy food for kids,95,24,500,spicy,1,1
143,mild non spicy food for kids,45,12,500,spicy,1,0
143,mild non spicy food for kids,768,192,500,spicy,1,1
143,mild non spicy food for kids,587,147,500,spicy,1,0
143,mild non spicy food for kids,761,191,500,spicy,1,0
143,cheesy comfort food,31,8,500,spicy,1,0
143,cheesy comfort food,551,138,500,spicy,1,1
143,cheesy comfort food,434,109,500,spicy,1,1
143,cheesy comfort food,209,53,500,spicy,1,0
143,cheesy comfort food,783,196,500,spicy,1,1
143,cheesy comfort food,82,21,500,spicy,1,1
143,cheesy comfort food,305,77,500,spicy,1,1
143,cheesy comfort food,454,114,500,spicy,1,1
143,cheesy comfort food,370,93,500,spicy,1,0
143,cheesy comfort food,445,112,500,spicy,1,1
143,vegan friendly dinner,208,52,500,spicy,1,0
143,vegan friendly dinner,574,144,500,spicy,1,0
143,vegan friendly dinner,170,43,500,spicy,0,0
143,vegan friendly dinner,746,187,500,spicy,1,0
143,vegan friendly dinner,718,180,500,spicy,1,1
143,vegan friendly dinner,757,190,500,spicy,1,0
143,vegan friendly dinner,725,182,500,spicy,1,1
143,vegan friendly dinner,248,62,500,spicy,1,0
143,vegan friendly dinner,243,61,500,spicy,0,0
143,vegan friendly dinner,47,12,500,spicy,1,0
143,cold coffee and snacks,757,190,500,spicy,1,1
143,cold coffee and snacks,392,98,500,spicy,1,0
143,cold coffee and snacks,561,141,500,spicy,1,0
143,cold coffee and snacks,137,35,500,spicy,1,0
143,cold coffee and snacks,15,4,500,spicy,1,0
143,cold coffee and snacks,116,29,500,spicy,1,0
143,cold coffee and snacks,720,180,500,spicy,1,0
143,cold coffee and snacks,451,113,500,spicy,1,0
143,cold coffee and snacks,437,110,500,spicy,1,1
143,cold coffee and snacks,411,103,500,spicy,1,1
143,cold coffee and snacks,566,142,500,spicy,1,1
143,cold coffee and snacks,349,88,500,spicy,1,0
143,cold coffee and snacks,643,161,500,spicy,1,0
143,cold coffee and snacks,709,178,500,spicy,0,0
143,cold coffee and snacks,719,180,500,spicy,1,1
143,cold coffee and snacks,672,168,500,spicy,1,1
143,cold coffee and snacks,105,27,500,spicy,1,0
143,cold coffee and snacks,742,186,500,spicy,1,1
143,cold coffee and snacks,466,117,500,spicy,1,1
143,cold coffee and snacks,463,116,500,spicy,1,1
143,sweet dessert to end the meal,370,93,500,spicy,1,0
143,sweet dessert to end the meal,588,147,500,spicy,0,0
143,sweet dessert to end the meal,447,112,500,spicy,1,0
143,sweet dessert to end the meal,341,86,500,spicy,1,0
143,sweet dessert to end the meal,2,1,500,spicy,1,0
143,sweet dessert to end the meal,126,32,500,spicy,1,0
143,sweet dessert to end the meal,656,164,500,spicy,1,1
143,sweet dessert to end the meal,79,20,500,spicy,1,0
143,sweet dessert to end the meal,674,169,500,spicy,1,1
143,sweet dessert to end the meal,638,160,500,spicy,0,0
143,biryani under 300 rupees,706,177,500,spicy,1,0
143,biryani under 300 rupees,84,21,500,spicy,0,0
143,biryani under 300 rupees,202,51,500,spicy,1,1
143,biryani under 300 rupees,97,25,500,spicy,1,1
143,biryani under 300 rupees,481,121,500,spicy,1,1
143,biryani under 300 rupees,231,58,500,spicy,1,0
143,biryani under 300 rupees,775,194,500,spicy,1,1
143,biryani under 300 rupees,368,92,500,spicy,1,0
143,biryani under 300 rupees,458,115,500,spicy,1,0
143,biryani under 300 rupees,206,52,500,spicy,1,0
143,street food cravings,214,54,500,spicy,1,0
143,street food cravings,728,182,500,spicy,1,0
143,street food cravings,757,190,500,spicy,0,0
143,street food cravings,317,80,500,spicy,1,0
143,street food cravings,183,46,500,spicy,1,1
143,street food cravings,725,182,500,spicy,1,0
143,street food cravings,740,185,500,spicy,1,0
143,street food cravings,791,198,500,spicy,1,1
143,street food cravings,716,179,500,spicy,1,0
143,street food cravings,719,180,500,spicy,1,1
144,quick breakfast idea,525,132,250,mild,1,0
144,quick breakfast idea,240,60,250,mild,1,0
144,quick breakfast idea,253,64,250,mild,0,0
144,quick breakfast idea,329,83,250,mild,0,0
144,quick breakfast idea,306,77,250,mild,1,1
144,quick breakfast idea,11,3,250,mild,1,0
144,quick breakfast idea,40,10,250,mild,0,0
144,quick breakfast idea,20,5,250,mild,1,0
144,quick breakfast idea,689,173,250,mild,1,1
144,quick breakfast idea,744,186,250,mild,1,1
144,cold coffee and snacks,651,163,250,mild,0,0
144,cold coffee and snacks,302,76,250,mild,1,0
144,cold coffee and snacks,534,134,250,mild,0,0
144,cold coffee and snacks,359,90,250,mild,0,0
144,cold coffee and snacks,683,171,250,mild,1,1
144,cold coffee and snacks,442,111,250,mild,1,1
144,cold coffee and snacks,131,33,250,mild,1,0
144,cold coffee and snacks,491,123,250,mild,1,1
144,cold coffee and snacks,443,111,250,mild,1,0
144,cold coffee and snacks,572,143,250,mild,1,1
144,biryani under 300 rupees,791,198,250,mild,0,0
144,biryani under 300 rupees,163,41,250,mild,1,1
144,biryani under 300 rupees,578,145,250,mild,1,1
144,biryani under 300 rupees,626,157,250,mild,1,1
144,biryani under 300 rupees,277,70,250,mild,1,1
144,biryani under 300 rupees,5,2,250,mild,0,0
144,biryani under 300 rupees,521,131,250,mild,1,0
144,biryani under 300 rupees,677,170,250,mild,1,0
144,biryani under 300 rupees,124,31,250,mild,1,0
144,biryani under 300 rupees,343,86,250,mild,1,0
144,sweet dessert to end the meal,225,57,250,mild,1,0
144,sweet dessert to end the meal,21,6,250,mild,1,0
144,sweet dessert to end the meal,236,59,250,mild,1,0
144,sweet dessert to end the meal,516,129,250,mild,1,0
144,sweet dessert to end the meal,702,176,250,mild,0,0
144,sweet dessert to end the meal,426,107,250,mild,0,0
144,sweet dessert to end the meal,99,25,250,mild,1,1
144,sweet dessert to end the meal,476,119,250,mild,1,0
144,sweet dessert to end the meal,535,134,250,mild,1,1
144,sweet dessert to end the meal,483,121,250,mild,0,0
144,biryani under 300 rupees,797,200,250,mild,1,1
144,biryani under 300 rupees,133,34,250,mild,1,0
144,biryani under 300 rupees,589,148,250,mild,1,1
144,biryani under 300 rupees,274,69,250,mild,1,1
144,biryani under 300 rupees,739,185,250,mild,0,0
144,biryani under 300 rupees,682,171,250,mild,1,1
144,biryani under 300 rupees,561,141,250,mild,1,1
144,biryani under 300 rupees,464,116,250,mild,1,1
144,biryani under 300 rupees,683,171,250,mild,1,0
144,biryani under 300 rupees,154,39,250,mild,1,0
144,cheesy comfort food,82,21,250,mild,1,0
144,cheesy comfort food,56,14,250,mild,0,0
144,cheesy comfort food,599,150,250,mild,0,0
144,cheesy comfort food,429,108,250,mild,1,0
144,cheesy comfort food,99,25,250,mild,0,0
144,cheesy comfort food,264,66,250,mild,1,0
144,cheesy comfort food,779,195,250,mild,1,0
144,cheesy comfort food,142,36,250,mild,1,1
144,cheesy comfort food,413,104,250,mild,0,0
144,cheesy comfort food,369,93,250,mild,1,0
144,sweet dessert to end the meal,280,70,250,mild,1,1
144,sweet dessert to end the meal,121,31,250,mild,0,0
144,sweet dessert to end the meal,422,106,250,mild,0,0
144,sweet dessert to end the meal,383,96,250,mild,1,0
144,sweet dessert to end the meal,416,104,250,mild,1,1
144,sweet dessert to end the meal,478,120,250,mild,0,0
144,sweet dessert to end the meal,349,88,250,mild,1,0
144,sweet dessert to end the meal,519,130,250,mild,1,0
144,sweet dessert to end the meal,91,23,250,mild,1,0
144,sweet dessert to end the meal,55,14,250,mild,1,0
144,healthy light dinner option,727,182,250,mild,0,0
144,healthy light dinner option,335,84,250,mild,1,1
144,healthy light dinner option,398,100,250,mild,0,0
144,healthy light dinner option,235,59,250,mild,1,0
144,healthy light dinner option,480,120,250,mild,1,1
144,healthy light dinner option,258,65,250,mild,1,1
144,healthy light dinner option,778,195,250,mild,1,0
144,healthy light dinner option,261,66,250,mild,1,0
144,healthy light dinner option,255,64,250,mild,0,0
144,healthy light dinner option,374,94,250,mild,1,1
145,cold coffee and snacks,477,120,350,mild,1,1
145,cold coffee and snacks,560,140,350,mild,1,0
145,cold coffee and snacks,792,198,350,mild,1,1
145,cold coffee and snacks,374,94,350,mild,1,0
145,cold coffee and snacks,795,199,350,mild,1,0
145,cold coffee and snacks,554,139,350,mild,0,0
145,cold coffee and snacks,518,130,350,mild,1,0
145,cold coffee and snacks,583,146,350,mild,0,0
145,cold coffee and snacks,435,109,350,mild,1,0
145,cold coffee and snacks,242,61,350,mild,1,1
145,vegan friendly dinner,499,125,350,mild,0,0
145,vegan friendly dinner,705,177,350,mild,0,0
145,vegan friendly dinner,18,5,350,mild,1,0
145,vegan friendly dinner,600,150,350,mild,1,0
145,vegan friendly dinner,411,103,350,mild,0,0
145,vegan friendly dinner,358,90,350,mild,1,0
145,vegan friendly dinner,726,182,350,mild,1,1
145,vegan friendly dinner,529,133,350,mild,1,1
145,vegan friendly dinner,375,94,350,mild,1,1
145,vegan friendly dinner,449,113,350,mild,0,0
145,street food cravings,405,102,350,mild,1,1
145,street food cravings,644,161,350,mild,1,1
145,street food cravings,781,196,350,mild,1,0
145,street food cravings,169,43,350,mild,1,0
145,street food cravings,219,55,350,mild,1,1
145,street food cravings,28,7,350,mild,1,0
145,street food cravings,512,128,350,mild,0,0
145,street food cravings,125,32,350,mild,1,1
145,street food cravings,609,153,350,mild,1,1
145,street food cravings,479,120,350,mild,1,1
145,cold coffee and snacks,441,111,350,mild,1,1
145,cold coffee and snacks,101,26,350,mild,1,0
145,cold coffee and snacks,485,122,350,mild,1,1
145,cold coffee and snacks,287,72,350,mild,1,1
145,cold coffee and snacks,158,40,350,mild,1,0
145,cold coffee and snacks,279,70,350,mild,1,0
145,cold coffee and snacks,13,4,350,mild,1,1
145,cold coffee and snacks,478,120,350,mild,1,0
145,cold coffee and snacks,430,108,350,mild,1,0
145,cold coffee and snacks,518,130,350,mild,0,0
145,street food cravings,581,146,350,mild,1,1
145,street food cravings,692,173,350,mild,1,1
145,street food cravings,489,123,350,mild,1,0
145,street food cravings,197,50,350,mild,1,1
145,street food cravings,181,46,350,mild,1,0
145,street food cravings,518,130,350,mild,1,0
145,street food cravings,37,10,350,mild,1,1
145,street food cravings,220,55,350,mild,1,0
145,street food cravings,403,101,350,mild,1,0
145,street food cravings,790,198,350,mild,1,0
145,biryani under 300 rupees,320,80,350,mild,1,0
145,biryani under 300 rupees,451,113,350,mild,1,0
145,biryani under 300 rupees,359,90,350,mild,1,0
145,biryani under 300 rupees,490,123,350,mild,1,0
145,biryani under 300 rupees,271,68,350,mild,1,0
145,biryani under 300 rupees,186,47,350,mild,1,0
145,biryani under 300 rupees,1,1,350,mild,1,0
145,biryani under 300 rupees,103,26,350,mild,1,1
145,biryani under 300 rupees,229,58,350,mild,1,1
145,biryani under 300 rupees,42,11,350,mild,1,1
145,cold coffee and snacks,374,94,350,mild,1,1
145,cold coffee and snacks,205,52,350,mild,1,1
145,cold coffee and snacks,514,129,350,mild,0,0
145,cold coffee and snacks,302,76,350,mild,1,1
145,cold coffee and snacks,489,123,350,mild,1,0
145,cold coffee and snacks,520,130,350,mild,0,0
145,cold coffee and snacks,385,97,350,mild,0,0
145,cold coffee and snacks,331,83,350,mild,1,0
145,cold coffee and snacks,573,144,350,mild,0,0
145,cold coffee and snacks,247,62,350,mild,1,1
145,biryani under 300 rupees,548,137,350,mild,0,0
145,biryani under 300 rupees,509,128,350,mild,1,1
145,biryani under 300 rupees,482,121,350,mild,1,1
145,biryani under 300 rupees,286,72,350,mild,0,0
145,biryani under 300 rupees,83,21,350,mild,0,0
145,biryani under 300 rupees,723,181,350,mild,0,0
145,biryani under 300 rupees,511,128,350,mild,0,0
145,biryani under 300 rupees,276,69,350,mild,1,1
145,biryani under 300 rupees,335,84,350,mild,0,0
145,biryani under 300 rupees,410,103,350,mild,0,0
146,sweet dessert to end the meal,179,45,350,very spicy,1,0
146,sweet dessert to end the meal,497,125,350,very spicy,1,0
146,sweet dessert to end the meal,160,40,350,very spicy,0,0
146,sweet dessert to end the meal,155,39,350,very spicy,1,0
146,sweet dessert to end the meal,469,118,350,very spicy,1,0
146,sweet dessert to end the meal,39,10,350,very spicy,1,1
146,sweet dessert to end the meal,328,82,350,very spicy,1,0
146,sweet dessert to end the meal,510,128,350,very spicy,0,0
146,sweet dessert to end the meal,401,101,350,very spicy,1,0
146,sweet dessert to end the meal,409,103,350,very spicy,1,1
146,something spicy and cheap under 200,216,54,350,very spicy,1,1
146,something spicy and cheap under 200,551,138,350,very spicy,1,0
146,something spicy and cheap under 200,355,89,350,very spicy,1,1
146,something spicy and cheap under 200,773,194,350,very spicy,1,0
146,something spicy and cheap under 200,639,160,350,very spicy,0,0
146,something spicy and cheap under 200,317,80,350,very spicy,0,0
146,something spicy and cheap under 200,643,161,350,very spicy,1,0
146,something spicy and cheap under 200,344,86,350,very spicy,1,0
146,something spicy and cheap under 200,420,105,350,very spicy,1,0
146,something spicy and cheap under 200,629,158,350,very spicy,1,0
146,cold coffee and snacks,100,25,350,very spicy,1,0
146,cold coffee and snacks,135,34,350,very spicy,0,0
146,cold coffee and snacks,270,68,350,very spicy,1,1
146,cold coffee and snacks,174,44,350,very spicy,1,0
146,cold coffee and snacks,734,184,350,very spicy,1,1
146,cold coffee and snacks,647,162,350,very spicy,1,0
146,cold coffee and snacks,229,58,350,very spicy,1,0
146,cold coffee and snacks,4,1,350,very spicy,1,1
146,cold coffee and snacks,367,92,350,very spicy,1,0
146,cold coffee and snacks,681,171,350,very spicy,1,0
146,sweet dessert to end the meal,659,165,350,very spicy,1,0
146,sweet dessert to end the meal,205,52,350,very spicy,1,1
146,sweet dessert to end the meal,164,41,350,very spicy,1,0
146,sweet dessert to end the meal,551,138,350,very spicy,0,0
146,sweet dessert to end the meal,111,28,350,very spicy,1,0
146,sweet dessert to end the meal,771,193,350,very spicy,1,0
146,sweet dessert to end the meal,113,29,350,very spicy,1,0
146,sweet dessert to end the meal,124,31,350,very spicy,1,0
146,sweet dessert to end the meal,558,140,350,very spicy,1,1
146,sweet dessert to end the meal,776,194,350,very spicy,1,1
146,healthy light dinner option,237,60,350,very spicy,0,0
146,healthy light dinner option,119,30,350,very spicy,0,0
146,healthy light dinner option,121,31,350,very spicy,0,0
146,healthy light dinner option,352,88,350,very spicy,0,0
146,healthy light dinner option,593,149,350,very spicy,1,0
146,healthy light dinner option,194,49,350,very spicy,0,0
146,healthy light dinner option,21,6,350,very spicy,1,0
146,healthy light dinner option,741,186,350,very spicy,1,1
146,healthy light dinner option,375,94,350,very spicy,1,1
146,healthy light dinner option,111,28,350,very spicy,1,0
146,healthy light dinner option,382,96,350,very spicy,1,0
146,healthy light dinner option,361,91,350,very spicy,1,1
146,healthy light dinner option,375,94,350,very spicy,1,0
146,healthy light dinner option,134,34,350,very spicy,0,0
146,healthy light dinner option,36,9,350,very spicy,1,0
146,healthy light dinner option,300,75,350,very spicy,1,0
146,healthy light dinner option,406,102,350,very spicy,0,0
146,healthy light dinner option,146,37,350,very spicy,1,0
146,healthy light dinner option,779,195,350,very spicy,0,0
146,healthy light dinner option,669,168,350,very spicy,1,1
146,mild non spicy food for kids,576,144,350,very spicy,1,0
146,mild non spicy food for kids,34,9,350,very spicy,1,0
146,mild non spicy food for kids,338,85,350,very spicy,1,1
146,mild non spicy food for kids,525,132,350,very spicy,0,0
146,mild non spicy food for kids,152,38,350,very spicy,0,0
146,mild non spicy food for kids,713,179,350,very spicy,0,0
146,mild non spicy food for kids,589,148,350,very spicy,0,0
146,mild non spicy food for kids,463,116,350,very spicy,1,1
146,mild non spicy food for kids,194,49,350,very spicy,0,0
146,mild non spicy food for kids,614,154,350,very spicy,0,0
146,mild non spicy food for kids,774,194,350,very spicy,0,0
146,mild non spicy food for kids,621,156,350,very spicy,1,1
146,mild non spicy food for kids,751,188,350,very spicy,1,1
146,mild non spicy food for kids,29,8,350,very spicy,0,0
146,mild non spicy food for kids,222,56,350,very spicy,1,1
146,mild non spicy food for kids,441,111,350,very spicy,1,1
146,mild non spicy food for kids,392,98,350,very spicy,1,1
146,mild non spicy food for kids,121,31,350,very spicy,0,0
146,mild non spicy food for kids,137,35,350,very spicy,1,0
146,mild non spicy food for kids,377,95,350,very spicy,1,1
147,quick breakfast idea,386,97,350,mild,1,0
147,quick breakfast idea,94,24,350,mild,1,0
147,quick breakfast idea,162,41,350,mild,1,1
147,quick breakfast idea,752,188,350,mild,1,1
147,quick breakfast idea,486,122,350,mild,1,0
147,quick breakfast idea,258,65,350,mild,1,0
147,quick breakfast idea,249,63,350,mild,0,0
147,quick breakfast idea,321,81,350,mild,1,0
147,quick breakfast idea,704,176,350,mild,1,0
147,quick breakfast idea,595,149,350,mild,1,1
147,healthy light dinner option,635,159,350,mild,1,1
147,healthy light dinner option,378,95,350,mild,1,0
147,healthy light dinner option,179,45,350,mild,1,0
147,healthy light dinner option,530,133,350,mild,1,1
147,healthy light dinner option,431,108,350,mild,1,1
147,healthy light dinner option,273,69,350,mild,1,0
147,healthy light dinner option,147,37,350,mild,1,0
147,healthy light dinner option,747,187,350,mild,0,0
147,healthy light dinner option,56,14,350,mild,1,0
147,healthy light dinner option,239,60,350,mild,1,0
147,vegan friendly dinner,642,161,350,mild,0,0
147,vegan friendly dinner,431,108,350,mild,1,0
147,vegan friendly dinner,82,21,350,mild,1,1
147,vegan friendly dinner,725,182,350,mild,1,1
147,vegan friendly dinner,507,127,350,mild,1,0
147,vegan friendly dinner,466,117,350,mild,1,1
147,vegan friendly dinner,683,171,350,mild,1,0
147,vegan friendly dinner,244,61,350,mild,1,1
147,vegan friendly dinner,310,78,350,mild,1,0
147,vegan friendly dinner,258,65,350,mild,0,0
147,mild non spicy food for kids,435,109,350,mild,0,0
147,mild non spicy food for kids,139,35,350,mild,1,0
147,mild non spicy food for kids,487,122,350,mild,1,0
147,mild non spicy food for kids,499,125,350,mild,0,0
147,mild non spicy food for kids,124,31,350,mild,1,0
147,mild non spicy food for kids,484,121,350,mild,0,0
147,mild non spicy food for kids,367,92,350,mild,0,0
147,mild non spicy food for kids,137,35,350,mild,1,1
147,mild non spicy food for kids,755,189,350,mild,1,0
147,mild non spicy food for kids,727,182,350,mild,1,0
147,vegan friendly dinner,512,128,350,mild,0,0
147,vegan friendly dinner,704,176,350,mild,1,1
147,vegan friendly dinner,749,188,350,mild,1,0
147,vegan friendly dinner,163,41,350,mild,1,0
147,vegan friendly dinner,30,8,350,mild,1,1
147,vegan friendly dinner,116,29,350,mild,1,1
147,vegan friendly dinner,236,59,350,mild,1,0
147,vegan friendly dinner,36,9,350,mild,1,1
147,vegan friendly dinner,315,79,350,mild,0,0
147,vegan friendly dinner,448,112,350,mild,1,0
147,vegan friendly dinner,587,147,350,mild,1,0
147,vegan friendly dinner,741,186,350,mild,0,0
147,vegan friendly dinner,137,35,350,mild,1,0
147,vegan friendly dinner,531,133,350,mild,1,0
147,vegan friendly dinner,591,148,350,mild,1,1
147,vegan friendly dinner,521,131,350,mild,1,1
147,vegan friendly dinner,208,52,350,mild,1,1
147,vegan friendly dinner,520,130,350,mild,0,0
147,vegan friendly dinner,383,96,350,mild,0,0
147,vegan friendly dinner,568,142,350,mild,1,1
147,sweet dessert to end the meal,423,106,350,mild,0,0
147,sweet dessert to end the meal,154,39,350,mild,1,0
147,sweet dessert to end the meal,699,175,350,mild,1,1
147,sweet dessert to end the meal,559,140,350,mild,1,1
147,sweet dessert to end the meal,256,64,350,mild,1,1
147,sweet dessert to end the meal,290,73,350,mild,1,1
147,sweet dessert to end the meal,332,83,350,mild,1,1
147,sweet dessert to end the meal,560,140,350,mild,1,0
147,sweet dessert to end the meal,259,65,350,mild,0,0
147,sweet dessert to end the meal,126,32,350,mild,1,1
147,sweet dessert to end the meal,789,198,350,mild,0,0
147,sweet dessert to end the meal,308,77,350,mild,0,0
147,sweet dessert to end the meal,72,18,350,mild,1,1
147,sweet dessert to end the meal,690,173,350,mild,1,1
147,sweet dessert to end the meal,91,23,350,mild,1,0
147,sweet dessert to end the meal,538,135,350,mild,1,0
147,sweet dessert to end the meal,319,80,350,mild,1,0
147,sweet dessert to end the meal,752,188,350,mild,0,0
147,sweet dessert to end the meal,711,178,350,mild,0,0
147,sweet dessert to end the meal,674,169,350,mild,1,1
148,something spicy and cheap under 200,617,155,350,medium,1,1
148,something spicy and cheap under 200,501,126,350,medium,1,0
148,something spicy and cheap under 200,166,42,350,medium,1,1
148,something spicy and cheap under 200,506,127,350,medium,1,1
148,something spicy and cheap under 200,378,95,350,medium,0,0
148,something spicy and cheap under 200,470,118,350,medium,1,1
148,something spicy and cheap under 200,638,160,350,medium,1,1
148,something spicy and cheap under 200,191,48,350,medium,1,0
148,something spicy and cheap under 200,517,130,350,medium,1,0
148,something spicy and cheap under 200,339,85,350,medium,1,0
148,sweet dessert to end the meal,764,191,350,medium,1,0
148,sweet dessert to end the meal,654,164,350,medium,1,1
148,sweet dessert to end the meal,113,29,350,medium,0,0
148,sweet dessert to end the meal,729,183,350,medium,0,0
148,sweet dessert to end the meal,207,52,350,medium,1,1
148,sweet dessert to end the meal,40,10,350,medium,0,0
148,sweet dessert to end the meal,404,101,350,medium,1,0
148,sweet dessert to end the meal,439,110,350,medium,1,1
148,sweet dessert to end the meal,772,193,350,medium,1,0
148,sweet dessert to end the meal,670,168,350,medium,1,1
148,biryani under 300 rupees,163,41,350,medium,1,0
148,biryani under 300 rupees,461,116,350,medium,1,0
148,biryani under 300 rupees,727,182,350,medium,1,0
148,biryani under 300 rupees,256,64,350,medium,1,1
148,biryani under 300 rupees,336,84,350,medium,1,0
148,biryani under 300 rupees,116,29,350,medium,0,0
148,biryani under 300 rupees,230,58,350,medium,1,0
148,biryani under 300 rupees,484,121,350,medium,1,0
148,biryani under 300 rupees,317,80,350,medium,1,1
148,biryani under 300 rupees,475,119,350,medium,1,0
148,street food cravings,496,124,350,medium,1,0
148,street food cravings,119,30,350,medium,1,0
148,street food cravings,248,62,350,medium,1,0
148,street food cravings,733,184,350,medium,1,1
148,street food cravings,281,71,350,medium,1,0
148,street food cravings,214,54,350,medium,0,0
148,street food cravings,526,132,350,medium,1,1
148,street food cravings,517,130,350,medium,1,0
148,street food cravings,315,79,350,medium,1,0
148,street food cravings,51,13,350,medium,0,0
148,something spicy and cheap under 200,251,63,350,medium,0,0
148,something spicy and cheap under 200,512,128,350,medium,0,0
148,something spicy and cheap under 200,518,130,350,medium,0,0
148,something spicy and cheap under 200,438,110,350,medium,1,0
148,something spicy and cheap under 200,626,157,350,medium,1,0
148,something spicy and cheap under 200,167,42,350,medium,1,1
148,something spicy and cheap under 200,795,199,350,medium,1,1
148,something spicy and cheap under 200,155,39,350,medium,1,0
148,something spicy and cheap under 200,339,85,350,medium,1,1
148,something spicy and cheap under 200,457,115,350,medium,1,0
148,mild non spicy food for kids,13,4,350,medium,1,0
148,mild non spicy food for kids,294,74,350,medium,1,0
148,mild non spicy food for kids,655,164,350,medium,1,1
148,mild non spicy food for kids,305,77,350,medium,1,0
148,mild non spicy food for kids,621,156,350,medium,0,0
148,mild non spicy food for kids,706,177,350,medium,0,0
148,mild non spicy food for kids,783,196,350,medium,1,1
148,mild non spicy food for kids,581,146,350,medium,0,0
148,mild non spicy food for kids,707,177,350,medium,0,0
148,mild non spicy food for kids,560,140,350,medium,1,0
148,cheesy comfort food,477,120,350,medium,1,0
148,cheesy comfort food,531,133,350,medium,0,0
148,cheesy comfort food,515,129,350,medium,1,0
148,cheesy comfort food,183,46,350,medium,1,1
148,cheesy comfort food,116,29,350,medium,0,0
148,cheesy comfort food,505,127,350,medium,1,1
148,cheesy comfort food,31,8,350,medium,1,0
148,cheesy comfort food,301,76,350,medium,1,0
148,cheesy comfort food,354,89,350,medium,1,0
148,cheesy comfort food,267,67,350,medium,1,0
148,quick breakfast idea,505,127,350,medium,1,0
148,quick breakfast idea,291,73,350,medium,1,0
148,quick breakfast idea,780,195,350,medium,1,0
148,quick breakfast idea,588,147,350,medium,1,1
148,quick breakfast idea,55,14,350,medium,1,1
148,quick breakfast idea,763,191,350,medium,1,1
148,quick breakfast idea,384,96,350,medium,1,0
148,quick breakfast idea,300,75,350,medium,1,0
148,quick breakfast idea,200,50,350,medium,1,0
148,quick breakfast idea,34,9,350,medium,1,0
149,quick breakfast idea,283,71,500,medium,0,0
149,quick breakfast idea,447,112,500,medium,1,1
149,quick breakfast idea,747,187,500,medium,1,1
149,quick breakfast idea,39,10,500,medium,0,0
149,quick breakfast idea,294,74,500,medium,0,0
149,quick breakfast idea,514,129,500,medium,1,0
149,quick breakfast idea,207,52,500,medium,1,0
149,quick breakfast idea,743,186,500,medium,0,0
149,quick breakfast idea,391,98,500,medium,1,0
149,quick breakfast idea,441,111,500,medium,1,1
149,street food cravings,209,53,500,medium,1,0
149,street food cravings,462,116,500,medium,1,0
149,street food cravings,627,157,500,medium,1,1
149,street food cravings,243,61,500,medium,1,1
149,street food cravings,369,93,500,medium,1,0
149,street food cravings,68,17,500,medium,0,0
149,street food cravings,740,185,500,medium,1,0
149,street food cravings,505,127,500,medium,1,1
149,street food cravings,635,159,500,medium,1,0
149,street food cravings,720,180,500,medium,1,1
149,cold coffee and snacks,478,120,500,medium,0,0
149,cold coffee and snacks,37,10,500,medium,0,0
149,cold coffee and snacks,473,119,500,medium,0,0
149,cold coffee and snacks,613,154,500,medium,1,0
149,cold coffee and snacks,540,135,500,medium,1,1
149,cold coffee and snacks,188,47,500,medium,0,0
149,cold coffee and snacks,310,78,500,medium,1,0
149,cold coffee and snacks,392,98,500,medium,1,1
149,cold coffee and snacks,738,185,500,medium,1,0
149,cold coffee and snacks,250,63,500,medium,1,1
149,cold coffee and snacks,287,72,500,medium,1,0
149,cold coffee and snacks,6,2,500,medium,0,0
149,cold coffee and snacks,456,114,500,medium,1,1
149,cold coffee and snacks,704,176,500,medium,1,1
149,cold coffee and snacks,590,148,500,medium,1,0
149,cold coffee and snacks,700,175,500,medium,1,0
149,cold coffee and snacks,319,80,500,medium,1,1
149,cold coffee and snacks,27,7,500,medium,1,0
149,cold coffee and snacks,302,76,500,medium,1,1
149,cold coffee and snacks,479,120,500,medium,1,1
149,healthy light dinner option,327,82,500,medium,1,0
149,healthy light dinner option,376,94,500,medium,1,0
149,healthy light dinner option,556,139,500,medium,1,1
149,healthy light dinner option,524,131,500,medium,1,1
149,healthy light dinner option,643,161,500,medium,1,1
149,healthy light dinner option,793,199,500,medium,1,0
149,healthy light dinner option,355,89,500,medium,1,0
149,healthy light dinner option,57,15,500,medium,1,0
149,healthy light dinner option,266,67,500,medium,1,0
149,healthy light dinner option,431,108,500,medium,1,0
149,quick breakfast idea,295,74,500,medium,0,0
149,quick breakfast idea,499,125,500,medium,1,1
149,quick breakfast idea,707,177,500,medium,1,0
149,quick breakfast idea,605,152,500,medium,1,1
149,quick breakfast idea,331,83,500,medium,1,1
149,quick breakfast idea,231,58,500,medium,1,1
149,quick breakfast idea,527,132,500,medium,1,0
149,quick breakfast idea,262,66,500,medium,1,1
149,quick breakfast idea,550,138,500,medium,1,1
149,quick breakfast idea,552,138,500,medium,1,0
149,biryani under 300 rupees,369,93,500,medium,1,0
149,biryani under 300 rupees,708,177,500,medium,0,0
149,biryani under 300 rupees,630,158,500,medium,1,1
149,biryani under 300 rupees,635,159,500,medium,1,0
149,biryani under 300 rupees,309,78,500,medium,1,1
149,biryani under 300 rupees,485,122,500,medium,0,0
149,biryani under 300 rupees,677,170,500,medium,1,1
149,biryani under 300 rupees,128,32,500,medium,1,0
149,biryani under 300 rupees,297,75,500,medium,1,0
149,biryani under 300 rupees,362,91,500,medium,1,0
149,cold coffee and snacks,499,125,500,medium,1,0
149,cold coffee and snacks,87,22,500,medium,1,0
149,cold coffee and snacks,397,100,500,medium,1,0
149,cold coffee and snacks,393,99,500,medium,1,0
149,cold coffee and snacks,701,176,500,medium,0,0
149,cold coffee and snacks,607,152,500,medium,1,0
149,cold coffee and snacks,222,56,500,medium,1,0
149,cold coffee and snacks,760,190,500,medium,1,1
149,cold coffee and snacks,410,103,500,medium,1,0
149,cold coffee and snacks,544,136,500,medium,1,1
150,cheesy comfort food,396,99,350,mild,0,0
150,cheesy comfort food,496,124,350,mild,1,1
150,cheesy comfort food,609,153,350,mild,1,0
150,cheesy comfort food,97,25,350,mild,0,0
150,cheesy comfort food,528,132,350,mild,1,1
150,cheesy comfort food,297,75,350,mild,1,0
150,cheesy comfort food,265,67,350,mild,0,0
150,cheesy comfort food,35,9,350,mild,1,0
150,cheesy comfort food,400,100,350,mild,1,1
150,cheesy comfort food,615,154,350,mild,1,0
150,cheesy comfort food,182,46,350,mild,1,1
150,cheesy comfort food,366,92,350,mild,0,0
150,cheesy comfort food,399,100,350,mild,1,0
150,cheesy comfort food,539,135,350,mild,1,0
150,cheesy comfort food,203,51,350,mild,1,1
150,cheesy comfort food,447,112,350,mild,1,0
150,cheesy comfort food,90,23,350,mild,1,0
150,cheesy comfort food,712,178,350,mild,0,0
150,cheesy comfort food,425,107,350,mild,1,0
150,cheesy comfort food,508,127,350,mild,0,0
150,something spicy and cheap under 200,199,50,350,mild,1,1
150,something spicy and cheap under 200,190,48,350,mild,1,1
150,something spicy and cheap under 200,540,135,350,mild,1,0
150,something spicy and cheap under 200,200,50,350,mild,1,0
150,something spicy and cheap under 200,554,139,350,mild,0,0
150,something spicy and cheap under 200,558,140,350,mild,1,0
150,something spicy and cheap under 200,641,161,350,mild,1,1
150,something spicy and cheap under 200,311,78,350,mild,1,1
150,something spicy and cheap under 200,698,175,350,mild,1,1
150,something spicy and cheap under 200,104,26,350,mild,1,0
150,vegan friendly dinner,626,157,350,mild,1,0
150,vegan friendly dinner,654,164,350,mild,1,0
150,vegan friendly dinner,692,173,350,mild,1,1
150,vegan friendly dinner,218,55,350,mild,0,0
150,vegan friendly dinner,572,143,350,mild,1,1
150,vegan friendly dinner,576,144,350,mild,1,0
150,vegan friendly dinner,487,122,350,mild,1,1
150,vegan friendly dinner,453,114,350,mild,1,0
150,vegan friendly dinner,439,110,350,mild,1,0
150,vegan friendly dinner,287,72,350,mild,1,0
150,quick breakfast idea,322,81,350,mild,1,1
150,quick breakfast idea,216,54,350,mild,1,0
150,quick breakfast idea,7,2,350,mild,0,0
150,quick breakfast idea,136,34,350,mild,1,1
150,quick breakfast idea,100,25,350,mild,1,1
150,quick breakfast idea,542,136,350,mild,1,1
150,quick breakfast idea,745,187,350,mild,0,0
150,quick breakfast idea,549,138,350,mild,1,1
150,quick breakfast idea,406,102,350,mild,1,1
150,quick breakfast idea,711,178,350,mild,1,0
150,biryani under 300 rupees,117,30,350,mild,1,1
150,biryani under 300 rupees,26,7,350,mild,1,0
150,biryani under 300 rupees,263,66,350,mild,0,0
150,biryani under 300 rupees,315,79,350,mild,1,0
150,biryani under 300 rupees,414,104,350,mild,1,1
150,biryani under 300 rupees,145,37,350,mild,1,0
150,biryani under 300 rupees,595,149,350,mild,1,0
150,biryani under 300 rupees,676,169,350,mild,0,0
150,biryani under 300 rupees,668,167,350,mild,1,1
150,biryani under 300 rupees,778,195,350,mild,1,1
150,biryani under 300 rupees,176,44,350,mild,0,0
150,biryani under 300 rupees,320,80,350,mild,1,1
150,biryani under 300 rupees,482,121,350,mild,0,0
150,biryani under 300 rupees,591,148,350,mild,1,0
150,biryani under 300 rupees,648,162,350,mild,1,1
150,biryani under 300 rupees,174,44,350,mild,0,0
150,biryani under 300 rupees,285,72,350,mild,0,0
150,biryani under 300 rupees,604,151,350,mild,1,0
150,biryani under 300 rupees,49,13,350,mild,1,1
150,biryani under 300 rupees,151,38,350,mild,1,0
150,mild non spicy food for kids,532,133,350,mild,1,1
150,mild non spicy food for kids,645,162,350,mild,1,0
150,mild non spicy food for kids,44,11,350,mild,1,1
150,mild non spicy food for kids,325,82,350,mild,0,0
150,mild non spicy food for kids,392,98,350,mild,1,1
150,mild non spicy food for kids,93,24,350,mild,1,0
150,mild non spicy food for kids,506,127,350,mild,1,0
150,mild non spicy food for kids,9,3,350,mild,0,0
150,mild non spicy food for kids,147,37,350,mild,1,0
150,mild non spicy food for kids,526,132,350,mild,0,0
